2026-07-20T20:30:21: /Users/aicommander/CascadeProjects/toolcalc/scripts/seo/.venv/lib/python3.9/site-packages/urllib3/__init__.py:35: NotOpenSSLWarning: urllib3 v2 only supports OpenSSL 1.1.1+, currently the 'ssl' module is compiled with 'LibreSSL 2.8.3'. See: https://github.com/urllib3/urllib3/issues/3020
2026-07-20T20:30:21:   warnings.warn(
2026-07-20T20:44:10: /Users/aicommander/CascadeProjects/toolcalc/scripts/seo/.venv/lib/python3.9/site-packages/urllib3/__init__.py:35: NotOpenSSLWarning: urllib3 v2 only supports OpenSSL 1.1.1+, currently the 'ssl' module is compiled with 'LibreSSL 2.8.3'. See: https://github.com/urllib3/urllib3/issues/3020
2026-07-20T20:44:11:   warnings.warn(
2026-07-20T20:44:21: 2026-07-20 20:44:21,821 (__init__.py:1241 MainThread) ERROR - TeleBot: "Threaded polling exception: A request to the Telegram API was unsuccessful. Error code: 409. Description: Conflict: terminated by other getUpdates request; make sure that only one bot instance is running"
2026-07-20T20:44:21: 2026-07-20 20:44:21,821 (__init__.py:1243 MainThread) ERROR - TeleBot: "Exception traceback:
2026-07-20T20:44:21: Traceback (most recent call last):
2026-07-20T20:44:21:   File "/Users/aicommander/CascadeProjects/toolcalc/scripts/seo/.venv/lib/python3.9/site-packages/telebot/__init__.py", line 1234, in __threaded_polling
2026-07-20T20:44:21:     polling_thread.raise_exceptions()
2026-07-20T20:44:21:   File "/Users/aicommander/CascadeProjects/toolcalc/scripts/seo/.venv/lib/python3.9/site-packages/telebot/util.py", line 115, in raise_exceptions
2026-07-20T20:44:21:     raise self.exception_info
2026-07-20T20:44:21:   File "/Users/aicommander/CascadeProjects/toolcalc/scripts/seo/.venv/lib/python3.9/site-packages/telebot/util.py", line 97, in run
2026-07-20T20:44:21:     task(*args, **kwargs)
2026-07-20T20:44:21:   File "/Users/aicommander/CascadeProjects/toolcalc/scripts/seo/.venv/lib/python3.9/site-packages/telebot/__init__.py", line 688, in __retrieve_updates
2026-07-20T20:44:21:     updates = self.get_updates(offset=(self.last_update_id + 1),
2026-07-20T20:44:21:   File "/Users/aicommander/CascadeProjects/toolcalc/scripts/seo/.venv/lib/python3.9/site-packages/telebot/__init__.py", line 660, in get_updates
2026-07-20T20:44:21:     json_updates = apihelper.get_updates(
2026-07-20T20:44:21:   File "/Users/aicommander/CascadeProjects/toolcalc/scripts/seo/.venv/lib/python3.9/site-packages/telebot/apihelper.py", line 339, in get_updates
2026-07-20T20:44:21:     return _make_request(token, method_url, params=payload)
2026-07-20T20:44:21:   File "/Users/aicommander/CascadeProjects/toolcalc/scripts/seo/.venv/lib/python3.9/site-packages/telebot/apihelper.py", line 168, in _make_request
2026-07-20T20:44:21:     json_result = _check_result(method_name, result)
2026-07-20T20:44:21:   File "/Users/aicommander/CascadeProjects/toolcalc/scripts/seo/.venv/lib/python3.9/site-packages/telebot/apihelper.py", line 197, in _check_result
2026-07-20T20:44:21:     raise ApiTelegramException(method_name, result, result_json)
2026-07-20T20:44:21: telebot.apihelper.ApiTelegramException: A request to the Telegram API was unsuccessful. Error code: 409. Description: Conflict: terminated by other getUpdates request; make sure that only one bot instance is running
2026-07-20T20:44:21: "
2026-07-20T20:44:26: 2026-07-20 20:44:26,696 (__init__.py:1241 MainThread) ERROR - TeleBot: "Threaded polling exception: A request to the Telegram API was unsuccessful. Error code: 409. Description: Conflict: terminated by other getUpdates request; make sure that only one bot instance is running"
2026-07-20T20:44:26: 2026-07-20 20:44:26,717 (__init__.py:1243 MainThread) ERROR - TeleBot: "Exception traceback:
2026-07-20T20:44:26: Traceback (most recent call last):
2026-07-20T20:44:26:   File "/Users/aicommander/CascadeProjects/toolcalc/scripts/seo/.venv/lib/python3.9/site-packages/telebot/__init__.py", line 1234, in __threaded_polling
2026-07-20T20:44:26:     polling_thread.raise_exceptions()
2026-07-20T20:44:26:   File "/Users/aicommander/CascadeProjects/toolcalc/scripts/seo/.venv/lib/python3.9/site-packages/telebot/util.py", line 115, in raise_exceptions
2026-07-20T20:44:26:     raise self.exception_info
2026-07-20T20:44:26:   File "/Users/aicommander/CascadeProjects/toolcalc/scripts/seo/.venv/lib/python3.9/site-packages/telebot/util.py", line 97, in run
2026-07-20T20:44:26:     task(*args, **kwargs)
2026-07-20T20:44:26:   File "/Users/aicommander/CascadeProjects/toolcalc/scripts/seo/.venv/lib/python3.9/site-packages/telebot/__init__.py", line 688, in __retrieve_updates
2026-07-20T20:44:26:     updates = self.get_updates(offset=(self.last_update_id + 1),
2026-07-20T20:44:26:   File "/Users/aicommander/CascadeProjects/toolcalc/scripts/seo/.venv/lib/python3.9/site-packages/telebot/__init__.py", line 660, in get_updates
2026-07-20T20:44:26:     json_updates = apihelper.get_updates(
2026-07-20T20:44:26:   File "/Users/aicommander/CascadeProjects/toolcalc/scripts/seo/.venv/lib/python3.9/site-packages/telebot/apihelper.py", line 339, in get_updates
2026-07-20T20:44:26:     return _make_request(token, method_url, params=payload)
2026-07-20T20:44:26:   File "/Users/aicommander/CascadeProjects/toolcalc/scripts/seo/.venv/lib/python3.9/site-packages/telebot/apihelper.py", line 168, in _make_request
2026-07-20T20:44:26:     json_result = _check_result(method_name, result)
2026-07-20T20:44:26:   File "/Users/aicommander/CascadeProjects/toolcalc/scripts/seo/.venv/lib/python3.9/site-packages/telebot/apihelper.py", line 197, in _check_result
2026-07-20T20:44:26:     raise ApiTelegramException(method_name, result, result_json)
2026-07-20T20:44:26: telebot.apihelper.ApiTelegramException: A request to the Telegram API was unsuccessful. Error code: 409. Description: Conflict: terminated by other getUpdates request; make sure that only one bot instance is running
2026-07-20T20:44:26: "
2026-07-20T20:44:32: 2026-07-20 20:44:32,729 (__init__.py:1241 MainThread) ERROR - TeleBot: "Threaded polling exception: A request to the Telegram API was unsuccessful. Error code: 409. Description: Conflict: terminated by other getUpdates request; make sure that only one bot instance is running"
2026-07-20T20:44:32: 2026-07-20 20:44:32,732 (__init__.py:1243 MainThread) ERROR - TeleBot: "Exception traceback:
2026-07-20T20:44:32: Traceback (most recent call last):
2026-07-20T20:44:32:   File "/Users/aicommander/CascadeProjects/toolcalc/scripts/seo/.venv/lib/python3.9/site-packages/telebot/__init__.py", line 1234, in __threaded_polling
2026-07-20T20:44:32:     polling_thread.raise_exceptions()
2026-07-20T20:44:32:   File "/Users/aicommander/CascadeProjects/toolcalc/scripts/seo/.venv/lib/python3.9/site-packages/telebot/util.py", line 115, in raise_exceptions
2026-07-20T20:44:32:     raise self.exception_info
2026-07-20T20:44:32:   File "/Users/aicommander/CascadeProjects/toolcalc/scripts/seo/.venv/lib/python3.9/site-packages/telebot/util.py", line 97, in run
2026-07-20T20:44:32:     task(*args, **kwargs)
2026-07-20T20:44:32:   File "/Users/aicommander/CascadeProjects/toolcalc/scripts/seo/.venv/lib/python3.9/site-packages/telebot/__init__.py", line 688, in __retrieve_updates
2026-07-20T20:44:32:     updates = self.get_updates(offset=(self.last_update_id + 1),
2026-07-20T20:44:32:   File "/Users/aicommander/CascadeProjects/toolcalc/scripts/seo/.venv/lib/python3.9/site-packages/telebot/__init__.py", line 660, in get_updates
2026-07-20T20:44:32:     json_updates = apihelper.get_updates(
2026-07-20T20:44:32:   File "/Users/aicommander/CascadeProjects/toolcalc/scripts/seo/.venv/lib/python3.9/site-packages/telebot/apihelper.py", line 339, in get_updates
2026-07-20T20:44:32:     return _make_request(token, method_url, params=payload)
2026-07-20T20:44:32:   File "/Users/aicommander/CascadeProjects/toolcalc/scripts/seo/.venv/lib/python3.9/site-packages/telebot/apihelper.py", line 168, in _make_request
2026-07-20T20:44:32:     json_result = _check_result(method_name, result)
2026-07-20T20:44:32:   File "/Users/aicommander/CascadeProjects/toolcalc/scripts/seo/.venv/lib/python3.9/site-packages/telebot/apihelper.py", line 197, in _check_result
2026-07-20T20:44:32:     raise ApiTelegramException(method_name, result, result_json)
2026-07-20T20:44:32: telebot.apihelper.ApiTelegramException: A request to the Telegram API was unsuccessful. Error code: 409. Description: Conflict: terminated by other getUpdates request; make sure that only one bot instance is running
2026-07-20T20:44:32: "
2026-07-20T20:44:39: 2026-07-20 20:44:39,700 (__init__.py:1241 MainThread) ERROR - TeleBot: "Threaded polling exception: A request to the Telegram API was unsuccessful. Error code: 409. Description: Conflict: terminated by other getUpdates request; make sure that only one bot instance is running"
2026-07-20T20:44:39: 2026-07-20 20:44:39,702 (__init__.py:1243 MainThread) ERROR - TeleBot: "Exception traceback:
2026-07-20T20:44:39: Traceback (most recent call last):
2026-07-20T20:44:39:   File "/Users/aicommander/CascadeProjects/toolcalc/scripts/seo/.venv/lib/python3.9/site-packages/telebot/__init__.py", line 1234, in __threaded_polling
2026-07-20T20:44:39:     polling_thread.raise_exceptions()
2026-07-20T20:44:39:   File "/Users/aicommander/CascadeProjects/toolcalc/scripts/seo/.venv/lib/python3.9/site-packages/telebot/util.py", line 115, in raise_exceptions
2026-07-20T20:44:39:     raise self.exception_info
2026-07-20T20:44:39:   File "/Users/aicommander/CascadeProjects/toolcalc/scripts/seo/.venv/lib/python3.9/site-packages/telebot/util.py", line 97, in run
2026-07-20T20:44:39:     task(*args, **kwargs)
2026-07-20T20:44:39:   File "/Users/aicommander/CascadeProjects/toolcalc/scripts/seo/.venv/lib/python3.9/site-packages/telebot/__init__.py", line 688, in __retrieve_updates
2026-07-20T20:44:39:     updates = self.get_updates(offset=(self.last_update_id + 1),
2026-07-20T20:44:39:   File "/Users/aicommander/CascadeProjects/toolcalc/scripts/seo/.venv/lib/python3.9/site-packages/telebot/__init__.py", line 660, in get_updates
2026-07-20T20:44:39:     json_updates = apihelper.get_updates(
2026-07-20T20:44:39:   File "/Users/aicommander/CascadeProjects/toolcalc/scripts/seo/.venv/lib/python3.9/site-packages/telebot/apihelper.py", line 339, in get_updates
2026-07-20T20:44:39:     return _make_request(token, method_url, params=payload)
2026-07-20T20:44:39:   File "/Users/aicommander/CascadeProjects/toolcalc/scripts/seo/.venv/lib/python3.9/site-packages/telebot/apihelper.py", line 168, in _make_request
2026-07-20T20:44:39:     json_result = _check_result(method_name, result)
2026-07-20T20:44:39:   File "/Users/aicommander/CascadeProjects/toolcalc/scripts/seo/.venv/lib/python3.9/site-packages/telebot/apihelper.py", line 197, in _check_result
2026-07-20T20:44:39:     raise ApiTelegramException(method_name, result, result_json)
2026-07-20T20:44:39: telebot.apihelper.ApiTelegramException: A request to the Telegram API was unsuccessful. Error code: 409. Description: Conflict: terminated by other getUpdates request; make sure that only one bot instance is running
2026-07-20T20:44:39: "
2026-07-20T20:44:49: 2026-07-20 20:44:49,481 (__init__.py:1241 MainThread) ERROR - TeleBot: "Threaded polling exception: A request to the Telegram API was unsuccessful. Error code: 409. Description: Conflict: terminated by other getUpdates request; make sure that only one bot instance is running"
2026-07-20T20:44:49: 2026-07-20 20:44:49,482 (__init__.py:1243 MainThread) ERROR - TeleBot: "Exception traceback:
2026-07-20T20:44:49: Traceback (most recent call last):
2026-07-20T20:44:49:   File "/Users/aicommander/CascadeProjects/toolcalc/scripts/seo/.venv/lib/python3.9/site-packages/telebot/__init__.py", line 1234, in __threaded_polling
2026-07-20T20:44:49:     polling_thread.raise_exceptions()
2026-07-20T20:44:49:   File "/Users/aicommander/CascadeProjects/toolcalc/scripts/seo/.venv/lib/python3.9/site-packages/telebot/util.py", line 115, in raise_exceptions
2026-07-20T20:44:49:     raise self.exception_info
2026-07-20T20:44:49:   File "/Users/aicommander/CascadeProjects/toolcalc/scripts/seo/.venv/lib/python3.9/site-packages/telebot/util.py", line 97, in run
2026-07-20T20:44:49:     task(*args, **kwargs)
2026-07-20T20:44:49:   File "/Users/aicommander/CascadeProjects/toolcalc/scripts/seo/.venv/lib/python3.9/site-packages/telebot/__init__.py", line 688, in __retrieve_updates
2026-07-20T20:44:49:     updates = self.get_updates(offset=(self.last_update_id + 1),
2026-07-20T20:44:49:   File "/Users/aicommander/CascadeProjects/toolcalc/scripts/seo/.venv/lib/python3.9/site-packages/telebot/__init__.py", line 660, in get_updates
2026-07-20T20:44:49:     json_updates = apihelper.get_updates(
2026-07-20T20:44:49:   File "/Users/aicommander/CascadeProjects/toolcalc/scripts/seo/.venv/lib/python3.9/site-packages/telebot/apihelper.py", line 339, in get_updates
2026-07-20T20:44:49:     return _make_request(token, method_url, params=payload)
2026-07-20T20:44:49:   File "/Users/aicommander/CascadeProjects/toolcalc/scripts/seo/.venv/lib/python3.9/site-packages/telebot/apihelper.py", line 168, in _make_request
2026-07-20T20:44:49:     json_result = _check_result(method_name, result)
2026-07-20T20:44:49:   File "/Users/aicommander/CascadeProjects/toolcalc/scripts/seo/.venv/lib/python3.9/site-packages/telebot/apihelper.py", line 197, in _check_result
2026-07-20T20:44:49:     raise ApiTelegramException(method_name, result, result_json)
2026-07-20T20:44:49: telebot.apihelper.ApiTelegramException: A request to the Telegram API was unsuccessful. Error code: 409. Description: Conflict: terminated by other getUpdates request; make sure that only one bot instance is running
2026-07-20T20:44:49: "
2026-07-20T20:45:02: 2026-07-20 20:45:02,386 (__init__.py:1241 MainThread) ERROR - TeleBot: "Threaded polling exception: A request to the Telegram API was unsuccessful. Error code: 409. Description: Conflict: terminated by other getUpdates request; make sure that only one bot instance is running"
2026-07-20T20:45:02: 2026-07-20 20:45:02,387 (__init__.py:1243 MainThread) ERROR - TeleBot: "Exception traceback:
2026-07-20T20:45:02: Traceback (most recent call last):
2026-07-20T20:45:02:   File "/Users/aicommander/CascadeProjects/toolcalc/scripts/seo/.venv/lib/python3.9/site-packages/telebot/__init__.py", line 1234, in __threaded_polling
2026-07-20T20:45:02:     polling_thread.raise_exceptions()
2026-07-20T20:45:02:   File "/Users/aicommander/CascadeProjects/toolcalc/scripts/seo/.venv/lib/python3.9/site-packages/telebot/util.py", line 115, in raise_exceptions
2026-07-20T20:45:02:     raise self.exception_info
2026-07-20T20:45:02:   File "/Users/aicommander/CascadeProjects/toolcalc/scripts/seo/.venv/lib/python3.9/site-packages/telebot/util.py", line 97, in run
2026-07-20T20:45:02:     task(*args, **kwargs)
2026-07-20T20:45:02:   File "/Users/aicommander/CascadeProjects/toolcalc/scripts/seo/.venv/lib/python3.9/site-packages/telebot/__init__.py", line 688, in __retrieve_updates
2026-07-20T20:45:02:     updates = self.get_updates(offset=(self.last_update_id + 1),
2026-07-20T20:45:02:   File "/Users/aicommander/CascadeProjects/toolcalc/scripts/seo/.venv/lib/python3.9/site-packages/telebot/__init__.py", line 660, in get_updates
2026-07-20T20:45:02:     json_updates = apihelper.get_updates(
2026-07-20T20:45:02:   File "/Users/aicommander/CascadeProjects/toolcalc/scripts/seo/.venv/lib/python3.9/site-packages/telebot/apihelper.py", line 339, in get_updates
2026-07-20T20:45:02:     return _make_request(token, method_url, params=payload)
2026-07-20T20:45:02:   File "/Users/aicommander/CascadeProjects/toolcalc/scripts/seo/.venv/lib/python3.9/site-packages/telebot/apihelper.py", line 168, in _make_request
2026-07-20T20:45:02:     json_result = _check_result(method_name, result)
2026-07-20T20:45:02:   File "/Users/aicommander/CascadeProjects/toolcalc/scripts/seo/.venv/lib/python3.9/site-packages/telebot/apihelper.py", line 197, in _check_result
2026-07-20T20:45:02:     raise ApiTelegramException(method_name, result, result_json)
2026-07-20T20:45:02: telebot.apihelper.ApiTelegramException: A request to the Telegram API was unsuccessful. Error code: 409. Description: Conflict: terminated by other getUpdates request; make sure that only one bot instance is running
2026-07-20T20:45:02: "
2026-07-20T20:45:26: 2026-07-20 20:45:26,934 (__init__.py:1241 MainThread) ERROR - TeleBot: "Threaded polling exception: A request to the Telegram API was unsuccessful. Error code: 409. Description: Conflict: terminated by other getUpdates request; make sure that only one bot instance is running"
2026-07-20T20:45:26: 2026-07-20 20:45:26,934 (__init__.py:1243 MainThread) ERROR - TeleBot: "Exception traceback:
2026-07-20T20:45:26: Traceback (most recent call last):
2026-07-20T20:45:26:   File "/Users/aicommander/CascadeProjects/toolcalc/scripts/seo/.venv/lib/python3.9/site-packages/telebot/__init__.py", line 1234, in __threaded_polling
2026-07-20T20:45:26:     polling_thread.raise_exceptions()
2026-07-20T20:45:26:   File "/Users/aicommander/CascadeProjects/toolcalc/scripts/seo/.venv/lib/python3.9/site-packages/telebot/util.py", line 115, in raise_exceptions
2026-07-20T20:45:26:     raise self.exception_info
2026-07-20T20:45:26:   File "/Users/aicommander/CascadeProjects/toolcalc/scripts/seo/.venv/lib/python3.9/site-packages/telebot/util.py", line 97, in run
2026-07-20T20:45:26:     task(*args, **kwargs)
2026-07-20T20:45:26:   File "/Users/aicommander/CascadeProjects/toolcalc/scripts/seo/.venv/lib/python3.9/site-packages/telebot/__init__.py", line 688, in __retrieve_updates
2026-07-20T20:45:26:     updates = self.get_updates(offset=(self.last_update_id + 1),
2026-07-20T20:45:26:   File "/Users/aicommander/CascadeProjects/toolcalc/scripts/seo/.venv/lib/python3.9/site-packages/telebot/__init__.py", line 660, in get_updates
2026-07-20T20:45:26:     json_updates = apihelper.get_updates(
2026-07-20T20:45:26:   File "/Users/aicommander/CascadeProjects/toolcalc/scripts/seo/.venv/lib/python3.9/site-packages/telebot/apihelper.py", line 339, in get_updates
2026-07-20T20:45:26:     return _make_request(token, method_url, params=payload)
2026-07-20T20:45:26:   File "/Users/aicommander/CascadeProjects/toolcalc/scripts/seo/.venv/lib/python3.9/site-packages/telebot/apihelper.py", line 168, in _make_request
2026-07-20T20:45:26:     json_result = _check_result(method_name, result)
2026-07-20T20:45:26:   File "/Users/aicommander/CascadeProjects/toolcalc/scripts/seo/.venv/lib/python3.9/site-packages/telebot/apihelper.py", line 197, in _check_result
2026-07-20T20:45:26:     raise ApiTelegramException(method_name, result, result_json)
2026-07-20T20:45:26: telebot.apihelper.ApiTelegramException: A request to the Telegram API was unsuccessful. Error code: 409. Description: Conflict: terminated by other getUpdates request; make sure that only one bot instance is running
2026-07-20T20:45:26: "
2026-07-20T20:46:15: 2026-07-20 20:46:15,464 (__init__.py:1241 MainThread) ERROR - TeleBot: "Threaded polling exception: A request to the Telegram API was unsuccessful. Error code: 409. Description: Conflict: terminated by other getUpdates request; make sure that only one bot instance is running"
2026-07-20T20:46:15: 2026-07-20 20:46:15,465 (__init__.py:1243 MainThread) ERROR - TeleBot: "Exception traceback:
2026-07-20T20:46:15: Traceback (most recent call last):
2026-07-20T20:46:15:   File "/Users/aicommander/CascadeProjects/toolcalc/scripts/seo/.venv/lib/python3.9/site-packages/telebot/__init__.py", line 1234, in __threaded_polling
2026-07-20T20:46:15:     polling_thread.raise_exceptions()
2026-07-20T20:46:15:   File "/Users/aicommander/CascadeProjects/toolcalc/scripts/seo/.venv/lib/python3.9/site-packages/telebot/util.py", line 115, in raise_exceptions
2026-07-20T20:46:15:     raise self.exception_info
2026-07-20T20:46:15:   File "/Users/aicommander/CascadeProjects/toolcalc/scripts/seo/.venv/lib/python3.9/site-packages/telebot/util.py", line 97, in run
2026-07-20T20:46:15:     task(*args, **kwargs)
2026-07-20T20:46:15:   File "/Users/aicommander/CascadeProjects/toolcalc/scripts/seo/.venv/lib/python3.9/site-packages/telebot/__init__.py", line 688, in __retrieve_updates
2026-07-20T20:46:15:     updates = self.get_updates(offset=(self.last_update_id + 1),
2026-07-20T20:46:15:   File "/Users/aicommander/CascadeProjects/toolcalc/scripts/seo/.venv/lib/python3.9/site-packages/telebot/__init__.py", line 660, in get_updates
2026-07-20T20:46:15:     json_updates = apihelper.get_updates(
2026-07-20T20:46:15:   File "/Users/aicommander/CascadeProjects/toolcalc/scripts/seo/.venv/lib/python3.9/site-packages/telebot/apihelper.py", line 339, in get_updates
2026-07-20T20:46:15:     return _make_request(token, method_url, params=payload)
2026-07-20T20:46:15:   File "/Users/aicommander/CascadeProjects/toolcalc/scripts/seo/.venv/lib/python3.9/site-packages/telebot/apihelper.py", line 168, in _make_request
2026-07-20T20:46:15:     json_result = _check_result(method_name, result)
2026-07-20T20:46:15:   File "/Users/aicommander/CascadeProjects/toolcalc/scripts/seo/.venv/lib/python3.9/site-packages/telebot/apihelper.py", line 197, in _check_result
2026-07-20T20:46:15:     raise ApiTelegramException(method_name, result, result_json)
2026-07-20T20:46:15: telebot.apihelper.ApiTelegramException: A request to the Telegram API was unsuccessful. Error code: 409. Description: Conflict: terminated by other getUpdates request; make sure that only one bot instance is running
2026-07-20T20:46:15: "
2026-07-20T20:47:19: 2026-07-20 20:47:19,235 (__init__.py:1241 MainThread) ERROR - TeleBot: "Threaded polling exception: A request to the Telegram API was unsuccessful. Error code: 409. Description: Conflict: terminated by other getUpdates request; make sure that only one bot instance is running"
2026-07-20T20:47:19: 2026-07-20 20:47:19,239 (__init__.py:1243 MainThread) ERROR - TeleBot: "Exception traceback:
2026-07-20T20:47:19: Traceback (most recent call last):
2026-07-20T20:47:19:   File "/Users/aicommander/CascadeProjects/toolcalc/scripts/seo/.venv/lib/python3.9/site-packages/telebot/__init__.py", line 1234, in __threaded_polling
2026-07-20T20:47:19:     polling_thread.raise_exceptions()
2026-07-20T20:47:19:   File "/Users/aicommander/CascadeProjects/toolcalc/scripts/seo/.venv/lib/python3.9/site-packages/telebot/util.py", line 115, in raise_exceptions
2026-07-20T20:47:19:     raise self.exception_info
2026-07-20T20:47:19:   File "/Users/aicommander/CascadeProjects/toolcalc/scripts/seo/.venv/lib/python3.9/site-packages/telebot/util.py", line 97, in run
2026-07-20T20:47:19:     task(*args, **kwargs)
2026-07-20T20:47:19:   File "/Users/aicommander/CascadeProjects/toolcalc/scripts/seo/.venv/lib/python3.9/site-packages/telebot/__init__.py", line 688, in __retrieve_updates
2026-07-20T20:47:19:     updates = self.get_updates(offset=(self.last_update_id + 1),
2026-07-20T20:47:19:   File "/Users/aicommander/CascadeProjects/toolcalc/scripts/seo/.venv/lib/python3.9/site-packages/telebot/__init__.py", line 660, in get_updates
2026-07-20T20:47:19:     json_updates = apihelper.get_updates(
2026-07-20T20:47:19:   File "/Users/aicommander/CascadeProjects/toolcalc/scripts/seo/.venv/lib/python3.9/site-packages/telebot/apihelper.py", line 339, in get_updates
2026-07-20T20:47:19:     return _make_request(token, method_url, params=payload)
2026-07-20T20:47:19:   File "/Users/aicommander/CascadeProjects/toolcalc/scripts/seo/.venv/lib/python3.9/site-packages/telebot/apihelper.py", line 168, in _make_request
2026-07-20T20:47:19:     json_result = _check_result(method_name, result)
2026-07-20T20:47:19:   File "/Users/aicommander/CascadeProjects/toolcalc/scripts/seo/.venv/lib/python3.9/site-packages/telebot/apihelper.py", line 197, in _check_result
2026-07-20T20:47:19:     raise ApiTelegramException(method_name, result, result_json)
2026-07-20T20:47:19: telebot.apihelper.ApiTelegramException: A request to the Telegram API was unsuccessful. Error code: 409. Description: Conflict: terminated by other getUpdates request; make sure that only one bot instance is running
2026-07-20T20:47:19: "
2026-07-20T20:48:23: 2026-07-20 20:48:23,042 (__init__.py:1241 MainThread) ERROR - TeleBot: "Threaded polling exception: A request to the Telegram API was unsuccessful. Error code: 409. Description: Conflict: terminated by other getUpdates request; make sure that only one bot instance is running"
2026-07-20T20:48:23: 2026-07-20 20:48:23,042 (__init__.py:1243 MainThread) ERROR - TeleBot: "Exception traceback:
2026-07-20T20:48:23: Traceback (most recent call last):
2026-07-20T20:48:23:   File "/Users/aicommander/CascadeProjects/toolcalc/scripts/seo/.venv/lib/python3.9/site-packages/telebot/__init__.py", line 1234, in __threaded_polling
2026-07-20T20:48:23:     polling_thread.raise_exceptions()
2026-07-20T20:48:23:   File "/Users/aicommander/CascadeProjects/toolcalc/scripts/seo/.venv/lib/python3.9/site-packages/telebot/util.py", line 115, in raise_exceptions
2026-07-20T20:48:23:     raise self.exception_info
2026-07-20T20:48:23:   File "/Users/aicommander/CascadeProjects/toolcalc/scripts/seo/.venv/lib/python3.9/site-packages/telebot/util.py", line 97, in run
2026-07-20T20:48:23:     task(*args, **kwargs)
2026-07-20T20:48:23:   File "/Users/aicommander/CascadeProjects/toolcalc/scripts/seo/.venv/lib/python3.9/site-packages/telebot/__init__.py", line 688, in __retrieve_updates
2026-07-20T20:48:23:     updates = self.get_updates(offset=(self.last_update_id + 1),
2026-07-20T20:48:23:   File "/Users/aicommander/CascadeProjects/toolcalc/scripts/seo/.venv/lib/python3.9/site-packages/telebot/__init__.py", line 660, in get_updates
2026-07-20T20:48:23:     json_updates = apihelper.get_updates(
2026-07-20T20:48:23:   File "/Users/aicommander/CascadeProjects/toolcalc/scripts/seo/.venv/lib/python3.9/site-packages/telebot/apihelper.py", line 339, in get_updates
2026-07-20T20:48:23:     return _make_request(token, method_url, params=payload)
2026-07-20T20:48:23:   File "/Users/aicommander/CascadeProjects/toolcalc/scripts/seo/.venv/lib/python3.9/site-packages/telebot/apihelper.py", line 168, in _make_request
2026-07-20T20:48:23:     json_result = _check_result(method_name, result)
2026-07-20T20:48:23:   File "/Users/aicommander/CascadeProjects/toolcalc/scripts/seo/.venv/lib/python3.9/site-packages/telebot/apihelper.py", line 197, in _check_result
2026-07-20T20:48:23:     raise ApiTelegramException(method_name, result, result_json)
2026-07-20T20:48:23: telebot.apihelper.ApiTelegramException: A request to the Telegram API was unsuccessful. Error code: 409. Description: Conflict: terminated by other getUpdates request; make sure that only one bot instance is running
2026-07-20T20:48:23: "
2026-07-20T20:49:26: 2026-07-20 20:49:26,831 (__init__.py:1241 MainThread) ERROR - TeleBot: "Threaded polling exception: A request to the Telegram API was unsuccessful. Error code: 409. Description: Conflict: terminated by other getUpdates request; make sure that only one bot instance is running"
2026-07-20T20:49:26: 2026-07-20 20:49:26,831 (__init__.py:1243 MainThread) ERROR - TeleBot: "Exception traceback:
2026-07-20T20:49:26: Traceback (most recent call last):
2026-07-20T20:49:26:   File "/Users/aicommander/CascadeProjects/toolcalc/scripts/seo/.venv/lib/python3.9/site-packages/telebot/__init__.py", line 1234, in __threaded_polling
2026-07-20T20:49:26:     polling_thread.raise_exceptions()
2026-07-20T20:49:26:   File "/Users/aicommander/CascadeProjects/toolcalc/scripts/seo/.venv/lib/python3.9/site-packages/telebot/util.py", line 115, in raise_exceptions
2026-07-20T20:49:26:     raise self.exception_info
2026-07-20T20:49:26:   File "/Users/aicommander/CascadeProjects/toolcalc/scripts/seo/.venv/lib/python3.9/site-packages/telebot/util.py", line 97, in run
2026-07-20T20:49:26:     task(*args, **kwargs)
2026-07-20T20:49:26:   File "/Users/aicommander/CascadeProjects/toolcalc/scripts/seo/.venv/lib/python3.9/site-packages/telebot/__init__.py", line 688, in __retrieve_updates
2026-07-20T20:49:26:     updates = self.get_updates(offset=(self.last_update_id + 1),
2026-07-20T20:49:26:   File "/Users/aicommander/CascadeProjects/toolcalc/scripts/seo/.venv/lib/python3.9/site-packages/telebot/__init__.py", line 660, in get_updates
2026-07-20T20:49:26:     json_updates = apihelper.get_updates(
2026-07-20T20:49:26:   File "/Users/aicommander/CascadeProjects/toolcalc/scripts/seo/.venv/lib/python3.9/site-packages/telebot/apihelper.py", line 339, in get_updates
2026-07-20T20:49:26:     return _make_request(token, method_url, params=payload)
2026-07-20T20:49:26:   File "/Users/aicommander/CascadeProjects/toolcalc/scripts/seo/.venv/lib/python3.9/site-packages/telebot/apihelper.py", line 168, in _make_request
2026-07-20T20:49:26:     json_result = _check_result(method_name, result)
2026-07-20T20:49:26:   File "/Users/aicommander/CascadeProjects/toolcalc/scripts/seo/.venv/lib/python3.9/site-packages/telebot/apihelper.py", line 197, in _check_result
2026-07-20T20:49:26:     raise ApiTelegramException(method_name, result, result_json)
2026-07-20T20:49:26: telebot.apihelper.ApiTelegramException: A request to the Telegram API was unsuccessful. Error code: 409. Description: Conflict: terminated by other getUpdates request; make sure that only one bot instance is running
2026-07-20T20:49:26: "
2026-07-20T20:50:30: 2026-07-20 20:50:30,619 (__init__.py:1241 MainThread) ERROR - TeleBot: "Threaded polling exception: A request to the Telegram API was unsuccessful. Error code: 409. Description: Conflict: terminated by other getUpdates request; make sure that only one bot instance is running"
2026-07-20T20:50:30: 2026-07-20 20:50:30,619 (__init__.py:1243 MainThread) ERROR - TeleBot: "Exception traceback:
2026-07-20T20:50:30: Traceback (most recent call last):
2026-07-20T20:50:30:   File "/Users/aicommander/CascadeProjects/toolcalc/scripts/seo/.venv/lib/python3.9/site-packages/telebot/__init__.py", line 1234, in __threaded_polling
2026-07-20T20:50:30:     polling_thread.raise_exceptions()
2026-07-20T20:50:30:   File "/Users/aicommander/CascadeProjects/toolcalc/scripts/seo/.venv/lib/python3.9/site-packages/telebot/util.py", line 115, in raise_exceptions
2026-07-20T20:50:30:     raise self.exception_info
2026-07-20T20:50:30:   File "/Users/aicommander/CascadeProjects/toolcalc/scripts/seo/.venv/lib/python3.9/site-packages/telebot/util.py", line 97, in run
2026-07-20T20:50:30:     task(*args, **kwargs)
2026-07-20T20:50:30:   File "/Users/aicommander/CascadeProjects/toolcalc/scripts/seo/.venv/lib/python3.9/site-packages/telebot/__init__.py", line 688, in __retrieve_updates
2026-07-20T20:50:30:     updates = self.get_updates(offset=(self.last_update_id + 1),
2026-07-20T20:50:30:   File "/Users/aicommander/CascadeProjects/toolcalc/scripts/seo/.venv/lib/python3.9/site-packages/telebot/__init__.py", line 660, in get_updates
2026-07-20T20:50:30:     json_updates = apihelper.get_updates(
2026-07-20T20:50:30:   File "/Users/aicommander/CascadeProjects/toolcalc/scripts/seo/.venv/lib/python3.9/site-packages/telebot/apihelper.py", line 339, in get_updates
2026-07-20T20:50:30:     return _make_request(token, method_url, params=payload)
2026-07-20T20:50:30:   File "/Users/aicommander/CascadeProjects/toolcalc/scripts/seo/.venv/lib/python3.9/site-packages/telebot/apihelper.py", line 168, in _make_request
2026-07-20T20:50:30:     json_result = _check_result(method_name, result)
2026-07-20T20:50:30:   File "/Users/aicommander/CascadeProjects/toolcalc/scripts/seo/.venv/lib/python3.9/site-packages/telebot/apihelper.py", line 197, in _check_result
2026-07-20T20:50:30:     raise ApiTelegramException(method_name, result, result_json)
2026-07-20T20:50:30: telebot.apihelper.ApiTelegramException: A request to the Telegram API was unsuccessful. Error code: 409. Description: Conflict: terminated by other getUpdates request; make sure that only one bot instance is running
2026-07-20T20:50:30: "
2026-07-20T20:51:34: 2026-07-20 20:51:34,393 (__init__.py:1241 MainThread) ERROR - TeleBot: "Threaded polling exception: A request to the Telegram API was unsuccessful. Error code: 409. Description: Conflict: terminated by other getUpdates request; make sure that only one bot instance is running"
2026-07-20T20:51:34: 2026-07-20 20:51:34,393 (__init__.py:1243 MainThread) ERROR - TeleBot: "Exception traceback:
2026-07-20T20:51:34: Traceback (most recent call last):
2026-07-20T20:51:34:   File "/Users/aicommander/CascadeProjects/toolcalc/scripts/seo/.venv/lib/python3.9/site-packages/telebot/__init__.py", line 1234, in __threaded_polling
2026-07-20T20:51:34:     polling_thread.raise_exceptions()
2026-07-20T20:51:34:   File "/Users/aicommander/CascadeProjects/toolcalc/scripts/seo/.venv/lib/python3.9/site-packages/telebot/util.py", line 115, in raise_exceptions
2026-07-20T20:51:34:     raise self.exception_info
2026-07-20T20:51:34:   File "/Users/aicommander/CascadeProjects/toolcalc/scripts/seo/.venv/lib/python3.9/site-packages/telebot/util.py", line 97, in run
2026-07-20T20:51:34:     task(*args, **kwargs)
2026-07-20T20:51:34:   File "/Users/aicommander/CascadeProjects/toolcalc/scripts/seo/.venv/lib/python3.9/site-packages/telebot/__init__.py", line 688, in __retrieve_updates
2026-07-20T20:51:34:     updates = self.get_updates(offset=(self.last_update_id + 1),
2026-07-20T20:51:34:   File "/Users/aicommander/CascadeProjects/toolcalc/scripts/seo/.venv/lib/python3.9/site-packages/telebot/__init__.py", line 660, in get_updates
2026-07-20T20:51:34:     json_updates = apihelper.get_updates(
2026-07-20T20:51:34:   File "/Users/aicommander/CascadeProjects/toolcalc/scripts/seo/.venv/lib/python3.9/site-packages/telebot/apihelper.py", line 339, in get_updates
2026-07-20T20:51:34:     return _make_request(token, method_url, params=payload)
2026-07-20T20:51:34:   File "/Users/aicommander/CascadeProjects/toolcalc/scripts/seo/.venv/lib/python3.9/site-packages/telebot/apihelper.py", line 168, in _make_request
2026-07-20T20:51:34:     json_result = _check_result(method_name, result)
2026-07-20T20:51:34:   File "/Users/aicommander/CascadeProjects/toolcalc/scripts/seo/.venv/lib/python3.9/site-packages/telebot/apihelper.py", line 197, in _check_result
2026-07-20T20:51:34:     raise ApiTelegramException(method_name, result, result_json)
2026-07-20T20:51:34: telebot.apihelper.ApiTelegramException: A request to the Telegram API was unsuccessful. Error code: 409. Description: Conflict: terminated by other getUpdates request; make sure that only one bot instance is running
2026-07-20T20:51:34: "
2026-07-20T20:52:38: 2026-07-20 20:52:38,131 (__init__.py:1241 MainThread) ERROR - TeleBot: "Threaded polling exception: A request to the Telegram API was unsuccessful. Error code: 409. Description: Conflict: terminated by other getUpdates request; make sure that only one bot instance is running"
2026-07-20T20:52:38: 2026-07-20 20:52:38,131 (__init__.py:1243 MainThread) ERROR - TeleBot: "Exception traceback:
2026-07-20T20:52:38: Traceback (most recent call last):
2026-07-20T20:52:38:   File "/Users/aicommander/CascadeProjects/toolcalc/scripts/seo/.venv/lib/python3.9/site-packages/telebot/__init__.py", line 1234, in __threaded_polling
2026-07-20T20:52:38:     polling_thread.raise_exceptions()
2026-07-20T20:52:38:   File "/Users/aicommander/CascadeProjects/toolcalc/scripts/seo/.venv/lib/python3.9/site-packages/telebot/util.py", line 115, in raise_exceptions
2026-07-20T20:52:38:     raise self.exception_info
2026-07-20T20:52:38:   File "/Users/aicommander/CascadeProjects/toolcalc/scripts/seo/.venv/lib/python3.9/site-packages/telebot/util.py", line 97, in run
2026-07-20T20:52:38:     task(*args, **kwargs)
2026-07-20T20:52:38:   File "/Users/aicommander/CascadeProjects/toolcalc/scripts/seo/.venv/lib/python3.9/site-packages/telebot/__init__.py", line 688, in __retrieve_updates
2026-07-20T20:52:38:     updates = self.get_updates(offset=(self.last_update_id + 1),
2026-07-20T20:52:38:   File "/Users/aicommander/CascadeProjects/toolcalc/scripts/seo/.venv/lib/python3.9/site-packages/telebot/__init__.py", line 660, in get_updates
2026-07-20T20:52:38:     json_updates = apihelper.get_updates(
2026-07-20T20:52:38:   File "/Users/aicommander/CascadeProjects/toolcalc/scripts/seo/.venv/lib/python3.9/site-packages/telebot/apihelper.py", line 339, in get_updates
2026-07-20T20:52:38:     return _make_request(token, method_url, params=payload)
2026-07-20T20:52:38:   File "/Users/aicommander/CascadeProjects/toolcalc/scripts/seo/.venv/lib/python3.9/site-packages/telebot/apihelper.py", line 168, in _make_request
2026-07-20T20:52:38:     json_result = _check_result(method_name, result)
2026-07-20T20:52:38:   File "/Users/aicommander/CascadeProjects/toolcalc/scripts/seo/.venv/lib/python3.9/site-packages/telebot/apihelper.py", line 197, in _check_result
2026-07-20T20:52:38:     raise ApiTelegramException(method_name, result, result_json)
2026-07-20T20:52:38: telebot.apihelper.ApiTelegramException: A request to the Telegram API was unsuccessful. Error code: 409. Description: Conflict: terminated by other getUpdates request; make sure that only one bot instance is running
2026-07-20T20:52:38: "
2026-07-20T20:53:41: 2026-07-20 20:53:41,881 (__init__.py:1241 MainThread) ERROR - TeleBot: "Threaded polling exception: A request to the Telegram API was unsuccessful. Error code: 409. Description: Conflict: terminated by other getUpdates request; make sure that only one bot instance is running"
2026-07-20T20:53:41: 2026-07-20 20:53:41,881 (__init__.py:1243 MainThread) ERROR - TeleBot: "Exception traceback:
2026-07-20T20:53:41: Traceback (most recent call last):
2026-07-20T20:53:41:   File "/Users/aicommander/CascadeProjects/toolcalc/scripts/seo/.venv/lib/python3.9/site-packages/telebot/__init__.py", line 1234, in __threaded_polling
2026-07-20T20:53:41:     polling_thread.raise_exceptions()
2026-07-20T20:53:41:   File "/Users/aicommander/CascadeProjects/toolcalc/scripts/seo/.venv/lib/python3.9/site-packages/telebot/util.py", line 115, in raise_exceptions
2026-07-20T20:53:41:     raise self.exception_info
2026-07-20T20:53:41:   File "/Users/aicommander/CascadeProjects/toolcalc/scripts/seo/.venv/lib/python3.9/site-packages/telebot/util.py", line 97, in run
2026-07-20T20:53:41:     task(*args, **kwargs)
2026-07-20T20:53:41:   File "/Users/aicommander/CascadeProjects/toolcalc/scripts/seo/.venv/lib/python3.9/site-packages/telebot/__init__.py", line 688, in __retrieve_updates
2026-07-20T20:53:41:     updates = self.get_updates(offset=(self.last_update_id + 1),
2026-07-20T20:53:41:   File "/Users/aicommander/CascadeProjects/toolcalc/scripts/seo/.venv/lib/python3.9/site-packages/telebot/__init__.py", line 660, in get_updates
2026-07-20T20:53:41:     json_updates = apihelper.get_updates(
2026-07-20T20:53:41:   File "/Users/aicommander/CascadeProjects/toolcalc/scripts/seo/.venv/lib/python3.9/site-packages/telebot/apihelper.py", line 339, in get_updates
2026-07-20T20:53:41:     return _make_request(token, method_url, params=payload)
2026-07-20T20:53:41:   File "/Users/aicommander/CascadeProjects/toolcalc/scripts/seo/.venv/lib/python3.9/site-packages/telebot/apihelper.py", line 168, in _make_request
2026-07-20T20:53:41:     json_result = _check_result(method_name, result)
2026-07-20T20:53:41:   File "/Users/aicommander/CascadeProjects/toolcalc/scripts/seo/.venv/lib/python3.9/site-packages/telebot/apihelper.py", line 197, in _check_result
2026-07-20T20:53:41:     raise ApiTelegramException(method_name, result, result_json)
2026-07-20T20:53:41: telebot.apihelper.ApiTelegramException: A request to the Telegram API was unsuccessful. Error code: 409. Description: Conflict: terminated by other getUpdates request; make sure that only one bot instance is running
2026-07-20T20:53:41: "
2026-07-20T20:54:46: 2026-07-20 20:54:46,287 (__init__.py:1241 MainThread) ERROR - TeleBot: "Threaded polling exception: A request to the Telegram API was unsuccessful. Error code: 409. Description: Conflict: terminated by other getUpdates request; make sure that only one bot instance is running"
2026-07-20T20:54:46: 2026-07-20 20:54:46,288 (__init__.py:1243 MainThread) ERROR - TeleBot: "Exception traceback:
2026-07-20T20:54:46: Traceback (most recent call last):
2026-07-20T20:54:46:   File "/Users/aicommander/CascadeProjects/toolcalc/scripts/seo/.venv/lib/python3.9/site-packages/telebot/__init__.py", line 1234, in __threaded_polling
2026-07-20T20:54:46:     polling_thread.raise_exceptions()
2026-07-20T20:54:46:   File "/Users/aicommander/CascadeProjects/toolcalc/scripts/seo/.venv/lib/python3.9/site-packages/telebot/util.py", line 115, in raise_exceptions
2026-07-20T20:54:46:     raise self.exception_info
2026-07-20T20:54:46:   File "/Users/aicommander/CascadeProjects/toolcalc/scripts/seo/.venv/lib/python3.9/site-packages/telebot/util.py", line 97, in run
2026-07-20T20:54:46:     task(*args, **kwargs)
2026-07-20T20:54:46:   File "/Users/aicommander/CascadeProjects/toolcalc/scripts/seo/.venv/lib/python3.9/site-packages/telebot/__init__.py", line 688, in __retrieve_updates
2026-07-20T20:54:46:     updates = self.get_updates(offset=(self.last_update_id + 1),
2026-07-20T20:54:46:   File "/Users/aicommander/CascadeProjects/toolcalc/scripts/seo/.venv/lib/python3.9/site-packages/telebot/__init__.py", line 660, in get_updates
2026-07-20T20:54:46:     json_updates = apihelper.get_updates(
2026-07-20T20:54:46:   File "/Users/aicommander/CascadeProjects/toolcalc/scripts/seo/.venv/lib/python3.9/site-packages/telebot/apihelper.py", line 339, in get_updates
2026-07-20T20:54:46:     return _make_request(token, method_url, params=payload)
2026-07-20T20:54:46:   File "/Users/aicommander/CascadeProjects/toolcalc/scripts/seo/.venv/lib/python3.9/site-packages/telebot/apihelper.py", line 168, in _make_request
2026-07-20T20:54:46:     json_result = _check_result(method_name, result)
2026-07-20T20:54:46:   File "/Users/aicommander/CascadeProjects/toolcalc/scripts/seo/.venv/lib/python3.9/site-packages/telebot/apihelper.py", line 197, in _check_result
2026-07-20T20:54:46:     raise ApiTelegramException(method_name, result, result_json)
2026-07-20T20:54:46: telebot.apihelper.ApiTelegramException: A request to the Telegram API was unsuccessful. Error code: 409. Description: Conflict: terminated by other getUpdates request; make sure that only one bot instance is running
2026-07-20T20:54:46: "
2026-07-20T20:55:50: 2026-07-20 20:55:50,073 (__init__.py:1241 MainThread) ERROR - TeleBot: "Threaded polling exception: A request to the Telegram API was unsuccessful. Error code: 409. Description: Conflict: terminated by other getUpdates request; make sure that only one bot instance is running"
2026-07-20T20:55:50: 2026-07-20 20:55:50,074 (__init__.py:1243 MainThread) ERROR - TeleBot: "Exception traceback:
2026-07-20T20:55:50: Traceback (most recent call last):
2026-07-20T20:55:50:   File "/Users/aicommander/CascadeProjects/toolcalc/scripts/seo/.venv/lib/python3.9/site-packages/telebot/__init__.py", line 1234, in __threaded_polling
2026-07-20T20:55:50:     polling_thread.raise_exceptions()
2026-07-20T20:55:50:   File "/Users/aicommander/CascadeProjects/toolcalc/scripts/seo/.venv/lib/python3.9/site-packages/telebot/util.py", line 115, in raise_exceptions
2026-07-20T20:55:50:     raise self.exception_info
2026-07-20T20:55:50:   File "/Users/aicommander/CascadeProjects/toolcalc/scripts/seo/.venv/lib/python3.9/site-packages/telebot/util.py", line 97, in run
2026-07-20T20:55:50:     task(*args, **kwargs)
2026-07-20T20:55:50:   File "/Users/aicommander/CascadeProjects/toolcalc/scripts/seo/.venv/lib/python3.9/site-packages/telebot/__init__.py", line 688, in __retrieve_updates
2026-07-20T20:55:50:     updates = self.get_updates(offset=(self.last_update_id + 1),
2026-07-20T20:55:50:   File "/Users/aicommander/CascadeProjects/toolcalc/scripts/seo/.venv/lib/python3.9/site-packages/telebot/__init__.py", line 660, in get_updates
2026-07-20T20:55:50:     json_updates = apihelper.get_updates(
2026-07-20T20:55:50:   File "/Users/aicommander/CascadeProjects/toolcalc/scripts/seo/.venv/lib/python3.9/site-packages/telebot/apihelper.py", line 339, in get_updates
2026-07-20T20:55:50:     return _make_request(token, method_url, params=payload)
2026-07-20T20:55:50:   File "/Users/aicommander/CascadeProjects/toolcalc/scripts/seo/.venv/lib/python3.9/site-packages/telebot/apihelper.py", line 168, in _make_request
2026-07-20T20:55:50:     json_result = _check_result(method_name, result)
2026-07-20T20:55:50:   File "/Users/aicommander/CascadeProjects/toolcalc/scripts/seo/.venv/lib/python3.9/site-packages/telebot/apihelper.py", line 197, in _check_result
2026-07-20T20:55:50:     raise ApiTelegramException(method_name, result, result_json)
2026-07-20T20:55:50: telebot.apihelper.ApiTelegramException: A request to the Telegram API was unsuccessful. Error code: 409. Description: Conflict: terminated by other getUpdates request; make sure that only one bot instance is running
2026-07-20T20:55:50: "
2026-07-20T20:56:53: 2026-07-20 20:56:53,837 (__init__.py:1241 MainThread) ERROR - TeleBot: "Threaded polling exception: A request to the Telegram API was unsuccessful. Error code: 409. Description: Conflict: terminated by other getUpdates request; make sure that only one bot instance is running"
2026-07-20T20:56:53: 2026-07-20 20:56:53,837 (__init__.py:1243 MainThread) ERROR - TeleBot: "Exception traceback:
2026-07-20T20:56:53: Traceback (most recent call last):
2026-07-20T20:56:53:   File "/Users/aicommander/CascadeProjects/toolcalc/scripts/seo/.venv/lib/python3.9/site-packages/telebot/__init__.py", line 1234, in __threaded_polling
2026-07-20T20:56:53:     polling_thread.raise_exceptions()
2026-07-20T20:56:53:   File "/Users/aicommander/CascadeProjects/toolcalc/scripts/seo/.venv/lib/python3.9/site-packages/telebot/util.py", line 115, in raise_exceptions
2026-07-20T20:56:53:     raise self.exception_info
2026-07-20T20:56:53:   File "/Users/aicommander/CascadeProjects/toolcalc/scripts/seo/.venv/lib/python3.9/site-packages/telebot/util.py", line 97, in run
2026-07-20T20:56:53:     task(*args, **kwargs)
2026-07-20T20:56:53:   File "/Users/aicommander/CascadeProjects/toolcalc/scripts/seo/.venv/lib/python3.9/site-packages/telebot/__init__.py", line 688, in __retrieve_updates
2026-07-20T20:56:53:     updates = self.get_updates(offset=(self.last_update_id + 1),
2026-07-20T20:56:53:   File "/Users/aicommander/CascadeProjects/toolcalc/scripts/seo/.venv/lib/python3.9/site-packages/telebot/__init__.py", line 660, in get_updates
2026-07-20T20:56:53:     json_updates = apihelper.get_updates(
2026-07-20T20:56:53:   File "/Users/aicommander/CascadeProjects/toolcalc/scripts/seo/.venv/lib/python3.9/site-packages/telebot/apihelper.py", line 339, in get_updates
2026-07-20T20:56:53:     return _make_request(token, method_url, params=payload)
2026-07-20T20:56:53:   File "/Users/aicommander/CascadeProjects/toolcalc/scripts/seo/.venv/lib/python3.9/site-packages/telebot/apihelper.py", line 168, in _make_request
2026-07-20T20:56:53:     json_result = _check_result(method_name, result)
2026-07-20T20:56:53:   File "/Users/aicommander/CascadeProjects/toolcalc/scripts/seo/.venv/lib/python3.9/site-packages/telebot/apihelper.py", line 197, in _check_result
2026-07-20T20:56:53:     raise ApiTelegramException(method_name, result, result_json)
2026-07-20T20:56:53: telebot.apihelper.ApiTelegramException: A request to the Telegram API was unsuccessful. Error code: 409. Description: Conflict: terminated by other getUpdates request; make sure that only one bot instance is running
2026-07-20T20:56:53: "
2026-07-20T20:57:57: 2026-07-20 20:57:57,652 (__init__.py:1241 MainThread) ERROR - TeleBot: "Threaded polling exception: A request to the Telegram API was unsuccessful. Error code: 409. Description: Conflict: terminated by other getUpdates request; make sure that only one bot instance is running"
2026-07-20T20:57:57: 2026-07-20 20:57:57,652 (__init__.py:1243 MainThread) ERROR - TeleBot: "Exception traceback:
2026-07-20T20:57:57: Traceback (most recent call last):
2026-07-20T20:57:57:   File "/Users/aicommander/CascadeProjects/toolcalc/scripts/seo/.venv/lib/python3.9/site-packages/telebot/__init__.py", line 1234, in __threaded_polling
2026-07-20T20:57:57:     polling_thread.raise_exceptions()
2026-07-20T20:57:57:   File "/Users/aicommander/CascadeProjects/toolcalc/scripts/seo/.venv/lib/python3.9/site-packages/telebot/util.py", line 115, in raise_exceptions
2026-07-20T20:57:57:     raise self.exception_info
2026-07-20T20:57:57:   File "/Users/aicommander/CascadeProjects/toolcalc/scripts/seo/.venv/lib/python3.9/site-packages/telebot/util.py", line 97, in run
2026-07-20T20:57:57:     task(*args, **kwargs)
2026-07-20T20:57:57:   File "/Users/aicommander/CascadeProjects/toolcalc/scripts/seo/.venv/lib/python3.9/site-packages/telebot/__init__.py", line 688, in __retrieve_updates
2026-07-20T20:57:57:     updates = self.get_updates(offset=(self.last_update_id + 1),
2026-07-20T20:57:57:   File "/Users/aicommander/CascadeProjects/toolcalc/scripts/seo/.venv/lib/python3.9/site-packages/telebot/__init__.py", line 660, in get_updates
2026-07-20T20:57:57:     json_updates = apihelper.get_updates(
2026-07-20T20:57:57:   File "/Users/aicommander/CascadeProjects/toolcalc/scripts/seo/.venv/lib/python3.9/site-packages/telebot/apihelper.py", line 339, in get_updates
2026-07-20T20:57:57:     return _make_request(token, method_url, params=payload)
2026-07-20T20:57:57:   File "/Users/aicommander/CascadeProjects/toolcalc/scripts/seo/.venv/lib/python3.9/site-packages/telebot/apihelper.py", line 168, in _make_request
2026-07-20T20:57:57:     json_result = _check_result(method_name, result)
2026-07-20T20:57:57:   File "/Users/aicommander/CascadeProjects/toolcalc/scripts/seo/.venv/lib/python3.9/site-packages/telebot/apihelper.py", line 197, in _check_result
2026-07-20T20:57:57:     raise ApiTelegramException(method_name, result, result_json)
2026-07-20T20:57:57: telebot.apihelper.ApiTelegramException: A request to the Telegram API was unsuccessful. Error code: 409. Description: Conflict: terminated by other getUpdates request; make sure that only one bot instance is running
2026-07-20T20:57:57: "
2026-07-20T20:58:05: 2026-07-20 20:58:05,003 (__init__.py:1241 MainThread) ERROR - TeleBot: "Threaded polling exception: A request to the Telegram API was unsuccessful. Error code: 409. Description: Conflict: terminated by other getUpdates request; make sure that only one bot instance is running"
2026-07-20T20:58:05: 2026-07-20 20:58:05,004 (__init__.py:1243 MainThread) ERROR - TeleBot: "Exception traceback:
2026-07-20T20:58:05: Traceback (most recent call last):
2026-07-20T20:58:05:   File "/Users/aicommander/CascadeProjects/toolcalc/scripts/seo/.venv/lib/python3.9/site-packages/telebot/__init__.py", line 1234, in __threaded_polling
2026-07-20T20:58:05:     polling_thread.raise_exceptions()
2026-07-20T20:58:05:   File "/Users/aicommander/CascadeProjects/toolcalc/scripts/seo/.venv/lib/python3.9/site-packages/telebot/util.py", line 115, in raise_exceptions
2026-07-20T20:58:05:     raise self.exception_info
2026-07-20T20:58:05:   File "/Users/aicommander/CascadeProjects/toolcalc/scripts/seo/.venv/lib/python3.9/site-packages/telebot/util.py", line 97, in run
2026-07-20T20:58:05:     task(*args, **kwargs)
2026-07-20T20:58:05:   File "/Users/aicommander/CascadeProjects/toolcalc/scripts/seo/.venv/lib/python3.9/site-packages/telebot/__init__.py", line 688, in __retrieve_updates
2026-07-20T20:58:05:     updates = self.get_updates(offset=(self.last_update_id + 1),
2026-07-20T20:58:05:   File "/Users/aicommander/CascadeProjects/toolcalc/scripts/seo/.venv/lib/python3.9/site-packages/telebot/__init__.py", line 660, in get_updates
2026-07-20T20:58:05:     json_updates = apihelper.get_updates(
2026-07-20T20:58:05:   File "/Users/aicommander/CascadeProjects/toolcalc/scripts/seo/.venv/lib/python3.9/site-packages/telebot/apihelper.py", line 339, in get_updates
2026-07-20T20:58:05:     return _make_request(token, method_url, params=payload)
2026-07-20T20:58:05:   File "/Users/aicommander/CascadeProjects/toolcalc/scripts/seo/.venv/lib/python3.9/site-packages/telebot/apihelper.py", line 168, in _make_request
2026-07-20T20:58:05:     json_result = _check_result(method_name, result)
2026-07-20T20:58:05:   File "/Users/aicommander/CascadeProjects/toolcalc/scripts/seo/.venv/lib/python3.9/site-packages/telebot/apihelper.py", line 197, in _check_result
2026-07-20T20:58:05:     raise ApiTelegramException(method_name, result, result_json)
2026-07-20T20:58:05: telebot.apihelper.ApiTelegramException: A request to the Telegram API was unsuccessful. Error code: 409. Description: Conflict: terminated by other getUpdates request; make sure that only one bot instance is running
2026-07-20T20:58:05: "
2026-07-20T20:58:09: 2026-07-20 20:58:09,282 (__init__.py:1241 MainThread) ERROR - TeleBot: "Threaded polling exception: A request to the Telegram API was unsuccessful. Error code: 409. Description: Conflict: terminated by other getUpdates request; make sure that only one bot instance is running"
2026-07-20T20:58:09: 2026-07-20 20:58:09,282 (__init__.py:1243 MainThread) ERROR - TeleBot: "Exception traceback:
2026-07-20T20:58:09: Traceback (most recent call last):
2026-07-20T20:58:09:   File "/Users/aicommander/CascadeProjects/toolcalc/scripts/seo/.venv/lib/python3.9/site-packages/telebot/__init__.py", line 1234, in __threaded_polling
2026-07-20T20:58:09:     polling_thread.raise_exceptions()
2026-07-20T20:58:09:   File "/Users/aicommander/CascadeProjects/toolcalc/scripts/seo/.venv/lib/python3.9/site-packages/telebot/util.py", line 115, in raise_exceptions
2026-07-20T20:58:09:     raise self.exception_info
2026-07-20T20:58:09:   File "/Users/aicommander/CascadeProjects/toolcalc/scripts/seo/.venv/lib/python3.9/site-packages/telebot/util.py", line 97, in run
2026-07-20T20:58:09:     task(*args, **kwargs)
2026-07-20T20:58:09:   File "/Users/aicommander/CascadeProjects/toolcalc/scripts/seo/.venv/lib/python3.9/site-packages/telebot/__init__.py", line 688, in __retrieve_updates
2026-07-20T20:58:09:     updates = self.get_updates(offset=(self.last_update_id + 1),
2026-07-20T20:58:09:   File "/Users/aicommander/CascadeProjects/toolcalc/scripts/seo/.venv/lib/python3.9/site-packages/telebot/__init__.py", line 660, in get_updates
2026-07-20T20:58:09:     json_updates = apihelper.get_updates(
2026-07-20T20:58:09:   File "/Users/aicommander/CascadeProjects/toolcalc/scripts/seo/.venv/lib/python3.9/site-packages/telebot/apihelper.py", line 339, in get_updates
2026-07-20T20:58:09:     return _make_request(token, method_url, params=payload)
2026-07-20T20:58:09:   File "/Users/aicommander/CascadeProjects/toolcalc/scripts/seo/.venv/lib/python3.9/site-packages/telebot/apihelper.py", line 168, in _make_request
2026-07-20T20:58:09:     json_result = _check_result(method_name, result)
2026-07-20T20:58:09:   File "/Users/aicommander/CascadeProjects/toolcalc/scripts/seo/.venv/lib/python3.9/site-packages/telebot/apihelper.py", line 197, in _check_result
2026-07-20T20:58:09:     raise ApiTelegramException(method_name, result, result_json)
2026-07-20T20:58:09: telebot.apihelper.ApiTelegramException: A request to the Telegram API was unsuccessful. Error code: 409. Description: Conflict: terminated by other getUpdates request; make sure that only one bot instance is running
2026-07-20T20:58:09: "
2026-07-20T20:58:14: 2026-07-20 20:58:14,323 (__init__.py:1241 MainThread) ERROR - TeleBot: "Threaded polling exception: A request to the Telegram API was unsuccessful. Error code: 409. Description: Conflict: terminated by other getUpdates request; make sure that only one bot instance is running"
2026-07-20T20:58:14: 2026-07-20 20:58:14,324 (__init__.py:1243 MainThread) ERROR - TeleBot: "Exception traceback:
2026-07-20T20:58:14: Traceback (most recent call last):
2026-07-20T20:58:14:   File "/Users/aicommander/CascadeProjects/toolcalc/scripts/seo/.venv/lib/python3.9/site-packages/telebot/__init__.py", line 1234, in __threaded_polling
2026-07-20T20:58:14:     polling_thread.raise_exceptions()
2026-07-20T20:58:14:   File "/Users/aicommander/CascadeProjects/toolcalc/scripts/seo/.venv/lib/python3.9/site-packages/telebot/util.py", line 115, in raise_exceptions
2026-07-20T20:58:14:     raise self.exception_info
2026-07-20T20:58:14:   File "/Users/aicommander/CascadeProjects/toolcalc/scripts/seo/.venv/lib/python3.9/site-packages/telebot/util.py", line 97, in run
2026-07-20T20:58:14:     task(*args, **kwargs)
2026-07-20T20:58:14:   File "/Users/aicommander/CascadeProjects/toolcalc/scripts/seo/.venv/lib/python3.9/site-packages/telebot/__init__.py", line 688, in __retrieve_updates
2026-07-20T20:58:14:     updates = self.get_updates(offset=(self.last_update_id + 1),
2026-07-20T20:58:14:   File "/Users/aicommander/CascadeProjects/toolcalc/scripts/seo/.venv/lib/python3.9/site-packages/telebot/__init__.py", line 660, in get_updates
2026-07-20T20:58:14:     json_updates = apihelper.get_updates(
2026-07-20T20:58:14:   File "/Users/aicommander/CascadeProjects/toolcalc/scripts/seo/.venv/lib/python3.9/site-packages/telebot/apihelper.py", line 339, in get_updates
2026-07-20T20:58:14:     return _make_request(token, method_url, params=payload)
2026-07-20T20:58:14:   File "/Users/aicommander/CascadeProjects/toolcalc/scripts/seo/.venv/lib/python3.9/site-packages/telebot/apihelper.py", line 168, in _make_request
2026-07-20T20:58:14:     json_result = _check_result(method_name, result)
2026-07-20T20:58:14:   File "/Users/aicommander/CascadeProjects/toolcalc/scripts/seo/.venv/lib/python3.9/site-packages/telebot/apihelper.py", line 197, in _check_result
2026-07-20T20:58:14:     raise ApiTelegramException(method_name, result, result_json)
2026-07-20T20:58:14: telebot.apihelper.ApiTelegramException: A request to the Telegram API was unsuccessful. Error code: 409. Description: Conflict: terminated by other getUpdates request; make sure that only one bot instance is running
2026-07-20T20:58:14: "
2026-07-20T20:58:20: 2026-07-20 20:58:20,805 (__init__.py:1241 MainThread) ERROR - TeleBot: "Threaded polling exception: A request to the Telegram API was unsuccessful. Error code: 409. Description: Conflict: terminated by other getUpdates request; make sure that only one bot instance is running"
2026-07-20T20:58:20: 2026-07-20 20:58:20,805 (__init__.py:1243 MainThread) ERROR - TeleBot: "Exception traceback:
2026-07-20T20:58:20: Traceback (most recent call last):
2026-07-20T20:58:20:   File "/Users/aicommander/CascadeProjects/toolcalc/scripts/seo/.venv/lib/python3.9/site-packages/telebot/__init__.py", line 1234, in __threaded_polling
2026-07-20T20:58:20:     polling_thread.raise_exceptions()
2026-07-20T20:58:20:   File "/Users/aicommander/CascadeProjects/toolcalc/scripts/seo/.venv/lib/python3.9/site-packages/telebot/util.py", line 115, in raise_exceptions
2026-07-20T20:58:20:     raise self.exception_info
2026-07-20T20:58:20:   File "/Users/aicommander/CascadeProjects/toolcalc/scripts/seo/.venv/lib/python3.9/site-packages/telebot/util.py", line 97, in run
2026-07-20T20:58:20:     task(*args, **kwargs)
2026-07-20T20:58:20:   File "/Users/aicommander/CascadeProjects/toolcalc/scripts/seo/.venv/lib/python3.9/site-packages/telebot/__init__.py", line 688, in __retrieve_updates
2026-07-20T20:58:20:     updates = self.get_updates(offset=(self.last_update_id + 1),
2026-07-20T20:58:20:   File "/Users/aicommander/CascadeProjects/toolcalc/scripts/seo/.venv/lib/python3.9/site-packages/telebot/__init__.py", line 660, in get_updates
2026-07-20T20:58:20:     json_updates = apihelper.get_updates(
2026-07-20T20:58:20:   File "/Users/aicommander/CascadeProjects/toolcalc/scripts/seo/.venv/lib/python3.9/site-packages/telebot/apihelper.py", line 339, in get_updates
2026-07-20T20:58:20:     return _make_request(token, method_url, params=payload)
2026-07-20T20:58:20:   File "/Users/aicommander/CascadeProjects/toolcalc/scripts/seo/.venv/lib/python3.9/site-packages/telebot/apihelper.py", line 168, in _make_request
2026-07-20T20:58:20:     json_result = _check_result(method_name, result)
2026-07-20T20:58:20:   File "/Users/aicommander/CascadeProjects/toolcalc/scripts/seo/.venv/lib/python3.9/site-packages/telebot/apihelper.py", line 197, in _check_result
2026-07-20T20:58:20:     raise ApiTelegramException(method_name, result, result_json)
2026-07-20T20:58:20: telebot.apihelper.ApiTelegramException: A request to the Telegram API was unsuccessful. Error code: 409. Description: Conflict: terminated by other getUpdates request; make sure that only one bot instance is running
2026-07-20T20:58:20: "
2026-07-20T20:58:30: 2026-07-20 20:58:30,328 (__init__.py:1241 MainThread) ERROR - TeleBot: "Threaded polling exception: A request to the Telegram API was unsuccessful. Error code: 409. Description: Conflict: terminated by other getUpdates request; make sure that only one bot instance is running"
2026-07-20T20:58:30: 2026-07-20 20:58:30,329 (__init__.py:1243 MainThread) ERROR - TeleBot: "Exception traceback:
2026-07-20T20:58:30: Traceback (most recent call last):
2026-07-20T20:58:30:   File "/Users/aicommander/CascadeProjects/toolcalc/scripts/seo/.venv/lib/python3.9/site-packages/telebot/__init__.py", line 1234, in __threaded_polling
2026-07-20T20:58:30:     polling_thread.raise_exceptions()
2026-07-20T20:58:30:   File "/Users/aicommander/CascadeProjects/toolcalc/scripts/seo/.venv/lib/python3.9/site-packages/telebot/util.py", line 115, in raise_exceptions
2026-07-20T20:58:30:     raise self.exception_info
2026-07-20T20:58:30:   File "/Users/aicommander/CascadeProjects/toolcalc/scripts/seo/.venv/lib/python3.9/site-packages/telebot/util.py", line 97, in run
2026-07-20T20:58:30:     task(*args, **kwargs)
2026-07-20T20:58:30:   File "/Users/aicommander/CascadeProjects/toolcalc/scripts/seo/.venv/lib/python3.9/site-packages/telebot/__init__.py", line 688, in __retrieve_updates
2026-07-20T20:58:30:     updates = self.get_updates(offset=(self.last_update_id + 1),
2026-07-20T20:58:30:   File "/Users/aicommander/CascadeProjects/toolcalc/scripts/seo/.venv/lib/python3.9/site-packages/telebot/__init__.py", line 660, in get_updates
2026-07-20T20:58:30:     json_updates = apihelper.get_updates(
2026-07-20T20:58:30:   File "/Users/aicommander/CascadeProjects/toolcalc/scripts/seo/.venv/lib/python3.9/site-packages/telebot/apihelper.py", line 339, in get_updates
2026-07-20T20:58:30:     return _make_request(token, method_url, params=payload)
2026-07-20T20:58:30:   File "/Users/aicommander/CascadeProjects/toolcalc/scripts/seo/.venv/lib/python3.9/site-packages/telebot/apihelper.py", line 168, in _make_request
2026-07-20T20:58:30:     json_result = _check_result(method_name, result)
2026-07-20T20:58:30:   File "/Users/aicommander/CascadeProjects/toolcalc/scripts/seo/.venv/lib/python3.9/site-packages/telebot/apihelper.py", line 197, in _check_result
2026-07-20T20:58:30:     raise ApiTelegramException(method_name, result, result_json)
2026-07-20T20:58:30: telebot.apihelper.ApiTelegramException: A request to the Telegram API was unsuccessful. Error code: 409. Description: Conflict: terminated by other getUpdates request; make sure that only one bot instance is running
2026-07-20T20:58:30: "
2026-07-20T20:58:42: 2026-07-20 20:58:42,867 (__init__.py:1241 MainThread) ERROR - TeleBot: "Threaded polling exception: A request to the Telegram API was unsuccessful. Error code: 409. Description: Conflict: terminated by other getUpdates request; make sure that only one bot instance is running"
2026-07-20T20:58:42: 2026-07-20 20:58:42,867 (__init__.py:1243 MainThread) ERROR - TeleBot: "Exception traceback:
2026-07-20T20:58:42: Traceback (most recent call last):
2026-07-20T20:58:42:   File "/Users/aicommander/CascadeProjects/toolcalc/scripts/seo/.venv/lib/python3.9/site-packages/telebot/__init__.py", line 1234, in __threaded_polling
2026-07-20T20:58:42:     polling_thread.raise_exceptions()
2026-07-20T20:58:42:   File "/Users/aicommander/CascadeProjects/toolcalc/scripts/seo/.venv/lib/python3.9/site-packages/telebot/util.py", line 115, in raise_exceptions
2026-07-20T20:58:42:     raise self.exception_info
2026-07-20T20:58:42:   File "/Users/aicommander/CascadeProjects/toolcalc/scripts/seo/.venv/lib/python3.9/site-packages/telebot/util.py", line 97, in run
2026-07-20T20:58:42:     task(*args, **kwargs)
2026-07-20T20:58:42:   File "/Users/aicommander/CascadeProjects/toolcalc/scripts/seo/.venv/lib/python3.9/site-packages/telebot/__init__.py", line 688, in __retrieve_updates
2026-07-20T20:58:42:     updates = self.get_updates(offset=(self.last_update_id + 1),
2026-07-20T20:58:42:   File "/Users/aicommander/CascadeProjects/toolcalc/scripts/seo/.venv/lib/python3.9/site-packages/telebot/__init__.py", line 660, in get_updates
2026-07-20T20:58:42:     json_updates = apihelper.get_updates(
2026-07-20T20:58:42:   File "/Users/aicommander/CascadeProjects/toolcalc/scripts/seo/.venv/lib/python3.9/site-packages/telebot/apihelper.py", line 339, in get_updates
2026-07-20T20:58:42:     return _make_request(token, method_url, params=payload)
2026-07-20T20:58:42:   File "/Users/aicommander/CascadeProjects/toolcalc/scripts/seo/.venv/lib/python3.9/site-packages/telebot/apihelper.py", line 168, in _make_request
2026-07-20T20:58:42:     json_result = _check_result(method_name, result)
2026-07-20T20:58:42:   File "/Users/aicommander/CascadeProjects/toolcalc/scripts/seo/.venv/lib/python3.9/site-packages/telebot/apihelper.py", line 197, in _check_result
2026-07-20T20:58:42:     raise ApiTelegramException(method_name, result, result_json)
2026-07-20T20:58:42: telebot.apihelper.ApiTelegramException: A request to the Telegram API was unsuccessful. Error code: 409. Description: Conflict: terminated by other getUpdates request; make sure that only one bot instance is running
2026-07-20T20:58:42: "
2026-07-20T20:59:07: 2026-07-20 20:59:07,378 (__init__.py:1241 MainThread) ERROR - TeleBot: "Threaded polling exception: A request to the Telegram API was unsuccessful. Error code: 409. Description: Conflict: terminated by other getUpdates request; make sure that only one bot instance is running"
2026-07-20T20:59:07: 2026-07-20 20:59:07,378 (__init__.py:1243 MainThread) ERROR - TeleBot: "Exception traceback:
2026-07-20T20:59:07: Traceback (most recent call last):
2026-07-20T20:59:07:   File "/Users/aicommander/CascadeProjects/toolcalc/scripts/seo/.venv/lib/python3.9/site-packages/telebot/__init__.py", line 1234, in __threaded_polling
2026-07-20T20:59:07:     polling_thread.raise_exceptions()
2026-07-20T20:59:07:   File "/Users/aicommander/CascadeProjects/toolcalc/scripts/seo/.venv/lib/python3.9/site-packages/telebot/util.py", line 115, in raise_exceptions
2026-07-20T20:59:07:     raise self.exception_info
2026-07-20T20:59:07:   File "/Users/aicommander/CascadeProjects/toolcalc/scripts/seo/.venv/lib/python3.9/site-packages/telebot/util.py", line 97, in run
2026-07-20T20:59:07:     task(*args, **kwargs)
2026-07-20T20:59:07:   File "/Users/aicommander/CascadeProjects/toolcalc/scripts/seo/.venv/lib/python3.9/site-packages/telebot/__init__.py", line 688, in __retrieve_updates
2026-07-20T20:59:07:     updates = self.get_updates(offset=(self.last_update_id + 1),
2026-07-20T20:59:07:   File "/Users/aicommander/CascadeProjects/toolcalc/scripts/seo/.venv/lib/python3.9/site-packages/telebot/__init__.py", line 660, in get_updates
2026-07-20T20:59:07:     json_updates = apihelper.get_updates(
2026-07-20T20:59:07:   File "/Users/aicommander/CascadeProjects/toolcalc/scripts/seo/.venv/lib/python3.9/site-packages/telebot/apihelper.py", line 339, in get_updates
2026-07-20T20:59:07:     return _make_request(token, method_url, params=payload)
2026-07-20T20:59:07:   File "/Users/aicommander/CascadeProjects/toolcalc/scripts/seo/.venv/lib/python3.9/site-packages/telebot/apihelper.py", line 168, in _make_request
2026-07-20T20:59:07:     json_result = _check_result(method_name, result)
2026-07-20T20:59:07:   File "/Users/aicommander/CascadeProjects/toolcalc/scripts/seo/.venv/lib/python3.9/site-packages/telebot/apihelper.py", line 197, in _check_result
2026-07-20T20:59:07:     raise ApiTelegramException(method_name, result, result_json)
2026-07-20T20:59:07: telebot.apihelper.ApiTelegramException: A request to the Telegram API was unsuccessful. Error code: 409. Description: Conflict: terminated by other getUpdates request; make sure that only one bot instance is running
2026-07-20T20:59:07: "
2026-07-20T20:59:43: 2026-07-20 20:59:43,259 (__init__.py:1241 MainThread) ERROR - TeleBot: "Threaded polling exception: A request to the Telegram API was unsuccessful. Error code: 409. Description: Conflict: terminated by other getUpdates request; make sure that only one bot instance is running"
2026-07-20T20:59:43: 2026-07-20 20:59:43,260 (__init__.py:1243 MainThread) ERROR - TeleBot: "Exception traceback:
2026-07-20T20:59:43: Traceback (most recent call last):
2026-07-20T20:59:43:   File "/Users/aicommander/CascadeProjects/toolcalc/scripts/seo/.venv/lib/python3.9/site-packages/telebot/__init__.py", line 1234, in __threaded_polling
2026-07-20T20:59:43:     polling_thread.raise_exceptions()
2026-07-20T20:59:43:   File "/Users/aicommander/CascadeProjects/toolcalc/scripts/seo/.venv/lib/python3.9/site-packages/telebot/util.py", line 115, in raise_exceptions
2026-07-20T20:59:43:     raise self.exception_info
2026-07-20T20:59:43:   File "/Users/aicommander/CascadeProjects/toolcalc/scripts/seo/.venv/lib/python3.9/site-packages/telebot/util.py", line 97, in run
2026-07-20T20:59:43:     task(*args, **kwargs)
2026-07-20T20:59:43:   File "/Users/aicommander/CascadeProjects/toolcalc/scripts/seo/.venv/lib/python3.9/site-packages/telebot/__init__.py", line 688, in __retrieve_updates
2026-07-20T20:59:43:     updates = self.get_updates(offset=(self.last_update_id + 1),
2026-07-20T20:59:43:   File "/Users/aicommander/CascadeProjects/toolcalc/scripts/seo/.venv/lib/python3.9/site-packages/telebot/__init__.py", line 660, in get_updates
2026-07-20T20:59:43:     json_updates = apihelper.get_updates(
2026-07-20T20:59:43:   File "/Users/aicommander/CascadeProjects/toolcalc/scripts/seo/.venv/lib/python3.9/site-packages/telebot/apihelper.py", line 339, in get_updates
2026-07-20T20:59:43:     return _make_request(token, method_url, params=payload)
2026-07-20T20:59:43:   File "/Users/aicommander/CascadeProjects/toolcalc/scripts/seo/.venv/lib/python3.9/site-packages/telebot/apihelper.py", line 168, in _make_request
2026-07-20T20:59:43:     json_result = _check_result(method_name, result)
2026-07-20T20:59:43:   File "/Users/aicommander/CascadeProjects/toolcalc/scripts/seo/.venv/lib/python3.9/site-packages/telebot/apihelper.py", line 197, in _check_result
2026-07-20T20:59:43:     raise ApiTelegramException(method_name, result, result_json)
2026-07-20T20:59:43: telebot.apihelper.ApiTelegramException: A request to the Telegram API was unsuccessful. Error code: 409. Description: Conflict: terminated by other getUpdates request; make sure that only one bot instance is running
2026-07-20T20:59:43: "
2026-07-20T21:00:47: 2026-07-20 21:00:47,038 (__init__.py:1241 MainThread) ERROR - TeleBot: "Threaded polling exception: A request to the Telegram API was unsuccessful. Error code: 409. Description: Conflict: terminated by other getUpdates request; make sure that only one bot instance is running"
2026-07-20T21:00:47: 2026-07-20 21:00:47,039 (__init__.py:1243 MainThread) ERROR - TeleBot: "Exception traceback:
2026-07-20T21:00:47: Traceback (most recent call last):
2026-07-20T21:00:47:   File "/Users/aicommander/CascadeProjects/toolcalc/scripts/seo/.venv/lib/python3.9/site-packages/telebot/__init__.py", line 1234, in __threaded_polling
2026-07-20T21:00:47:     polling_thread.raise_exceptions()
2026-07-20T21:00:47:   File "/Users/aicommander/CascadeProjects/toolcalc/scripts/seo/.venv/lib/python3.9/site-packages/telebot/util.py", line 115, in raise_exceptions
2026-07-20T21:00:47:     raise self.exception_info
2026-07-20T21:00:47:   File "/Users/aicommander/CascadeProjects/toolcalc/scripts/seo/.venv/lib/python3.9/site-packages/telebot/util.py", line 97, in run
2026-07-20T21:00:47:     task(*args, **kwargs)
2026-07-20T21:00:47:   File "/Users/aicommander/CascadeProjects/toolcalc/scripts/seo/.venv/lib/python3.9/site-packages/telebot/__init__.py", line 688, in __retrieve_updates
2026-07-20T21:00:47:     updates = self.get_updates(offset=(self.last_update_id + 1),
2026-07-20T21:00:47:   File "/Users/aicommander/CascadeProjects/toolcalc/scripts/seo/.venv/lib/python3.9/site-packages/telebot/__init__.py", line 660, in get_updates
2026-07-20T21:00:47:     json_updates = apihelper.get_updates(
2026-07-20T21:00:47:   File "/Users/aicommander/CascadeProjects/toolcalc/scripts/seo/.venv/lib/python3.9/site-packages/telebot/apihelper.py", line 339, in get_updates
2026-07-20T21:00:47:     return _make_request(token, method_url, params=payload)
2026-07-20T21:00:47:   File "/Users/aicommander/CascadeProjects/toolcalc/scripts/seo/.venv/lib/python3.9/site-packages/telebot/apihelper.py", line 168, in _make_request
2026-07-20T21:00:47:     json_result = _check_result(method_name, result)
2026-07-20T21:00:47:   File "/Users/aicommander/CascadeProjects/toolcalc/scripts/seo/.venv/lib/python3.9/site-packages/telebot/apihelper.py", line 197, in _check_result
2026-07-20T21:00:47:     raise ApiTelegramException(method_name, result, result_json)
2026-07-20T21:00:47: telebot.apihelper.ApiTelegramException: A request to the Telegram API was unsuccessful. Error code: 409. Description: Conflict: terminated by other getUpdates request; make sure that only one bot instance is running
2026-07-20T21:00:47: "
2026-07-20T21:01:50: 2026-07-20 21:01:50,861 (__init__.py:1241 MainThread) ERROR - TeleBot: "Threaded polling exception: A request to the Telegram API was unsuccessful. Error code: 409. Description: Conflict: terminated by other getUpdates request; make sure that only one bot instance is running"
2026-07-20T21:01:50: 2026-07-20 21:01:50,861 (__init__.py:1243 MainThread) ERROR - TeleBot: "Exception traceback:
2026-07-20T21:01:50: Traceback (most recent call last):
2026-07-20T21:01:50:   File "/Users/aicommander/CascadeProjects/toolcalc/scripts/seo/.venv/lib/python3.9/site-packages/telebot/__init__.py", line 1234, in __threaded_polling
2026-07-20T21:01:50:     polling_thread.raise_exceptions()
2026-07-20T21:01:50:   File "/Users/aicommander/CascadeProjects/toolcalc/scripts/seo/.venv/lib/python3.9/site-packages/telebot/util.py", line 115, in raise_exceptions
2026-07-20T21:01:50:     raise self.exception_info
2026-07-20T21:01:50:   File "/Users/aicommander/CascadeProjects/toolcalc/scripts/seo/.venv/lib/python3.9/site-packages/telebot/util.py", line 97, in run
2026-07-20T21:01:50:     task(*args, **kwargs)
2026-07-20T21:01:50:   File "/Users/aicommander/CascadeProjects/toolcalc/scripts/seo/.venv/lib/python3.9/site-packages/telebot/__init__.py", line 688, in __retrieve_updates
2026-07-20T21:01:50:     updates = self.get_updates(offset=(self.last_update_id + 1),
2026-07-20T21:01:50:   File "/Users/aicommander/CascadeProjects/toolcalc/scripts/seo/.venv/lib/python3.9/site-packages/telebot/__init__.py", line 660, in get_updates
2026-07-20T21:01:50:     json_updates = apihelper.get_updates(
2026-07-20T21:01:50:   File "/Users/aicommander/CascadeProjects/toolcalc/scripts/seo/.venv/lib/python3.9/site-packages/telebot/apihelper.py", line 339, in get_updates
2026-07-20T21:01:50:     return _make_request(token, method_url, params=payload)
2026-07-20T21:01:50:   File "/Users/aicommander/CascadeProjects/toolcalc/scripts/seo/.venv/lib/python3.9/site-packages/telebot/apihelper.py", line 168, in _make_request
2026-07-20T21:01:50:     json_result = _check_result(method_name, result)
2026-07-20T21:01:50:   File "/Users/aicommander/CascadeProjects/toolcalc/scripts/seo/.venv/lib/python3.9/site-packages/telebot/apihelper.py", line 197, in _check_result
2026-07-20T21:01:50:     raise ApiTelegramException(method_name, result, result_json)
2026-07-20T21:01:50: telebot.apihelper.ApiTelegramException: A request to the Telegram API was unsuccessful. Error code: 409. Description: Conflict: terminated by other getUpdates request; make sure that only one bot instance is running
2026-07-20T21:01:50: "
2026-07-20T21:02:54: 2026-07-20 21:02:54,608 (__init__.py:1241 MainThread) ERROR - TeleBot: "Threaded polling exception: A request to the Telegram API was unsuccessful. Error code: 409. Description: Conflict: terminated by other getUpdates request; make sure that only one bot instance is running"
2026-07-20T21:02:54: 2026-07-20 21:02:54,608 (__init__.py:1243 MainThread) ERROR - TeleBot: "Exception traceback:
2026-07-20T21:02:54: Traceback (most recent call last):
2026-07-20T21:02:54:   File "/Users/aicommander/CascadeProjects/toolcalc/scripts/seo/.venv/lib/python3.9/site-packages/telebot/__init__.py", line 1234, in __threaded_polling
2026-07-20T21:02:54:     polling_thread.raise_exceptions()
2026-07-20T21:02:54:   File "/Users/aicommander/CascadeProjects/toolcalc/scripts/seo/.venv/lib/python3.9/site-packages/telebot/util.py", line 115, in raise_exceptions
2026-07-20T21:02:54:     raise self.exception_info
2026-07-20T21:02:54:   File "/Users/aicommander/CascadeProjects/toolcalc/scripts/seo/.venv/lib/python3.9/site-packages/telebot/util.py", line 97, in run
2026-07-20T21:02:54:     task(*args, **kwargs)
2026-07-20T21:02:54:   File "/Users/aicommander/CascadeProjects/toolcalc/scripts/seo/.venv/lib/python3.9/site-packages/telebot/__init__.py", line 688, in __retrieve_updates
2026-07-20T21:02:54:     updates = self.get_updates(offset=(self.last_update_id + 1),
2026-07-20T21:02:54:   File "/Users/aicommander/CascadeProjects/toolcalc/scripts/seo/.venv/lib/python3.9/site-packages/telebot/__init__.py", line 660, in get_updates
2026-07-20T21:02:54:     json_updates = apihelper.get_updates(
2026-07-20T21:02:54:   File "/Users/aicommander/CascadeProjects/toolcalc/scripts/seo/.venv/lib/python3.9/site-packages/telebot/apihelper.py", line 339, in get_updates
2026-07-20T21:02:54:     return _make_request(token, method_url, params=payload)
2026-07-20T21:02:54:   File "/Users/aicommander/CascadeProjects/toolcalc/scripts/seo/.venv/lib/python3.9/site-packages/telebot/apihelper.py", line 168, in _make_request
2026-07-20T21:02:54:     json_result = _check_result(method_name, result)
2026-07-20T21:02:54:   File "/Users/aicommander/CascadeProjects/toolcalc/scripts/seo/.venv/lib/python3.9/site-packages/telebot/apihelper.py", line 197, in _check_result
2026-07-20T21:02:54:     raise ApiTelegramException(method_name, result, result_json)
2026-07-20T21:02:54: telebot.apihelper.ApiTelegramException: A request to the Telegram API was unsuccessful. Error code: 409. Description: Conflict: terminated by other getUpdates request; make sure that only one bot instance is running
2026-07-20T21:02:54: "
2026-07-20T21:03:58: 2026-07-20 21:03:58,422 (__init__.py:1241 MainThread) ERROR - TeleBot: "Threaded polling exception: A request to the Telegram API was unsuccessful. Error code: 409. Description: Conflict: terminated by other getUpdates request; make sure that only one bot instance is running"
2026-07-20T21:03:58: 2026-07-20 21:03:58,423 (__init__.py:1243 MainThread) ERROR - TeleBot: "Exception traceback:
2026-07-20T21:03:58: Traceback (most recent call last):
2026-07-20T21:03:58:   File "/Users/aicommander/CascadeProjects/toolcalc/scripts/seo/.venv/lib/python3.9/site-packages/telebot/__init__.py", line 1234, in __threaded_polling
2026-07-20T21:03:58:     polling_thread.raise_exceptions()
2026-07-20T21:03:58:   File "/Users/aicommander/CascadeProjects/toolcalc/scripts/seo/.venv/lib/python3.9/site-packages/telebot/util.py", line 115, in raise_exceptions
2026-07-20T21:03:58:     raise self.exception_info
2026-07-20T21:03:58:   File "/Users/aicommander/CascadeProjects/toolcalc/scripts/seo/.venv/lib/python3.9/site-packages/telebot/util.py", line 97, in run
2026-07-20T21:03:58:     task(*args, **kwargs)
2026-07-20T21:03:58:   File "/Users/aicommander/CascadeProjects/toolcalc/scripts/seo/.venv/lib/python3.9/site-packages/telebot/__init__.py", line 688, in __retrieve_updates
2026-07-20T21:03:58:     updates = self.get_updates(offset=(self.last_update_id + 1),
2026-07-20T21:03:58:   File "/Users/aicommander/CascadeProjects/toolcalc/scripts/seo/.venv/lib/python3.9/site-packages/telebot/__init__.py", line 660, in get_updates
2026-07-20T21:03:58:     json_updates = apihelper.get_updates(
2026-07-20T21:03:58:   File "/Users/aicommander/CascadeProjects/toolcalc/scripts/seo/.venv/lib/python3.9/site-packages/telebot/apihelper.py", line 339, in get_updates
2026-07-20T21:03:58:     return _make_request(token, method_url, params=payload)
2026-07-20T21:03:58:   File "/Users/aicommander/CascadeProjects/toolcalc/scripts/seo/.venv/lib/python3.9/site-packages/telebot/apihelper.py", line 168, in _make_request
2026-07-20T21:03:58:     json_result = _check_result(method_name, result)
2026-07-20T21:03:58:   File "/Users/aicommander/CascadeProjects/toolcalc/scripts/seo/.venv/lib/python3.9/site-packages/telebot/apihelper.py", line 197, in _check_result
2026-07-20T21:03:58:     raise ApiTelegramException(method_name, result, result_json)
2026-07-20T21:03:58: telebot.apihelper.ApiTelegramException: A request to the Telegram API was unsuccessful. Error code: 409. Description: Conflict: terminated by other getUpdates request; make sure that only one bot instance is running
2026-07-20T21:03:58: "
2026-07-20T21:05:02: 2026-07-20 21:05:02,672 (__init__.py:1241 MainThread) ERROR - TeleBot: "Threaded polling exception: A request to the Telegram API was unsuccessful. Error code: 409. Description: Conflict: terminated by other getUpdates request; make sure that only one bot instance is running"
2026-07-20T21:05:02: 2026-07-20 21:05:02,672 (__init__.py:1243 MainThread) ERROR - TeleBot: "Exception traceback:
2026-07-20T21:05:02: Traceback (most recent call last):
2026-07-20T21:05:02:   File "/Users/aicommander/CascadeProjects/toolcalc/scripts/seo/.venv/lib/python3.9/site-packages/telebot/__init__.py", line 1234, in __threaded_polling
2026-07-20T21:05:02:     polling_thread.raise_exceptions()
2026-07-20T21:05:02:   File "/Users/aicommander/CascadeProjects/toolcalc/scripts/seo/.venv/lib/python3.9/site-packages/telebot/util.py", line 115, in raise_exceptions
2026-07-20T21:05:02:     raise self.exception_info
2026-07-20T21:05:02:   File "/Users/aicommander/CascadeProjects/toolcalc/scripts/seo/.venv/lib/python3.9/site-packages/telebot/util.py", line 97, in run
2026-07-20T21:05:02:     task(*args, **kwargs)
2026-07-20T21:05:02:   File "/Users/aicommander/CascadeProjects/toolcalc/scripts/seo/.venv/lib/python3.9/site-packages/telebot/__init__.py", line 688, in __retrieve_updates
2026-07-20T21:05:02:     updates = self.get_updates(offset=(self.last_update_id + 1),
2026-07-20T21:05:02:   File "/Users/aicommander/CascadeProjects/toolcalc/scripts/seo/.venv/lib/python3.9/site-packages/telebot/__init__.py", line 660, in get_updates
2026-07-20T21:05:02:     json_updates = apihelper.get_updates(
2026-07-20T21:05:02:   File "/Users/aicommander/CascadeProjects/toolcalc/scripts/seo/.venv/lib/python3.9/site-packages/telebot/apihelper.py", line 339, in get_updates
2026-07-20T21:05:02:     return _make_request(token, method_url, params=payload)
2026-07-20T21:05:02:   File "/Users/aicommander/CascadeProjects/toolcalc/scripts/seo/.venv/lib/python3.9/site-packages/telebot/apihelper.py", line 168, in _make_request
2026-07-20T21:05:02:     json_result = _check_result(method_name, result)
2026-07-20T21:05:02:   File "/Users/aicommander/CascadeProjects/toolcalc/scripts/seo/.venv/lib/python3.9/site-packages/telebot/apihelper.py", line 197, in _check_result
2026-07-20T21:05:02:     raise ApiTelegramException(method_name, result, result_json)
2026-07-20T21:05:02: telebot.apihelper.ApiTelegramException: A request to the Telegram API was unsuccessful. Error code: 409. Description: Conflict: terminated by other getUpdates request; make sure that only one bot instance is running
2026-07-20T21:05:02: "
2026-07-20T21:06:06: 2026-07-20 21:06:06,424 (__init__.py:1241 MainThread) ERROR - TeleBot: "Threaded polling exception: A request to the Telegram API was unsuccessful. Error code: 409. Description: Conflict: terminated by other getUpdates request; make sure that only one bot instance is running"
2026-07-20T21:06:06: 2026-07-20 21:06:06,424 (__init__.py:1243 MainThread) ERROR - TeleBot: "Exception traceback:
2026-07-20T21:06:06: Traceback (most recent call last):
2026-07-20T21:06:06:   File "/Users/aicommander/CascadeProjects/toolcalc/scripts/seo/.venv/lib/python3.9/site-packages/telebot/__init__.py", line 1234, in __threaded_polling
2026-07-20T21:06:06:     polling_thread.raise_exceptions()
2026-07-20T21:06:06:   File "/Users/aicommander/CascadeProjects/toolcalc/scripts/seo/.venv/lib/python3.9/site-packages/telebot/util.py", line 115, in raise_exceptions
2026-07-20T21:06:06:     raise self.exception_info
2026-07-20T21:06:06:   File "/Users/aicommander/CascadeProjects/toolcalc/scripts/seo/.venv/lib/python3.9/site-packages/telebot/util.py", line 97, in run
2026-07-20T21:06:06:     task(*args, **kwargs)
2026-07-20T21:06:06:   File "/Users/aicommander/CascadeProjects/toolcalc/scripts/seo/.venv/lib/python3.9/site-packages/telebot/__init__.py", line 688, in __retrieve_updates
2026-07-20T21:06:06:     updates = self.get_updates(offset=(self.last_update_id + 1),
2026-07-20T21:06:06:   File "/Users/aicommander/CascadeProjects/toolcalc/scripts/seo/.venv/lib/python3.9/site-packages/telebot/__init__.py", line 660, in get_updates
2026-07-20T21:06:06:     json_updates = apihelper.get_updates(
2026-07-20T21:06:06:   File "/Users/aicommander/CascadeProjects/toolcalc/scripts/seo/.venv/lib/python3.9/site-packages/telebot/apihelper.py", line 339, in get_updates
2026-07-20T21:06:06:     return _make_request(token, method_url, params=payload)
2026-07-20T21:06:06:   File "/Users/aicommander/CascadeProjects/toolcalc/scripts/seo/.venv/lib/python3.9/site-packages/telebot/apihelper.py", line 168, in _make_request
2026-07-20T21:06:06:     json_result = _check_result(method_name, result)
2026-07-20T21:06:06:   File "/Users/aicommander/CascadeProjects/toolcalc/scripts/seo/.venv/lib/python3.9/site-packages/telebot/apihelper.py", line 197, in _check_result
2026-07-20T21:06:06:     raise ApiTelegramException(method_name, result, result_json)
2026-07-20T21:06:06: telebot.apihelper.ApiTelegramException: A request to the Telegram API was unsuccessful. Error code: 409. Description: Conflict: terminated by other getUpdates request; make sure that only one bot instance is running
2026-07-20T21:06:06: "
2026-07-20T21:07:10: 2026-07-20 21:07:10,182 (__init__.py:1241 MainThread) ERROR - TeleBot: "Threaded polling exception: A request to the Telegram API was unsuccessful. Error code: 409. Description: Conflict: terminated by other getUpdates request; make sure that only one bot instance is running"
2026-07-20T21:07:10: 2026-07-20 21:07:10,183 (__init__.py:1243 MainThread) ERROR - TeleBot: "Exception traceback:
2026-07-20T21:07:10: Traceback (most recent call last):
2026-07-20T21:07:10:   File "/Users/aicommander/CascadeProjects/toolcalc/scripts/seo/.venv/lib/python3.9/site-packages/telebot/__init__.py", line 1234, in __threaded_polling
2026-07-20T21:07:10:     polling_thread.raise_exceptions()
2026-07-20T21:07:10:   File "/Users/aicommander/CascadeProjects/toolcalc/scripts/seo/.venv/lib/python3.9/site-packages/telebot/util.py", line 115, in raise_exceptions
2026-07-20T21:07:10:     raise self.exception_info
2026-07-20T21:07:10:   File "/Users/aicommander/CascadeProjects/toolcalc/scripts/seo/.venv/lib/python3.9/site-packages/telebot/util.py", line 97, in run
2026-07-20T21:07:10:     task(*args, **kwargs)
2026-07-20T21:07:10:   File "/Users/aicommander/CascadeProjects/toolcalc/scripts/seo/.venv/lib/python3.9/site-packages/telebot/__init__.py", line 688, in __retrieve_updates
2026-07-20T21:07:10:     updates = self.get_updates(offset=(self.last_update_id + 1),
2026-07-20T21:07:10:   File "/Users/aicommander/CascadeProjects/toolcalc/scripts/seo/.venv/lib/python3.9/site-packages/telebot/__init__.py", line 660, in get_updates
2026-07-20T21:07:10:     json_updates = apihelper.get_updates(
2026-07-20T21:07:10:   File "/Users/aicommander/CascadeProjects/toolcalc/scripts/seo/.venv/lib/python3.9/site-packages/telebot/apihelper.py", line 339, in get_updates
2026-07-20T21:07:10:     return _make_request(token, method_url, params=payload)
2026-07-20T21:07:10:   File "/Users/aicommander/CascadeProjects/toolcalc/scripts/seo/.venv/lib/python3.9/site-packages/telebot/apihelper.py", line 168, in _make_request
2026-07-20T21:07:10:     json_result = _check_result(method_name, result)
2026-07-20T21:07:10:   File "/Users/aicommander/CascadeProjects/toolcalc/scripts/seo/.venv/lib/python3.9/site-packages/telebot/apihelper.py", line 197, in _check_result
2026-07-20T21:07:10:     raise ApiTelegramException(method_name, result, result_json)
2026-07-20T21:07:10: telebot.apihelper.ApiTelegramException: A request to the Telegram API was unsuccessful. Error code: 409. Description: Conflict: terminated by other getUpdates request; make sure that only one bot instance is running
2026-07-20T21:07:10: "
2026-07-20T21:08:13: 2026-07-20 21:08:13,955 (__init__.py:1241 MainThread) ERROR - TeleBot: "Threaded polling exception: A request to the Telegram API was unsuccessful. Error code: 409. Description: Conflict: terminated by other getUpdates request; make sure that only one bot instance is running"
2026-07-20T21:08:13: 2026-07-20 21:08:13,955 (__init__.py:1243 MainThread) ERROR - TeleBot: "Exception traceback:
2026-07-20T21:08:13: Traceback (most recent call last):
2026-07-20T21:08:13:   File "/Users/aicommander/CascadeProjects/toolcalc/scripts/seo/.venv/lib/python3.9/site-packages/telebot/__init__.py", line 1234, in __threaded_polling
2026-07-20T21:08:13:     polling_thread.raise_exceptions()
2026-07-20T21:08:13:   File "/Users/aicommander/CascadeProjects/toolcalc/scripts/seo/.venv/lib/python3.9/site-packages/telebot/util.py", line 115, in raise_exceptions
2026-07-20T21:08:13:     raise self.exception_info
2026-07-20T21:08:13:   File "/Users/aicommander/CascadeProjects/toolcalc/scripts/seo/.venv/lib/python3.9/site-packages/telebot/util.py", line 97, in run
2026-07-20T21:08:13:     task(*args, **kwargs)
2026-07-20T21:08:13:   File "/Users/aicommander/CascadeProjects/toolcalc/scripts/seo/.venv/lib/python3.9/site-packages/telebot/__init__.py", line 688, in __retrieve_updates
2026-07-20T21:08:13:     updates = self.get_updates(offset=(self.last_update_id + 1),
2026-07-20T21:08:13:   File "/Users/aicommander/CascadeProjects/toolcalc/scripts/seo/.venv/lib/python3.9/site-packages/telebot/__init__.py", line 660, in get_updates
2026-07-20T21:08:13:     json_updates = apihelper.get_updates(
2026-07-20T21:08:13:   File "/Users/aicommander/CascadeProjects/toolcalc/scripts/seo/.venv/lib/python3.9/site-packages/telebot/apihelper.py", line 339, in get_updates
2026-07-20T21:08:13:     return _make_request(token, method_url, params=payload)
2026-07-20T21:08:13:   File "/Users/aicommander/CascadeProjects/toolcalc/scripts/seo/.venv/lib/python3.9/site-packages/telebot/apihelper.py", line 168, in _make_request
2026-07-20T21:08:13:     json_result = _check_result(method_name, result)
2026-07-20T21:08:13:   File "/Users/aicommander/CascadeProjects/toolcalc/scripts/seo/.venv/lib/python3.9/site-packages/telebot/apihelper.py", line 197, in _check_result
2026-07-20T21:08:13:     raise ApiTelegramException(method_name, result, result_json)
2026-07-20T21:08:13: telebot.apihelper.ApiTelegramException: A request to the Telegram API was unsuccessful. Error code: 409. Description: Conflict: terminated by other getUpdates request; make sure that only one bot instance is running
2026-07-20T21:08:13: "
2026-07-21T03:00:35: 2026-07-21 03:00:35,033 (__init__.py:1115 MainThread) ERROR - TeleBot: "Infinity polling exception: HTTPSConnectionPool(host='api.telegram.org', port=443): Read timed out. (read timeout=25)"
2026-07-21T03:00:35: 2026-07-21 03:00:35,036 (__init__.py:1117 MainThread) ERROR - TeleBot: "Exception traceback:
2026-07-21T03:00:35: Traceback (most recent call last):
2026-07-21T03:00:35:   File "/Users/aicommander/CascadeProjects/toolcalc/scripts/seo/.venv/lib/python3.9/site-packages/urllib3/connectionpool.py", line 534, in _make_request
2026-07-21T03:00:35:     response = conn.getresponse()
2026-07-21T03:00:35:   File "/Users/aicommander/CascadeProjects/toolcalc/scripts/seo/.venv/lib/python3.9/site-packages/urllib3/connection.py", line 571, in getresponse
2026-07-21T03:00:35:     httplib_response = super().getresponse()
2026-07-21T03:00:35:   File "/Library/Developer/CommandLineTools/Library/Frameworks/Python3.framework/Versions/3.9/lib/python3.9/http/client.py", line 1349, in getresponse
2026-07-21T03:00:35:     response.begin()
2026-07-21T03:00:35:   File "/Library/Developer/CommandLineTools/Library/Frameworks/Python3.framework/Versions/3.9/lib/python3.9/http/client.py", line 316, in begin
2026-07-21T03:00:35:     version, status, reason = self._read_status()
2026-07-21T03:00:35:   File "/Library/Developer/CommandLineTools/Library/Frameworks/Python3.framework/Versions/3.9/lib/python3.9/http/client.py", line 277, in _read_status
2026-07-21T03:00:35:     line = str(self.fp.readline(_MAXLINE + 1), "iso-8859-1")
2026-07-21T03:00:35:   File "/Library/Developer/CommandLineTools/Library/Frameworks/Python3.framework/Versions/3.9/lib/python3.9/socket.py", line 704, in readinto
2026-07-21T03:00:35:     return self._sock.recv_into(b)
2026-07-21T03:00:35:   File "/Library/Developer/CommandLineTools/Library/Frameworks/Python3.framework/Versions/3.9/lib/python3.9/ssl.py", line 1241, in recv_into
2026-07-21T03:00:35:     return self.read(nbytes, buffer)
2026-07-21T03:00:35:   File "/Library/Developer/CommandLineTools/Library/Frameworks/Python3.framework/Versions/3.9/lib/python3.9/ssl.py", line 1099, in read
2026-07-21T03:00:35:     return self._sslobj.read(len, buffer)
2026-07-21T03:00:35: socket.timeout: The read operation timed out
2026-07-21T03:00:35: 
2026-07-21T03:00:35: The above exception was the direct cause of the following exception:
2026-07-21T03:00:35: 
2026-07-21T03:00:35: Traceback (most recent call last):
2026-07-21T03:00:35:   File "/Users/aicommander/CascadeProjects/toolcalc/scripts/seo/.venv/lib/python3.9/site-packages/requests/adapters.py", line 644, in send
2026-07-21T03:00:35:     resp = conn.urlopen(
2026-07-21T03:00:35:   File "/Users/aicommander/CascadeProjects/toolcalc/scripts/seo/.venv/lib/python3.9/site-packages/urllib3/connectionpool.py", line 841, in urlopen
2026-07-21T03:00:35:     retries = retries.increment(
2026-07-21T03:00:35:   File "/Users/aicommander/CascadeProjects/toolcalc/scripts/seo/.venv/lib/python3.9/site-packages/urllib3/util/retry.py", line 490, in increment
2026-07-21T03:00:35:     raise reraise(type(error), error, _stacktrace)
2026-07-21T03:00:35:   File "/Users/aicommander/CascadeProjects/toolcalc/scripts/seo/.venv/lib/python3.9/site-packages/urllib3/util/util.py", line 39, in reraise
2026-07-21T03:00:35:     raise value
2026-07-21T03:00:35:   File "/Users/aicommander/CascadeProjects/toolcalc/scripts/seo/.venv/lib/python3.9/site-packages/urllib3/connectionpool.py", line 787, in urlopen
2026-07-21T03:00:35:     response = self._make_request(
2026-07-21T03:00:35:   File "/Users/aicommander/CascadeProjects/toolcalc/scripts/seo/.venv/lib/python3.9/site-packages/urllib3/connectionpool.py", line 536, in _make_request
2026-07-21T03:00:35:     self._raise_timeout(err=e, url=url, timeout_value=read_timeout)
2026-07-21T03:00:35:   File "/Users/aicommander/CascadeProjects/toolcalc/scripts/seo/.venv/lib/python3.9/site-packages/urllib3/connectionpool.py", line 367, in _raise_timeout
2026-07-21T03:00:35:     raise ReadTimeoutError(
2026-07-21T03:00:35: urllib3.exceptions.ReadTimeoutError: HTTPSConnectionPool(host='api.telegram.org', port=443): Read timed out. (read timeout=25)
2026-07-21T03:00:35: 
2026-07-21T03:00:35: During handling of the above exception, another exception occurred:
2026-07-21T03:00:35: 
2026-07-21T03:00:35: Traceback (most recent call last):
2026-07-21T03:00:35:   File "/Users/aicommander/CascadeProjects/toolcalc/scripts/seo/.venv/lib/python3.9/site-packages/telebot/__init__.py", line 1110, in infinity_polling
2026-07-21T03:00:35:     self.polling(non_stop=True, timeout=timeout, long_polling_timeout=long_polling_timeout,
2026-07-21T03:00:35:   File "/Users/aicommander/CascadeProjects/toolcalc/scripts/seo/.venv/lib/python3.9/site-packages/telebot/__init__.py", line 1198, in polling
2026-07-21T03:00:35:     self.__threaded_polling(non_stop=non_stop, interval=interval, timeout=timeout, long_polling_timeout=long_polling_timeout,
2026-07-21T03:00:35:   File "/Users/aicommander/CascadeProjects/toolcalc/scripts/seo/.venv/lib/python3.9/site-packages/telebot/__init__.py", line 1273, in __threaded_polling
2026-07-21T03:00:35:     raise e
2026-07-21T03:00:35:   File "/Users/aicommander/CascadeProjects/toolcalc/scripts/seo/.venv/lib/python3.9/site-packages/telebot/__init__.py", line 1234, in __threaded_polling
2026-07-21T03:00:35:     polling_thread.raise_exceptions()
2026-07-21T03:00:35:   File "/Users/aicommander/CascadeProjects/toolcalc/scripts/seo/.venv/lib/python3.9/site-packages/telebot/util.py", line 115, in raise_exceptions
2026-07-21T03:00:35:     raise self.exception_info
2026-07-21T03:00:35:   File "/Users/aicommander/CascadeProjects/toolcalc/scripts/seo/.venv/lib/python3.9/site-packages/telebot/util.py", line 97, in run
2026-07-21T03:00:35:     task(*args, **kwargs)
2026-07-21T03:00:35:   File "/Users/aicommander/CascadeProjects/toolcalc/scripts/seo/.venv/lib/python3.9/site-packages/telebot/__init__.py", line 688, in __retrieve_updates
2026-07-21T03:00:35:     updates = self.get_updates(offset=(self.last_update_id + 1),
2026-07-21T03:00:35:   File "/Users/aicommander/CascadeProjects/toolcalc/scripts/seo/.venv/lib/python3.9/site-packages/telebot/__init__.py", line 660, in get_updates
2026-07-21T03:00:35:     json_updates = apihelper.get_updates(
2026-07-21T03:00:35:   File "/Users/aicommander/CascadeProjects/toolcalc/scripts/seo/.venv/lib/python3.9/site-packages/telebot/apihelper.py", line 339, in get_updates
2026-07-21T03:00:35:     return _make_request(token, method_url, params=payload)
2026-07-21T03:00:35:   File "/Users/aicommander/CascadeProjects/toolcalc/scripts/seo/.venv/lib/python3.9/site-packages/telebot/apihelper.py", line 162, in _make_request
2026-07-21T03:00:35:     result = _get_req_session().request(
2026-07-21T03:00:35:   File "/Users/aicommander/CascadeProjects/toolcalc/scripts/seo/.venv/lib/python3.9/site-packages/requests/sessions.py", line 589, in request
2026-07-21T03:00:35:     resp = self.send(prep, **send_kwargs)
2026-07-21T03:00:35:   File "/Users/aicommander/CascadeProjects/toolcalc/scripts/seo/.venv/lib/python3.9/site-packages/requests/sessions.py", line 703, in send
2026-07-21T03:00:35:     r = adapter.send(request, **kwargs)
2026-07-21T03:00:35:   File "/Users/aicommander/CascadeProjects/toolcalc/scripts/seo/.venv/lib/python3.9/site-packages/requests/adapters.py", line 690, in send
2026-07-21T03:00:35:     raise ReadTimeout(e, request=request)
2026-07-21T03:00:35: requests.exceptions.ReadTimeout: HTTPSConnectionPool(host='api.telegram.org', port=443): Read timed out. (read timeout=25)
2026-07-21T03:00:35: "
2026-07-21T03:00:58: 2026-07-21 03:00:58,105 (__init__.py:1115 MainThread) ERROR - TeleBot: "Infinity polling exception: HTTPSConnectionPool(host='api.telegram.org', port=443): Max retries exceeded with url: /bot8903604110:***********************************/getUpdates?offset=550404779&timeout=20 (Caused by ConnectTimeoutError(<HTTPSConnection(host='api.telegram.org', port=443) at 0x10ab95cd0>, 'Connection to api.telegram.org timed out. (connect timeout=20)'))"
2026-07-21T03:00:58: 2026-07-21 03:00:58,106 (__init__.py:1117 MainThread) ERROR - TeleBot: "Exception traceback:
2026-07-21T03:00:58: Traceback (most recent call last):
2026-07-21T03:00:58:   File "/Users/aicommander/CascadeProjects/toolcalc/scripts/seo/.venv/lib/python3.9/site-packages/urllib3/connection.py", line 204, in _new_conn
2026-07-21T03:00:58:     sock = connection.create_connection(
2026-07-21T03:00:58:   File "/Users/aicommander/CascadeProjects/toolcalc/scripts/seo/.venv/lib/python3.9/site-packages/urllib3/util/connection.py", line 85, in create_connection
2026-07-21T03:00:58:     raise err
2026-07-21T03:00:58:   File "/Users/aicommander/CascadeProjects/toolcalc/scripts/seo/.venv/lib/python3.9/site-packages/urllib3/util/connection.py", line 73, in create_connection
2026-07-21T03:00:58:     sock.connect(sa)
2026-07-21T03:00:58: socket.timeout: timed out
2026-07-21T03:00:58: 
2026-07-21T03:00:58: The above exception was the direct cause of the following exception:
2026-07-21T03:00:58: 
2026-07-21T03:00:58: Traceback (most recent call last):
2026-07-21T03:00:58:   File "/Users/aicommander/CascadeProjects/toolcalc/scripts/seo/.venv/lib/python3.9/site-packages/urllib3/connectionpool.py", line 787, in urlopen
2026-07-21T03:00:58:     response = self._make_request(
2026-07-21T03:00:58:   File "/Users/aicommander/CascadeProjects/toolcalc/scripts/seo/.venv/lib/python3.9/site-packages/urllib3/connectionpool.py", line 488, in _make_request
2026-07-21T03:00:58:     raise new_e
2026-07-21T03:00:58:   File "/Users/aicommander/CascadeProjects/toolcalc/scripts/seo/.venv/lib/python3.9/site-packages/urllib3/connectionpool.py", line 464, in _make_request
2026-07-21T03:00:58:     self._validate_conn(conn)
2026-07-21T03:00:58:   File "/Users/aicommander/CascadeProjects/toolcalc/scripts/seo/.venv/lib/python3.9/site-packages/urllib3/connectionpool.py", line 1093, in _validate_conn
2026-07-21T03:00:58:     conn.connect()
2026-07-21T03:00:58:   File "/Users/aicommander/CascadeProjects/toolcalc/scripts/seo/.venv/lib/python3.9/site-packages/urllib3/connection.py", line 759, in connect
2026-07-21T03:00:58:     self.sock = sock = self._new_conn()
2026-07-21T03:00:58:   File "/Users/aicommander/CascadeProjects/toolcalc/scripts/seo/.venv/lib/python3.9/site-packages/urllib3/connection.py", line 213, in _new_conn
2026-07-21T03:00:58:     raise ConnectTimeoutError(
2026-07-21T03:00:58: urllib3.exceptions.ConnectTimeoutError: (<HTTPSConnection(host='api.telegram.org', port=443) at 0x10ab95cd0>, 'Connection to api.telegram.org timed out. (connect timeout=20)')
2026-07-21T03:00:58: 
2026-07-21T03:00:58: The above exception was the direct cause of the following exception:
2026-07-21T03:00:58: 
2026-07-21T03:00:58: Traceback (most recent call last):
2026-07-21T03:00:58:   File "/Users/aicommander/CascadeProjects/toolcalc/scripts/seo/.venv/lib/python3.9/site-packages/requests/adapters.py", line 644, in send
2026-07-21T03:00:58:     resp = conn.urlopen(
2026-07-21T03:00:58:   File "/Users/aicommander/CascadeProjects/toolcalc/scripts/seo/.venv/lib/python3.9/site-packages/urllib3/connectionpool.py", line 841, in urlopen
2026-07-21T03:00:58:     retries = retries.increment(
2026-07-21T03:00:58:   File "/Users/aicommander/CascadeProjects/toolcalc/scripts/seo/.venv/lib/python3.9/site-packages/urllib3/util/retry.py", line 535, in increment
2026-07-21T03:00:58:     raise MaxRetryError(_pool, url, reason) from reason  # type: ignore[arg-type]
2026-07-21T03:00:58: urllib3.exceptions.MaxRetryError: HTTPSConnectionPool(host='api.telegram.org', port=443): Max retries exceeded with url: /bot8903604110:***********************************/getUpdates?offset=550404779&timeout=20 (Caused by ConnectTimeoutError(<HTTPSConnection(host='api.telegram.org', port=443) at 0x10ab95cd0>, 'Connection to api.telegram.org timed out. (connect timeout=20)'))
2026-07-21T03:00:58: 
2026-07-21T03:00:58: During handling of the above exception, another exception occurred:
2026-07-21T03:00:58: 
2026-07-21T03:00:58: Traceback (most recent call last):
2026-07-21T03:00:58:   File "/Users/aicommander/CascadeProjects/toolcalc/scripts/seo/.venv/lib/python3.9/site-packages/telebot/__init__.py", line 1110, in infinity_polling
2026-07-21T03:00:58:     self.polling(non_stop=True, timeout=timeout, long_polling_timeout=long_polling_timeout,
2026-07-21T03:00:58:   File "/Users/aicommander/CascadeProjects/toolcalc/scripts/seo/.venv/lib/python3.9/site-packages/telebot/__init__.py", line 1198, in polling
2026-07-21T03:00:58:     self.__threaded_polling(non_stop=non_stop, interval=interval, timeout=timeout, long_polling_timeout=long_polling_timeout,
2026-07-21T03:00:58:   File "/Users/aicommander/CascadeProjects/toolcalc/scripts/seo/.venv/lib/python3.9/site-packages/telebot/__init__.py", line 1273, in __threaded_polling
2026-07-21T03:00:58:     raise e
2026-07-21T03:00:58:   File "/Users/aicommander/CascadeProjects/toolcalc/scripts/seo/.venv/lib/python3.9/site-packages/telebot/__init__.py", line 1234, in __threaded_polling
2026-07-21T03:00:58:     polling_thread.raise_exceptions()
2026-07-21T03:00:58:   File "/Users/aicommander/CascadeProjects/toolcalc/scripts/seo/.venv/lib/python3.9/site-packages/telebot/util.py", line 115, in raise_exceptions
2026-07-21T03:00:58:     raise self.exception_info
2026-07-21T03:00:58:   File "/Users/aicommander/CascadeProjects/toolcalc/scripts/seo/.venv/lib/python3.9/site-packages/telebot/util.py", line 97, in run
2026-07-21T03:00:58:     task(*args, **kwargs)
2026-07-21T03:00:58:   File "/Users/aicommander/CascadeProjects/toolcalc/scripts/seo/.venv/lib/python3.9/site-packages/telebot/__init__.py", line 688, in __retrieve_updates
2026-07-21T03:00:58:     updates = self.get_updates(offset=(self.last_update_id + 1),
2026-07-21T03:00:58:   File "/Users/aicommander/CascadeProjects/toolcalc/scripts/seo/.venv/lib/python3.9/site-packages/telebot/__init__.py", line 660, in get_updates
2026-07-21T03:00:58:     json_updates = apihelper.get_updates(
2026-07-21T03:00:58:   File "/Users/aicommander/CascadeProjects/toolcalc/scripts/seo/.venv/lib/python3.9/site-packages/telebot/apihelper.py", line 339, in get_updates
2026-07-21T03:00:58:     return _make_request(token, method_url, params=payload)
2026-07-21T03:00:58:   File "/Users/aicommander/CascadeProjects/toolcalc/scripts/seo/.venv/lib/python3.9/site-packages/telebot/apihelper.py", line 162, in _make_request
2026-07-21T03:00:58:     result = _get_req_session().request(
2026-07-21T03:00:58:   File "/Users/aicommander/CascadeProjects/toolcalc/scripts/seo/.venv/lib/python3.9/site-packages/requests/sessions.py", line 589, in request
2026-07-21T03:00:58:     resp = self.send(prep, **send_kwargs)
2026-07-21T03:00:58:   File "/Users/aicommander/CascadeProjects/toolcalc/scripts/seo/.venv/lib/python3.9/site-packages/requests/sessions.py", line 703, in send
2026-07-21T03:00:58:     r = adapter.send(request, **kwargs)
2026-07-21T03:00:58:   File "/Users/aicommander/CascadeProjects/toolcalc/scripts/seo/.venv/lib/python3.9/site-packages/requests/adapters.py", line 665, in send
2026-07-21T03:00:58:     raise ConnectTimeout(e, request=request)
2026-07-21T03:00:58: requests.exceptions.ConnectTimeout: HTTPSConnectionPool(host='api.telegram.org', port=443): Max retries exceeded with url: /bot8903604110:***********************************/getUpdates?offset=550404779&timeout=20 (Caused by ConnectTimeoutError(<HTTPSConnection(host='api.telegram.org', port=443) at 0x10ab95cd0>, 'Connection to api.telegram.org timed out. (connect timeout=20)'))
2026-07-21T03:00:58: "
2026-07-21T03:01:21: 2026-07-21 03:01:21,221 (__init__.py:1115 MainThread) ERROR - TeleBot: "Infinity polling exception: HTTPSConnectionPool(host='api.telegram.org', port=443): Max retries exceeded with url: /bot8903604110:***********************************/getUpdates?offset=550404779&timeout=20 (Caused by ConnectTimeoutError(<HTTPSConnection(host='api.telegram.org', port=443) at 0x10ac60ee0>, 'Connection to api.telegram.org timed out. (connect timeout=20)'))"
2026-07-21T03:01:21: 2026-07-21 03:01:21,222 (__init__.py:1117 MainThread) ERROR - TeleBot: "Exception traceback:
2026-07-21T03:01:21: Traceback (most recent call last):
2026-07-21T03:01:21:   File "/Users/aicommander/CascadeProjects/toolcalc/scripts/seo/.venv/lib/python3.9/site-packages/urllib3/connection.py", line 204, in _new_conn
2026-07-21T03:01:21:     sock = connection.create_connection(
2026-07-21T03:01:21:   File "/Users/aicommander/CascadeProjects/toolcalc/scripts/seo/.venv/lib/python3.9/site-packages/urllib3/util/connection.py", line 85, in create_connection
2026-07-21T03:01:21:     raise err
2026-07-21T03:01:21:   File "/Users/aicommander/CascadeProjects/toolcalc/scripts/seo/.venv/lib/python3.9/site-packages/urllib3/util/connection.py", line 73, in create_connection
2026-07-21T03:01:21:     sock.connect(sa)
2026-07-21T03:01:21: socket.timeout: timed out
2026-07-21T03:01:21: 
2026-07-21T03:01:21: The above exception was the direct cause of the following exception:
2026-07-21T03:01:21: 
2026-07-21T03:01:21: Traceback (most recent call last):
2026-07-21T03:01:21:   File "/Users/aicommander/CascadeProjects/toolcalc/scripts/seo/.venv/lib/python3.9/site-packages/urllib3/connectionpool.py", line 787, in urlopen
2026-07-21T03:01:21:     response = self._make_request(
2026-07-21T03:01:21:   File "/Users/aicommander/CascadeProjects/toolcalc/scripts/seo/.venv/lib/python3.9/site-packages/urllib3/connectionpool.py", line 488, in _make_request
2026-07-21T03:01:21:     raise new_e
2026-07-21T03:01:21:   File "/Users/aicommander/CascadeProjects/toolcalc/scripts/seo/.venv/lib/python3.9/site-packages/urllib3/connectionpool.py", line 464, in _make_request
2026-07-21T03:01:21:     self._validate_conn(conn)
2026-07-21T03:01:21:   File "/Users/aicommander/CascadeProjects/toolcalc/scripts/seo/.venv/lib/python3.9/site-packages/urllib3/connectionpool.py", line 1093, in _validate_conn
2026-07-21T03:01:21:     conn.connect()
2026-07-21T03:01:21:   File "/Users/aicommander/CascadeProjects/toolcalc/scripts/seo/.venv/lib/python3.9/site-packages/urllib3/connection.py", line 759, in connect
2026-07-21T03:01:21:     self.sock = sock = self._new_conn()
2026-07-21T03:01:21:   File "/Users/aicommander/CascadeProjects/toolcalc/scripts/seo/.venv/lib/python3.9/site-packages/urllib3/connection.py", line 213, in _new_conn
2026-07-21T03:01:21:     raise ConnectTimeoutError(
2026-07-21T03:01:21: urllib3.exceptions.ConnectTimeoutError: (<HTTPSConnection(host='api.telegram.org', port=443) at 0x10ac60ee0>, 'Connection to api.telegram.org timed out. (connect timeout=20)')
2026-07-21T03:01:21: 
2026-07-21T03:01:21: The above exception was the direct cause of the following exception:
2026-07-21T03:01:21: 
2026-07-21T03:01:21: Traceback (most recent call last):
2026-07-21T03:01:21:   File "/Users/aicommander/CascadeProjects/toolcalc/scripts/seo/.venv/lib/python3.9/site-packages/requests/adapters.py", line 644, in send
2026-07-21T03:01:21:     resp = conn.urlopen(
2026-07-21T03:01:21:   File "/Users/aicommander/CascadeProjects/toolcalc/scripts/seo/.venv/lib/python3.9/site-packages/urllib3/connectionpool.py", line 841, in urlopen
2026-07-21T03:01:21:     retries = retries.increment(
2026-07-21T03:01:21:   File "/Users/aicommander/CascadeProjects/toolcalc/scripts/seo/.venv/lib/python3.9/site-packages/urllib3/util/retry.py", line 535, in increment
2026-07-21T03:01:21:     raise MaxRetryError(_pool, url, reason) from reason  # type: ignore[arg-type]
2026-07-21T03:01:21: urllib3.exceptions.MaxRetryError: HTTPSConnectionPool(host='api.telegram.org', port=443): Max retries exceeded with url: /bot8903604110:***********************************/getUpdates?offset=550404779&timeout=20 (Caused by ConnectTimeoutError(<HTTPSConnection(host='api.telegram.org', port=443) at 0x10ac60ee0>, 'Connection to api.telegram.org timed out. (connect timeout=20)'))
2026-07-21T03:01:21: 
2026-07-21T03:01:21: During handling of the above exception, another exception occurred:
2026-07-21T03:01:21: 
2026-07-21T03:01:21: Traceback (most recent call last):
2026-07-21T03:01:21:   File "/Users/aicommander/CascadeProjects/toolcalc/scripts/seo/.venv/lib/python3.9/site-packages/telebot/__init__.py", line 1110, in infinity_polling
2026-07-21T03:01:21:     self.polling(non_stop=True, timeout=timeout, long_polling_timeout=long_polling_timeout,
2026-07-21T03:01:21:   File "/Users/aicommander/CascadeProjects/toolcalc/scripts/seo/.venv/lib/python3.9/site-packages/telebot/__init__.py", line 1198, in polling
2026-07-21T03:01:21:     self.__threaded_polling(non_stop=non_stop, interval=interval, timeout=timeout, long_polling_timeout=long_polling_timeout,
2026-07-21T03:01:21:   File "/Users/aicommander/CascadeProjects/toolcalc/scripts/seo/.venv/lib/python3.9/site-packages/telebot/__init__.py", line 1273, in __threaded_polling
2026-07-21T03:01:21:     raise e
2026-07-21T03:01:21:   File "/Users/aicommander/CascadeProjects/toolcalc/scripts/seo/.venv/lib/python3.9/site-packages/telebot/__init__.py", line 1234, in __threaded_polling
2026-07-21T03:01:21:     polling_thread.raise_exceptions()
2026-07-21T03:01:21:   File "/Users/aicommander/CascadeProjects/toolcalc/scripts/seo/.venv/lib/python3.9/site-packages/telebot/util.py", line 115, in raise_exceptions
2026-07-21T03:01:21:     raise self.exception_info
2026-07-21T03:01:21:   File "/Users/aicommander/CascadeProjects/toolcalc/scripts/seo/.venv/lib/python3.9/site-packages/telebot/util.py", line 97, in run
2026-07-21T03:01:21:     task(*args, **kwargs)
2026-07-21T03:01:21:   File "/Users/aicommander/CascadeProjects/toolcalc/scripts/seo/.venv/lib/python3.9/site-packages/telebot/__init__.py", line 688, in __retrieve_updates
2026-07-21T03:01:21:     updates = self.get_updates(offset=(self.last_update_id + 1),
2026-07-21T03:01:21:   File "/Users/aicommander/CascadeProjects/toolcalc/scripts/seo/.venv/lib/python3.9/site-packages/telebot/__init__.py", line 660, in get_updates
2026-07-21T03:01:21:     json_updates = apihelper.get_updates(
2026-07-21T03:01:21:   File "/Users/aicommander/CascadeProjects/toolcalc/scripts/seo/.venv/lib/python3.9/site-packages/telebot/apihelper.py", line 339, in get_updates
2026-07-21T03:01:21:     return _make_request(token, method_url, params=payload)
2026-07-21T03:01:21:   File "/Users/aicommander/CascadeProjects/toolcalc/scripts/seo/.venv/lib/python3.9/site-packages/telebot/apihelper.py", line 162, in _make_request
2026-07-21T03:01:21:     result = _get_req_session().request(
2026-07-21T03:01:21:   File "/Users/aicommander/CascadeProjects/toolcalc/scripts/seo/.venv/lib/python3.9/site-packages/requests/sessions.py", line 589, in request
2026-07-21T03:01:21:     resp = self.send(prep, **send_kwargs)
2026-07-21T03:01:21:   File "/Users/aicommander/CascadeProjects/toolcalc/scripts/seo/.venv/lib/python3.9/site-packages/requests/sessions.py", line 703, in send
2026-07-21T03:01:21:     r = adapter.send(request, **kwargs)
2026-07-21T03:01:21:   File "/Users/aicommander/CascadeProjects/toolcalc/scripts/seo/.venv/lib/python3.9/site-packages/requests/adapters.py", line 665, in send
2026-07-21T03:01:21:     raise ConnectTimeout(e, request=request)
2026-07-21T03:01:21: requests.exceptions.ConnectTimeout: HTTPSConnectionPool(host='api.telegram.org', port=443): Max retries exceeded with url: /bot8903604110:***********************************/getUpdates?offset=550404779&timeout=20 (Caused by ConnectTimeoutError(<HTTPSConnection(host='api.telegram.org', port=443) at 0x10ac60ee0>, 'Connection to api.telegram.org timed out. (connect timeout=20)'))
2026-07-21T03:01:21: "
2026-07-21T19:32:12: 2026-07-21 19:32:12,095 (__init__.py:1115 MainThread) ERROR - TeleBot: "Infinity polling exception: ('Connection aborted.', ConnectionResetError(54, 'Connection reset by peer'))"
2026-07-21T19:32:12: 2026-07-21 19:32:12,097 (__init__.py:1117 MainThread) ERROR - TeleBot: "Exception traceback:
2026-07-21T19:32:12: Traceback (most recent call last):
2026-07-21T19:32:12:   File "/Users/aicommander/CascadeProjects/toolcalc/scripts/seo/.venv/lib/python3.9/site-packages/urllib3/connectionpool.py", line 787, in urlopen
2026-07-21T19:32:12:     response = self._make_request(
2026-07-21T19:32:12:   File "/Users/aicommander/CascadeProjects/toolcalc/scripts/seo/.venv/lib/python3.9/site-packages/urllib3/connectionpool.py", line 488, in _make_request
2026-07-21T19:32:12:     raise new_e
2026-07-21T19:32:12:   File "/Users/aicommander/CascadeProjects/toolcalc/scripts/seo/.venv/lib/python3.9/site-packages/urllib3/connectionpool.py", line 464, in _make_request
2026-07-21T19:32:12:     self._validate_conn(conn)
2026-07-21T19:32:12:   File "/Users/aicommander/CascadeProjects/toolcalc/scripts/seo/.venv/lib/python3.9/site-packages/urllib3/connectionpool.py", line 1093, in _validate_conn
2026-07-21T19:32:12:     conn.connect()
2026-07-21T19:32:12:   File "/Users/aicommander/CascadeProjects/toolcalc/scripts/seo/.venv/lib/python3.9/site-packages/urllib3/connection.py", line 796, in connect
2026-07-21T19:32:12:     sock_and_verified = _ssl_wrap_socket_and_match_hostname(
2026-07-21T19:32:12:   File "/Users/aicommander/CascadeProjects/toolcalc/scripts/seo/.venv/lib/python3.9/site-packages/urllib3/connection.py", line 975, in _ssl_wrap_socket_and_match_hostname
2026-07-21T19:32:12:     ssl_sock = ssl_wrap_socket(
2026-07-21T19:32:12:   File "/Users/aicommander/CascadeProjects/toolcalc/scripts/seo/.venv/lib/python3.9/site-packages/urllib3/util/ssl_.py", line 483, in ssl_wrap_socket
2026-07-21T19:32:12:     ssl_sock = _ssl_wrap_socket_impl(sock, context, tls_in_tls, server_hostname)
2026-07-21T19:32:12:   File "/Users/aicommander/CascadeProjects/toolcalc/scripts/seo/.venv/lib/python3.9/site-packages/urllib3/util/ssl_.py", line 527, in _ssl_wrap_socket_impl
2026-07-21T19:32:12:     return ssl_context.wrap_socket(sock, server_hostname=server_hostname)
2026-07-21T19:32:12:   File "/Library/Developer/CommandLineTools/Library/Frameworks/Python3.framework/Versions/3.9/lib/python3.9/ssl.py", line 500, in wrap_socket
2026-07-21T19:32:12:     return self.sslsocket_class._create(
2026-07-21T19:32:12:   File "/Library/Developer/CommandLineTools/Library/Frameworks/Python3.framework/Versions/3.9/lib/python3.9/ssl.py", line 1040, in _create
2026-07-21T19:32:12:     self.do_handshake()
2026-07-21T19:32:12:   File "/Library/Developer/CommandLineTools/Library/Frameworks/Python3.framework/Versions/3.9/lib/python3.9/ssl.py", line 1309, in do_handshake
2026-07-21T19:32:12:     self._sslobj.do_handshake()
2026-07-21T19:32:12: ConnectionResetError: [Errno 54] Connection reset by peer
2026-07-21T19:32:12: 
2026-07-21T19:32:12: During handling of the above exception, another exception occurred:
2026-07-21T19:32:12: 
2026-07-21T19:32:12: Traceback (most recent call last):
2026-07-21T19:32:12:   File "/Users/aicommander/CascadeProjects/toolcalc/scripts/seo/.venv/lib/python3.9/site-packages/requests/adapters.py", line 644, in send
2026-07-21T19:32:12:     resp = conn.urlopen(
2026-07-21T19:32:12:   File "/Users/aicommander/CascadeProjects/toolcalc/scripts/seo/.venv/lib/python3.9/site-packages/urllib3/connectionpool.py", line 841, in urlopen
2026-07-21T19:32:12:     retries = retries.increment(
2026-07-21T19:32:12:   File "/Users/aicommander/CascadeProjects/toolcalc/scripts/seo/.venv/lib/python3.9/site-packages/urllib3/util/retry.py", line 490, in increment
2026-07-21T19:32:12:     raise reraise(type(error), error, _stacktrace)
2026-07-21T19:32:12:   File "/Users/aicommander/CascadeProjects/toolcalc/scripts/seo/.venv/lib/python3.9/site-packages/urllib3/util/util.py", line 38, in reraise
2026-07-21T19:32:12:     raise value.with_traceback(tb)
2026-07-21T19:32:12:   File "/Users/aicommander/CascadeProjects/toolcalc/scripts/seo/.venv/lib/python3.9/site-packages/urllib3/connectionpool.py", line 787, in urlopen
2026-07-21T19:32:12:     response = self._make_request(
2026-07-21T19:32:12:   File "/Users/aicommander/CascadeProjects/toolcalc/scripts/seo/.venv/lib/python3.9/site-packages/urllib3/connectionpool.py", line 488, in _make_request
2026-07-21T19:32:12:     raise new_e
2026-07-21T19:32:12:   File "/Users/aicommander/CascadeProjects/toolcalc/scripts/seo/.venv/lib/python3.9/site-packages/urllib3/connectionpool.py", line 464, in _make_request
2026-07-21T19:32:12:     self._validate_conn(conn)
2026-07-21T19:32:12:   File "/Users/aicommander/CascadeProjects/toolcalc/scripts/seo/.venv/lib/python3.9/site-packages/urllib3/connectionpool.py", line 1093, in _validate_conn
2026-07-21T19:32:12:     conn.connect()
2026-07-21T19:32:12:   File "/Users/aicommander/CascadeProjects/toolcalc/scripts/seo/.venv/lib/python3.9/site-packages/urllib3/connection.py", line 796, in connect
2026-07-21T19:32:12:     sock_and_verified = _ssl_wrap_socket_and_match_hostname(
2026-07-21T19:32:12:   File "/Users/aicommander/CascadeProjects/toolcalc/scripts/seo/.venv/lib/python3.9/site-packages/urllib3/connection.py", line 975, in _ssl_wrap_socket_and_match_hostname
2026-07-21T19:32:12:     ssl_sock = ssl_wrap_socket(
2026-07-21T19:32:12:   File "/Users/aicommander/CascadeProjects/toolcalc/scripts/seo/.venv/lib/python3.9/site-packages/urllib3/util/ssl_.py", line 483, in ssl_wrap_socket
2026-07-21T19:32:12:     ssl_sock = _ssl_wrap_socket_impl(sock, context, tls_in_tls, server_hostname)
2026-07-21T19:32:12:   File "/Users/aicommander/CascadeProjects/toolcalc/scripts/seo/.venv/lib/python3.9/site-packages/urllib3/util/ssl_.py", line 527, in _ssl_wrap_socket_impl
2026-07-21T19:32:12:     return ssl_context.wrap_socket(sock, server_hostname=server_hostname)
2026-07-21T19:32:12:   File "/Library/Developer/CommandLineTools/Library/Frameworks/Python3.framework/Versions/3.9/lib/python3.9/ssl.py", line 500, in wrap_socket
2026-07-21T19:32:12:     return self.sslsocket_class._create(
2026-07-21T19:32:12:   File "/Library/Developer/CommandLineTools/Library/Frameworks/Python3.framework/Versions/3.9/lib/python3.9/ssl.py", line 1040, in _create
2026-07-21T19:32:12:     self.do_handshake()
2026-07-21T19:32:12:   File "/Library/Developer/CommandLineTools/Library/Frameworks/Python3.framework/Versions/3.9/lib/python3.9/ssl.py", line 1309, in do_handshake
2026-07-21T19:32:12:     self._sslobj.do_handshake()
2026-07-21T19:32:12: urllib3.exceptions.ProtocolError: ('Connection aborted.', ConnectionResetError(54, 'Connection reset by peer'))
2026-07-21T19:32:12: 
2026-07-21T19:32:12: During handling of the above exception, another exception occurred:
2026-07-21T19:32:12: 
2026-07-21T19:32:12: Traceback (most recent call last):
2026-07-21T19:32:12:   File "/Users/aicommander/CascadeProjects/toolcalc/scripts/seo/.venv/lib/python3.9/site-packages/telebot/__init__.py", line 1110, in infinity_polling
2026-07-21T19:32:12:     self.polling(non_stop=True, timeout=timeout, long_polling_timeout=long_polling_timeout,
2026-07-21T19:32:12:   File "/Users/aicommander/CascadeProjects/toolcalc/scripts/seo/.venv/lib/python3.9/site-packages/telebot/__init__.py", line 1198, in polling
2026-07-21T19:32:12:     self.__threaded_polling(non_stop=non_stop, interval=interval, timeout=timeout, long_polling_timeout=long_polling_timeout,
2026-07-21T19:32:12:   File "/Users/aicommander/CascadeProjects/toolcalc/scripts/seo/.venv/lib/python3.9/site-packages/telebot/__init__.py", line 1273, in __threaded_polling
2026-07-21T19:32:12:     raise e
2026-07-21T19:32:12:   File "/Users/aicommander/CascadeProjects/toolcalc/scripts/seo/.venv/lib/python3.9/site-packages/telebot/__init__.py", line 1234, in __threaded_polling
2026-07-21T19:32:12:     polling_thread.raise_exceptions()
2026-07-21T19:32:12:   File "/Users/aicommander/CascadeProjects/toolcalc/scripts/seo/.venv/lib/python3.9/site-packages/telebot/util.py", line 115, in raise_exceptions
2026-07-21T19:32:12:     raise self.exception_info
2026-07-21T19:32:12:   File "/Users/aicommander/CascadeProjects/toolcalc/scripts/seo/.venv/lib/python3.9/site-packages/telebot/util.py", line 97, in run
2026-07-21T19:32:12:     task(*args, **kwargs)
2026-07-21T19:32:12:   File "/Users/aicommander/CascadeProjects/toolcalc/scripts/seo/.venv/lib/python3.9/site-packages/telebot/__init__.py", line 688, in __retrieve_updates
2026-07-21T19:32:12:     updates = self.get_updates(offset=(self.last_update_id + 1),
2026-07-21T19:32:12:   File "/Users/aicommander/CascadeProjects/toolcalc/scripts/seo/.venv/lib/python3.9/site-packages/telebot/__init__.py", line 660, in get_updates
2026-07-21T19:32:12:     json_updates = apihelper.get_updates(
2026-07-21T19:32:12:   File "/Users/aicommander/CascadeProjects/toolcalc/scripts/seo/.venv/lib/python3.9/site-packages/telebot/apihelper.py", line 339, in get_updates
2026-07-21T19:32:12:     return _make_request(token, method_url, params=payload)
2026-07-21T19:32:12:   File "/Users/aicommander/CascadeProjects/toolcalc/scripts/seo/.venv/lib/python3.9/site-packages/telebot/apihelper.py", line 162, in _make_request
2026-07-21T19:32:12:     result = _get_req_session().request(
2026-07-21T19:32:12:   File "/Users/aicommander/CascadeProjects/toolcalc/scripts/seo/.venv/lib/python3.9/site-packages/requests/sessions.py", line 589, in request
2026-07-21T19:32:12:     resp = self.send(prep, **send_kwargs)
2026-07-21T19:32:12:   File "/Users/aicommander/CascadeProjects/toolcalc/scripts/seo/.venv/lib/python3.9/site-packages/requests/sessions.py", line 703, in send
2026-07-21T19:32:12:     r = adapter.send(request, **kwargs)
2026-07-21T19:32:12:   File "/Users/aicommander/CascadeProjects/toolcalc/scripts/seo/.venv/lib/python3.9/site-packages/requests/adapters.py", line 659, in send
2026-07-21T19:32:12:     raise ConnectionError(err, request=request)
2026-07-21T19:32:12: requests.exceptions.ConnectionError: ('Connection aborted.', ConnectionResetError(54, 'Connection reset by peer'))
2026-07-21T19:32:12: "
2026-07-21T21:20:08: 2026-07-21 21:20:08,088 (__init__.py:1115 MainThread) ERROR - TeleBot: "Infinity polling exception: HTTPSConnectionPool(host='api.telegram.org', port=443): Read timed out. (read timeout=25)"
2026-07-21T21:20:08: 2026-07-21 21:20:08,095 (__init__.py:1117 MainThread) ERROR - TeleBot: "Exception traceback:
2026-07-21T21:20:08: Traceback (most recent call last):
2026-07-21T21:20:08:   File "/Users/aicommander/CascadeProjects/toolcalc/scripts/seo/.venv/lib/python3.9/site-packages/urllib3/connectionpool.py", line 534, in _make_request
2026-07-21T21:20:08:     response = conn.getresponse()
2026-07-21T21:20:08:   File "/Users/aicommander/CascadeProjects/toolcalc/scripts/seo/.venv/lib/python3.9/site-packages/urllib3/connection.py", line 571, in getresponse
2026-07-21T21:20:08:     httplib_response = super().getresponse()
2026-07-21T21:20:08:   File "/Library/Developer/CommandLineTools/Library/Frameworks/Python3.framework/Versions/3.9/lib/python3.9/http/client.py", line 1349, in getresponse
2026-07-21T21:20:08:     response.begin()
2026-07-21T21:20:08:   File "/Library/Developer/CommandLineTools/Library/Frameworks/Python3.framework/Versions/3.9/lib/python3.9/http/client.py", line 316, in begin
2026-07-21T21:20:08:     version, status, reason = self._read_status()
2026-07-21T21:20:08:   File "/Library/Developer/CommandLineTools/Library/Frameworks/Python3.framework/Versions/3.9/lib/python3.9/http/client.py", line 277, in _read_status
2026-07-21T21:20:08:     line = str(self.fp.readline(_MAXLINE + 1), "iso-8859-1")
2026-07-21T21:20:08:   File "/Library/Developer/CommandLineTools/Library/Frameworks/Python3.framework/Versions/3.9/lib/python3.9/socket.py", line 704, in readinto
2026-07-21T21:20:08:     return self._sock.recv_into(b)
2026-07-21T21:20:08:   File "/Library/Developer/CommandLineTools/Library/Frameworks/Python3.framework/Versions/3.9/lib/python3.9/ssl.py", line 1241, in recv_into
2026-07-21T21:20:08:     return self.read(nbytes, buffer)
2026-07-21T21:20:08:   File "/Library/Developer/CommandLineTools/Library/Frameworks/Python3.framework/Versions/3.9/lib/python3.9/ssl.py", line 1099, in read
2026-07-21T21:20:08:     return self._sslobj.read(len, buffer)
2026-07-21T21:20:08: socket.timeout: The read operation timed out
2026-07-21T21:20:08: 
2026-07-21T21:20:08: The above exception was the direct cause of the following exception:
2026-07-21T21:20:08: 
2026-07-21T21:20:08: Traceback (most recent call last):
2026-07-21T21:20:08:   File "/Users/aicommander/CascadeProjects/toolcalc/scripts/seo/.venv/lib/python3.9/site-packages/requests/adapters.py", line 644, in send
2026-07-21T21:20:08:     resp = conn.urlopen(
2026-07-21T21:20:08:   File "/Users/aicommander/CascadeProjects/toolcalc/scripts/seo/.venv/lib/python3.9/site-packages/urllib3/connectionpool.py", line 841, in urlopen
2026-07-21T21:20:08:     retries = retries.increment(
2026-07-21T21:20:08:   File "/Users/aicommander/CascadeProjects/toolcalc/scripts/seo/.venv/lib/python3.9/site-packages/urllib3/util/retry.py", line 490, in increment
2026-07-21T21:20:08:     raise reraise(type(error), error, _stacktrace)
2026-07-21T21:20:08:   File "/Users/aicommander/CascadeProjects/toolcalc/scripts/seo/.venv/lib/python3.9/site-packages/urllib3/util/util.py", line 39, in reraise
2026-07-21T21:20:08:     raise value
2026-07-21T21:20:08:   File "/Users/aicommander/CascadeProjects/toolcalc/scripts/seo/.venv/lib/python3.9/site-packages/urllib3/connectionpool.py", line 787, in urlopen
2026-07-21T21:20:08:     response = self._make_request(
2026-07-21T21:20:08:   File "/Users/aicommander/CascadeProjects/toolcalc/scripts/seo/.venv/lib/python3.9/site-packages/urllib3/connectionpool.py", line 536, in _make_request
2026-07-21T21:20:08:     self._raise_timeout(err=e, url=url, timeout_value=read_timeout)
2026-07-21T21:20:08:   File "/Users/aicommander/CascadeProjects/toolcalc/scripts/seo/.venv/lib/python3.9/site-packages/urllib3/connectionpool.py", line 367, in _raise_timeout
2026-07-21T21:20:08:     raise ReadTimeoutError(
2026-07-21T21:20:08: urllib3.exceptions.ReadTimeoutError: HTTPSConnectionPool(host='api.telegram.org', port=443): Read timed out. (read timeout=25)
2026-07-21T21:20:08: 
2026-07-21T21:20:08: During handling of the above exception, another exception occurred:
2026-07-21T21:20:08: 
2026-07-21T21:20:08: Traceback (most recent call last):
2026-07-21T21:20:08:   File "/Users/aicommander/CascadeProjects/toolcalc/scripts/seo/.venv/lib/python3.9/site-packages/telebot/__init__.py", line 1110, in infinity_polling
2026-07-21T21:20:08:     self.polling(non_stop=True, timeout=timeout, long_polling_timeout=long_polling_timeout,
2026-07-21T21:20:08:   File "/Users/aicommander/CascadeProjects/toolcalc/scripts/seo/.venv/lib/python3.9/site-packages/telebot/__init__.py", line 1198, in polling
2026-07-21T21:20:08:     self.__threaded_polling(non_stop=non_stop, interval=interval, timeout=timeout, long_polling_timeout=long_polling_timeout,
2026-07-21T21:20:08:   File "/Users/aicommander/CascadeProjects/toolcalc/scripts/seo/.venv/lib/python3.9/site-packages/telebot/__init__.py", line 1273, in __threaded_polling
2026-07-21T21:20:08:     raise e
2026-07-21T21:20:08:   File "/Users/aicommander/CascadeProjects/toolcalc/scripts/seo/.venv/lib/python3.9/site-packages/telebot/__init__.py", line 1234, in __threaded_polling
2026-07-21T21:20:08:     polling_thread.raise_exceptions()
2026-07-21T21:20:08:   File "/Users/aicommander/CascadeProjects/toolcalc/scripts/seo/.venv/lib/python3.9/site-packages/telebot/util.py", line 115, in raise_exceptions
2026-07-21T21:20:08:     raise self.exception_info
2026-07-21T21:20:08:   File "/Users/aicommander/CascadeProjects/toolcalc/scripts/seo/.venv/lib/python3.9/site-packages/telebot/util.py", line 97, in run
2026-07-21T21:20:08:     task(*args, **kwargs)
2026-07-21T21:20:08:   File "/Users/aicommander/CascadeProjects/toolcalc/scripts/seo/.venv/lib/python3.9/site-packages/telebot/__init__.py", line 688, in __retrieve_updates
2026-07-21T21:20:08:     updates = self.get_updates(offset=(self.last_update_id + 1),
2026-07-21T21:20:08:   File "/Users/aicommander/CascadeProjects/toolcalc/scripts/seo/.venv/lib/python3.9/site-packages/telebot/__init__.py", line 660, in get_updates
2026-07-21T21:20:08:     json_updates = apihelper.get_updates(
2026-07-21T21:20:08:   File "/Users/aicommander/CascadeProjects/toolcalc/scripts/seo/.venv/lib/python3.9/site-packages/telebot/apihelper.py", line 339, in get_updates
2026-07-21T21:20:08:     return _make_request(token, method_url, params=payload)
2026-07-21T21:20:08:   File "/Users/aicommander/CascadeProjects/toolcalc/scripts/seo/.venv/lib/python3.9/site-packages/telebot/apihelper.py", line 162, in _make_request
2026-07-21T21:20:08:     result = _get_req_session().request(
2026-07-21T21:20:08:   File "/Users/aicommander/CascadeProjects/toolcalc/scripts/seo/.venv/lib/python3.9/site-packages/requests/sessions.py", line 589, in request
2026-07-21T21:20:08:     resp = self.send(prep, **send_kwargs)
2026-07-21T21:20:08:   File "/Users/aicommander/CascadeProjects/toolcalc/scripts/seo/.venv/lib/python3.9/site-packages/requests/sessions.py", line 703, in send
2026-07-21T21:20:08:     r = adapter.send(request, **kwargs)
2026-07-21T21:20:08:   File "/Users/aicommander/CascadeProjects/toolcalc/scripts/seo/.venv/lib/python3.9/site-packages/requests/adapters.py", line 690, in send
2026-07-21T21:20:08:     raise ReadTimeout(e, request=request)
2026-07-21T21:20:08: requests.exceptions.ReadTimeout: HTTPSConnectionPool(host='api.telegram.org', port=443): Read timed out. (read timeout=25)
2026-07-21T21:20:08: "
2026-07-21T21:23:45: 2026-07-21 21:23:45,110 (__init__.py:1115 MainThread) ERROR - TeleBot: "Infinity polling exception: HTTPSConnectionPool(host='api.telegram.org', port=443): Read timed out. (read timeout=25)"
2026-07-21T21:23:45: 2026-07-21 21:23:45,111 (__init__.py:1117 MainThread) ERROR - TeleBot: "Exception traceback:
2026-07-21T21:23:45: Traceback (most recent call last):
2026-07-21T21:23:45:   File "/Users/aicommander/CascadeProjects/toolcalc/scripts/seo/.venv/lib/python3.9/site-packages/urllib3/connectionpool.py", line 534, in _make_request
2026-07-21T21:23:45:     response = conn.getresponse()
2026-07-21T21:23:45:   File "/Users/aicommander/CascadeProjects/toolcalc/scripts/seo/.venv/lib/python3.9/site-packages/urllib3/connection.py", line 571, in getresponse
2026-07-21T21:23:45:     httplib_response = super().getresponse()
2026-07-21T21:23:45:   File "/Library/Developer/CommandLineTools/Library/Frameworks/Python3.framework/Versions/3.9/lib/python3.9/http/client.py", line 1349, in getresponse
2026-07-21T21:23:45:     response.begin()
2026-07-21T21:23:45:   File "/Library/Developer/CommandLineTools/Library/Frameworks/Python3.framework/Versions/3.9/lib/python3.9/http/client.py", line 316, in begin
2026-07-21T21:23:45:     version, status, reason = self._read_status()
2026-07-21T21:23:45:   File "/Library/Developer/CommandLineTools/Library/Frameworks/Python3.framework/Versions/3.9/lib/python3.9/http/client.py", line 277, in _read_status
2026-07-21T21:23:45:     line = str(self.fp.readline(_MAXLINE + 1), "iso-8859-1")
2026-07-21T21:23:45:   File "/Library/Developer/CommandLineTools/Library/Frameworks/Python3.framework/Versions/3.9/lib/python3.9/socket.py", line 704, in readinto
2026-07-21T21:23:45:     return self._sock.recv_into(b)
2026-07-21T21:23:45:   File "/Library/Developer/CommandLineTools/Library/Frameworks/Python3.framework/Versions/3.9/lib/python3.9/ssl.py", line 1241, in recv_into
2026-07-21T21:23:45:     return self.read(nbytes, buffer)
2026-07-21T21:23:45:   File "/Library/Developer/CommandLineTools/Library/Frameworks/Python3.framework/Versions/3.9/lib/python3.9/ssl.py", line 1099, in read
2026-07-21T21:23:45:     return self._sslobj.read(len, buffer)
2026-07-21T21:23:45: socket.timeout: The read operation timed out
2026-07-21T21:23:45: 
2026-07-21T21:23:45: The above exception was the direct cause of the following exception:
2026-07-21T21:23:45: 
2026-07-21T21:23:45: Traceback (most recent call last):
2026-07-21T21:23:45:   File "/Users/aicommander/CascadeProjects/toolcalc/scripts/seo/.venv/lib/python3.9/site-packages/requests/adapters.py", line 644, in send
2026-07-21T21:23:45:     resp = conn.urlopen(
2026-07-21T21:23:45:   File "/Users/aicommander/CascadeProjects/toolcalc/scripts/seo/.venv/lib/python3.9/site-packages/urllib3/connectionpool.py", line 841, in urlopen
2026-07-21T21:23:45:     retries = retries.increment(
2026-07-21T21:23:45:   File "/Users/aicommander/CascadeProjects/toolcalc/scripts/seo/.venv/lib/python3.9/site-packages/urllib3/util/retry.py", line 490, in increment
2026-07-21T21:23:45:     raise reraise(type(error), error, _stacktrace)
2026-07-21T21:23:45:   File "/Users/aicommander/CascadeProjects/toolcalc/scripts/seo/.venv/lib/python3.9/site-packages/urllib3/util/util.py", line 39, in reraise
2026-07-21T21:23:45:     raise value
2026-07-21T21:23:45:   File "/Users/aicommander/CascadeProjects/toolcalc/scripts/seo/.venv/lib/python3.9/site-packages/urllib3/connectionpool.py", line 787, in urlopen
2026-07-21T21:23:45:     response = self._make_request(
2026-07-21T21:23:45:   File "/Users/aicommander/CascadeProjects/toolcalc/scripts/seo/.venv/lib/python3.9/site-packages/urllib3/connectionpool.py", line 536, in _make_request
2026-07-21T21:23:45:     self._raise_timeout(err=e, url=url, timeout_value=read_timeout)
2026-07-21T21:23:45:   File "/Users/aicommander/CascadeProjects/toolcalc/scripts/seo/.venv/lib/python3.9/site-packages/urllib3/connectionpool.py", line 367, in _raise_timeout
2026-07-21T21:23:45:     raise ReadTimeoutError(
2026-07-21T21:23:45: urllib3.exceptions.ReadTimeoutError: HTTPSConnectionPool(host='api.telegram.org', port=443): Read timed out. (read timeout=25)
2026-07-21T21:23:45: 
2026-07-21T21:23:45: During handling of the above exception, another exception occurred:
2026-07-21T21:23:45: 
2026-07-21T21:23:45: Traceback (most recent call last):
2026-07-21T21:23:45:   File "/Users/aicommander/CascadeProjects/toolcalc/scripts/seo/.venv/lib/python3.9/site-packages/telebot/__init__.py", line 1110, in infinity_polling
2026-07-21T21:23:45:     self.polling(non_stop=True, timeout=timeout, long_polling_timeout=long_polling_timeout,
2026-07-21T21:23:45:   File "/Users/aicommander/CascadeProjects/toolcalc/scripts/seo/.venv/lib/python3.9/site-packages/telebot/__init__.py", line 1198, in polling
2026-07-21T21:23:45:     self.__threaded_polling(non_stop=non_stop, interval=interval, timeout=timeout, long_polling_timeout=long_polling_timeout,
2026-07-21T21:23:45:   File "/Users/aicommander/CascadeProjects/toolcalc/scripts/seo/.venv/lib/python3.9/site-packages/telebot/__init__.py", line 1273, in __threaded_polling
2026-07-21T21:23:45:     raise e
2026-07-21T21:23:45:   File "/Users/aicommander/CascadeProjects/toolcalc/scripts/seo/.venv/lib/python3.9/site-packages/telebot/__init__.py", line 1234, in __threaded_polling
2026-07-21T21:23:45:     polling_thread.raise_exceptions()
2026-07-21T21:23:45:   File "/Users/aicommander/CascadeProjects/toolcalc/scripts/seo/.venv/lib/python3.9/site-packages/telebot/util.py", line 115, in raise_exceptions
2026-07-21T21:23:45:     raise self.exception_info
2026-07-21T21:23:45:   File "/Users/aicommander/CascadeProjects/toolcalc/scripts/seo/.venv/lib/python3.9/site-packages/telebot/util.py", line 97, in run
2026-07-21T21:23:45:     task(*args, **kwargs)
2026-07-21T21:23:45:   File "/Users/aicommander/CascadeProjects/toolcalc/scripts/seo/.venv/lib/python3.9/site-packages/telebot/__init__.py", line 688, in __retrieve_updates
2026-07-21T21:23:45:     updates = self.get_updates(offset=(self.last_update_id + 1),
2026-07-21T21:23:45:   File "/Users/aicommander/CascadeProjects/toolcalc/scripts/seo/.venv/lib/python3.9/site-packages/telebot/__init__.py", line 660, in get_updates
2026-07-21T21:23:45:     json_updates = apihelper.get_updates(
2026-07-21T21:23:45:   File "/Users/aicommander/CascadeProjects/toolcalc/scripts/seo/.venv/lib/python3.9/site-packages/telebot/apihelper.py", line 339, in get_updates
2026-07-21T21:23:45:     return _make_request(token, method_url, params=payload)
2026-07-21T21:23:45:   File "/Users/aicommander/CascadeProjects/toolcalc/scripts/seo/.venv/lib/python3.9/site-packages/telebot/apihelper.py", line 162, in _make_request
2026-07-21T21:23:45:     result = _get_req_session().request(
2026-07-21T21:23:45:   File "/Users/aicommander/CascadeProjects/toolcalc/scripts/seo/.venv/lib/python3.9/site-packages/requests/sessions.py", line 589, in request
2026-07-21T21:23:45:     resp = self.send(prep, **send_kwargs)
2026-07-21T21:23:45:   File "/Users/aicommander/CascadeProjects/toolcalc/scripts/seo/.venv/lib/python3.9/site-packages/requests/sessions.py", line 703, in send
2026-07-21T21:23:45:     r = adapter.send(request, **kwargs)
2026-07-21T21:23:45:   File "/Users/aicommander/CascadeProjects/toolcalc/scripts/seo/.venv/lib/python3.9/site-packages/requests/adapters.py", line 690, in send
2026-07-21T21:23:45:     raise ReadTimeout(e, request=request)
2026-07-21T21:23:45: requests.exceptions.ReadTimeout: HTTPSConnectionPool(host='api.telegram.org', port=443): Read timed out. (read timeout=25)
2026-07-21T21:23:45: "
2026-07-21T21:25:34: 2026-07-21 21:25:34,502 (__init__.py:1115 MainThread) ERROR - TeleBot: "Infinity polling exception: HTTPSConnectionPool(host='api.telegram.org', port=443): Read timed out. (read timeout=25)"
2026-07-21T21:25:34: 2026-07-21 21:25:34,503 (__init__.py:1117 MainThread) ERROR - TeleBot: "Exception traceback:
2026-07-21T21:25:34: Traceback (most recent call last):
2026-07-21T21:25:34:   File "/Users/aicommander/CascadeProjects/toolcalc/scripts/seo/.venv/lib/python3.9/site-packages/urllib3/connectionpool.py", line 534, in _make_request
2026-07-21T21:25:34:     response = conn.getresponse()
2026-07-21T21:25:34:   File "/Users/aicommander/CascadeProjects/toolcalc/scripts/seo/.venv/lib/python3.9/site-packages/urllib3/connection.py", line 571, in getresponse
2026-07-21T21:25:34:     httplib_response = super().getresponse()
2026-07-21T21:25:34:   File "/Library/Developer/CommandLineTools/Library/Frameworks/Python3.framework/Versions/3.9/lib/python3.9/http/client.py", line 1349, in getresponse
2026-07-21T21:25:34:     response.begin()
2026-07-21T21:25:34:   File "/Library/Developer/CommandLineTools/Library/Frameworks/Python3.framework/Versions/3.9/lib/python3.9/http/client.py", line 316, in begin
2026-07-21T21:25:34:     version, status, reason = self._read_status()
2026-07-21T21:25:34:   File "/Library/Developer/CommandLineTools/Library/Frameworks/Python3.framework/Versions/3.9/lib/python3.9/http/client.py", line 277, in _read_status
2026-07-21T21:25:34:     line = str(self.fp.readline(_MAXLINE + 1), "iso-8859-1")
2026-07-21T21:25:34:   File "/Library/Developer/CommandLineTools/Library/Frameworks/Python3.framework/Versions/3.9/lib/python3.9/socket.py", line 704, in readinto
2026-07-21T21:25:34:     return self._sock.recv_into(b)
2026-07-21T21:25:34:   File "/Library/Developer/CommandLineTools/Library/Frameworks/Python3.framework/Versions/3.9/lib/python3.9/ssl.py", line 1241, in recv_into
2026-07-21T21:25:34:     return self.read(nbytes, buffer)
2026-07-21T21:25:34:   File "/Library/Developer/CommandLineTools/Library/Frameworks/Python3.framework/Versions/3.9/lib/python3.9/ssl.py", line 1099, in read
2026-07-21T21:25:34:     return self._sslobj.read(len, buffer)
2026-07-21T21:25:34: socket.timeout: The read operation timed out
2026-07-21T21:25:34: 
2026-07-21T21:25:34: The above exception was the direct cause of the following exception:
2026-07-21T21:25:34: 
2026-07-21T21:25:34: Traceback (most recent call last):
2026-07-21T21:25:34:   File "/Users/aicommander/CascadeProjects/toolcalc/scripts/seo/.venv/lib/python3.9/site-packages/requests/adapters.py", line 644, in send
2026-07-21T21:25:34:     resp = conn.urlopen(
2026-07-21T21:25:34:   File "/Users/aicommander/CascadeProjects/toolcalc/scripts/seo/.venv/lib/python3.9/site-packages/urllib3/connectionpool.py", line 841, in urlopen
2026-07-21T21:25:34:     retries = retries.increment(
2026-07-21T21:25:34:   File "/Users/aicommander/CascadeProjects/toolcalc/scripts/seo/.venv/lib/python3.9/site-packages/urllib3/util/retry.py", line 490, in increment
2026-07-21T21:25:34:     raise reraise(type(error), error, _stacktrace)
2026-07-21T21:25:34:   File "/Users/aicommander/CascadeProjects/toolcalc/scripts/seo/.venv/lib/python3.9/site-packages/urllib3/util/util.py", line 39, in reraise
2026-07-21T21:25:34:     raise value
2026-07-21T21:25:34:   File "/Users/aicommander/CascadeProjects/toolcalc/scripts/seo/.venv/lib/python3.9/site-packages/urllib3/connectionpool.py", line 787, in urlopen
2026-07-21T21:25:34:     response = self._make_request(
2026-07-21T21:25:34:   File "/Users/aicommander/CascadeProjects/toolcalc/scripts/seo/.venv/lib/python3.9/site-packages/urllib3/connectionpool.py", line 536, in _make_request
2026-07-21T21:25:34:     self._raise_timeout(err=e, url=url, timeout_value=read_timeout)
2026-07-21T21:25:34:   File "/Users/aicommander/CascadeProjects/toolcalc/scripts/seo/.venv/lib/python3.9/site-packages/urllib3/connectionpool.py", line 367, in _raise_timeout
2026-07-21T21:25:34:     raise ReadTimeoutError(
2026-07-21T21:25:34: urllib3.exceptions.ReadTimeoutError: HTTPSConnectionPool(host='api.telegram.org', port=443): Read timed out. (read timeout=25)
2026-07-21T21:25:34: 
2026-07-21T21:25:34: During handling of the above exception, another exception occurred:
2026-07-21T21:25:34: 
2026-07-21T21:25:34: Traceback (most recent call last):
2026-07-21T21:25:34:   File "/Users/aicommander/CascadeProjects/toolcalc/scripts/seo/.venv/lib/python3.9/site-packages/telebot/__init__.py", line 1110, in infinity_polling
2026-07-21T21:25:34:     self.polling(non_stop=True, timeout=timeout, long_polling_timeout=long_polling_timeout,
2026-07-21T21:25:34:   File "/Users/aicommander/CascadeProjects/toolcalc/scripts/seo/.venv/lib/python3.9/site-packages/telebot/__init__.py", line 1198, in polling
2026-07-21T21:25:34:     self.__threaded_polling(non_stop=non_stop, interval=interval, timeout=timeout, long_polling_timeout=long_polling_timeout,
2026-07-21T21:25:34:   File "/Users/aicommander/CascadeProjects/toolcalc/scripts/seo/.venv/lib/python3.9/site-packages/telebot/__init__.py", line 1273, in __threaded_polling
2026-07-21T21:25:34:     raise e
2026-07-21T21:25:34:   File "/Users/aicommander/CascadeProjects/toolcalc/scripts/seo/.venv/lib/python3.9/site-packages/telebot/__init__.py", line 1234, in __threaded_polling
2026-07-21T21:25:34:     polling_thread.raise_exceptions()
2026-07-21T21:25:34:   File "/Users/aicommander/CascadeProjects/toolcalc/scripts/seo/.venv/lib/python3.9/site-packages/telebot/util.py", line 115, in raise_exceptions
2026-07-21T21:25:34:     raise self.exception_info
2026-07-21T21:25:34:   File "/Users/aicommander/CascadeProjects/toolcalc/scripts/seo/.venv/lib/python3.9/site-packages/telebot/util.py", line 97, in run
2026-07-21T21:25:34:     task(*args, **kwargs)
2026-07-21T21:25:34:   File "/Users/aicommander/CascadeProjects/toolcalc/scripts/seo/.venv/lib/python3.9/site-packages/telebot/__init__.py", line 688, in __retrieve_updates
2026-07-21T21:25:34:     updates = self.get_updates(offset=(self.last_update_id + 1),
2026-07-21T21:25:34:   File "/Users/aicommander/CascadeProjects/toolcalc/scripts/seo/.venv/lib/python3.9/site-packages/telebot/__init__.py", line 660, in get_updates
2026-07-21T21:25:34:     json_updates = apihelper.get_updates(
2026-07-21T21:25:34:   File "/Users/aicommander/CascadeProjects/toolcalc/scripts/seo/.venv/lib/python3.9/site-packages/telebot/apihelper.py", line 339, in get_updates
2026-07-21T21:25:34:     return _make_request(token, method_url, params=payload)
2026-07-21T21:25:34:   File "/Users/aicommander/CascadeProjects/toolcalc/scripts/seo/.venv/lib/python3.9/site-packages/telebot/apihelper.py", line 162, in _make_request
2026-07-21T21:25:34:     result = _get_req_session().request(
2026-07-21T21:25:34:   File "/Users/aicommander/CascadeProjects/toolcalc/scripts/seo/.venv/lib/python3.9/site-packages/requests/sessions.py", line 589, in request
2026-07-21T21:25:34:     resp = self.send(prep, **send_kwargs)
2026-07-21T21:25:34:   File "/Users/aicommander/CascadeProjects/toolcalc/scripts/seo/.venv/lib/python3.9/site-packages/requests/sessions.py", line 703, in send
2026-07-21T21:25:34:     r = adapter.send(request, **kwargs)
2026-07-21T21:25:34:   File "/Users/aicommander/CascadeProjects/toolcalc/scripts/seo/.venv/lib/python3.9/site-packages/requests/adapters.py", line 690, in send
2026-07-21T21:25:34:     raise ReadTimeout(e, request=request)
2026-07-21T21:25:34: requests.exceptions.ReadTimeout: HTTPSConnectionPool(host='api.telegram.org', port=443): Read timed out. (read timeout=25)
2026-07-21T21:25:34: "
2026-07-22T03:00:23: 2026-07-22 03:00:23,252 (__init__.py:1115 MainThread) ERROR - TeleBot: "Infinity polling exception: HTTPSConnectionPool(host='api.telegram.org', port=443): Read timed out. (read timeout=25)"
2026-07-22T03:00:23: 2026-07-22 03:00:23,253 (__init__.py:1117 MainThread) ERROR - TeleBot: "Exception traceback:
2026-07-22T03:00:23: Traceback (most recent call last):
2026-07-22T03:00:23:   File "/Users/aicommander/CascadeProjects/toolcalc/scripts/seo/.venv/lib/python3.9/site-packages/urllib3/connectionpool.py", line 534, in _make_request
2026-07-22T03:00:23:     response = conn.getresponse()
2026-07-22T03:00:23:   File "/Users/aicommander/CascadeProjects/toolcalc/scripts/seo/.venv/lib/python3.9/site-packages/urllib3/connection.py", line 571, in getresponse
2026-07-22T03:00:23:     httplib_response = super().getresponse()
2026-07-22T03:00:23:   File "/Library/Developer/CommandLineTools/Library/Frameworks/Python3.framework/Versions/3.9/lib/python3.9/http/client.py", line 1349, in getresponse
2026-07-22T03:00:23:     response.begin()
2026-07-22T03:00:23:   File "/Library/Developer/CommandLineTools/Library/Frameworks/Python3.framework/Versions/3.9/lib/python3.9/http/client.py", line 316, in begin
2026-07-22T03:00:23:     version, status, reason = self._read_status()
2026-07-22T03:00:23:   File "/Library/Developer/CommandLineTools/Library/Frameworks/Python3.framework/Versions/3.9/lib/python3.9/http/client.py", line 277, in _read_status
2026-07-22T03:00:23:     line = str(self.fp.readline(_MAXLINE + 1), "iso-8859-1")
2026-07-22T03:00:23:   File "/Library/Developer/CommandLineTools/Library/Frameworks/Python3.framework/Versions/3.9/lib/python3.9/socket.py", line 704, in readinto
2026-07-22T03:00:23:     return self._sock.recv_into(b)
2026-07-22T03:00:23:   File "/Library/Developer/CommandLineTools/Library/Frameworks/Python3.framework/Versions/3.9/lib/python3.9/ssl.py", line 1241, in recv_into
2026-07-22T03:00:23:     return self.read(nbytes, buffer)
2026-07-22T03:00:23:   File "/Library/Developer/CommandLineTools/Library/Frameworks/Python3.framework/Versions/3.9/lib/python3.9/ssl.py", line 1099, in read
2026-07-22T03:00:23:     return self._sslobj.read(len, buffer)
2026-07-22T03:00:23: socket.timeout: The read operation timed out
2026-07-22T03:00:23: 
2026-07-22T03:00:23: The above exception was the direct cause of the following exception:
2026-07-22T03:00:23: 
2026-07-22T03:00:23: Traceback (most recent call last):
2026-07-22T03:00:23:   File "/Users/aicommander/CascadeProjects/toolcalc/scripts/seo/.venv/lib/python3.9/site-packages/requests/adapters.py", line 644, in send
2026-07-22T03:00:23:     resp = conn.urlopen(
2026-07-22T03:00:23:   File "/Users/aicommander/CascadeProjects/toolcalc/scripts/seo/.venv/lib/python3.9/site-packages/urllib3/connectionpool.py", line 841, in urlopen
2026-07-22T03:00:23:     retries = retries.increment(
2026-07-22T03:00:23:   File "/Users/aicommander/CascadeProjects/toolcalc/scripts/seo/.venv/lib/python3.9/site-packages/urllib3/util/retry.py", line 490, in increment
2026-07-22T03:00:23:     raise reraise(type(error), error, _stacktrace)
2026-07-22T03:00:23:   File "/Users/aicommander/CascadeProjects/toolcalc/scripts/seo/.venv/lib/python3.9/site-packages/urllib3/util/util.py", line 39, in reraise
2026-07-22T03:00:23:     raise value
2026-07-22T03:00:23:   File "/Users/aicommander/CascadeProjects/toolcalc/scripts/seo/.venv/lib/python3.9/site-packages/urllib3/connectionpool.py", line 787, in urlopen
2026-07-22T03:00:23:     response = self._make_request(
2026-07-22T03:00:23:   File "/Users/aicommander/CascadeProjects/toolcalc/scripts/seo/.venv/lib/python3.9/site-packages/urllib3/connectionpool.py", line 536, in _make_request
2026-07-22T03:00:23:     self._raise_timeout(err=e, url=url, timeout_value=read_timeout)
2026-07-22T03:00:23:   File "/Users/aicommander/CascadeProjects/toolcalc/scripts/seo/.venv/lib/python3.9/site-packages/urllib3/connectionpool.py", line 367, in _raise_timeout
2026-07-22T03:00:23:     raise ReadTimeoutError(
2026-07-22T03:00:23: urllib3.exceptions.ReadTimeoutError: HTTPSConnectionPool(host='api.telegram.org', port=443): Read timed out. (read timeout=25)
2026-07-22T03:00:23: 
2026-07-22T03:00:23: During handling of the above exception, another exception occurred:
2026-07-22T03:00:23: 
2026-07-22T03:00:23: Traceback (most recent call last):
2026-07-22T03:00:23:   File "/Users/aicommander/CascadeProjects/toolcalc/scripts/seo/.venv/lib/python3.9/site-packages/telebot/__init__.py", line 1110, in infinity_polling
2026-07-22T03:00:23:     self.polling(non_stop=True, timeout=timeout, long_polling_timeout=long_polling_timeout,
2026-07-22T03:00:23:   File "/Users/aicommander/CascadeProjects/toolcalc/scripts/seo/.venv/lib/python3.9/site-packages/telebot/__init__.py", line 1198, in polling
2026-07-22T03:00:23:     self.__threaded_polling(non_stop=non_stop, interval=interval, timeout=timeout, long_polling_timeout=long_polling_timeout,
2026-07-22T03:00:23:   File "/Users/aicommander/CascadeProjects/toolcalc/scripts/seo/.venv/lib/python3.9/site-packages/telebot/__init__.py", line 1273, in __threaded_polling
2026-07-22T03:00:23:     raise e
2026-07-22T03:00:23:   File "/Users/aicommander/CascadeProjects/toolcalc/scripts/seo/.venv/lib/python3.9/site-packages/telebot/__init__.py", line 1234, in __threaded_polling
2026-07-22T03:00:23:     polling_thread.raise_exceptions()
2026-07-22T03:00:23:   File "/Users/aicommander/CascadeProjects/toolcalc/scripts/seo/.venv/lib/python3.9/site-packages/telebot/util.py", line 115, in raise_exceptions
2026-07-22T03:00:23:     raise self.exception_info
2026-07-22T03:00:23:   File "/Users/aicommander/CascadeProjects/toolcalc/scripts/seo/.venv/lib/python3.9/site-packages/telebot/util.py", line 97, in run
2026-07-22T03:00:23:     task(*args, **kwargs)
2026-07-22T03:00:23:   File "/Users/aicommander/CascadeProjects/toolcalc/scripts/seo/.venv/lib/python3.9/site-packages/telebot/__init__.py", line 688, in __retrieve_updates
2026-07-22T03:00:23:     updates = self.get_updates(offset=(self.last_update_id + 1),
2026-07-22T03:00:23:   File "/Users/aicommander/CascadeProjects/toolcalc/scripts/seo/.venv/lib/python3.9/site-packages/telebot/__init__.py", line 660, in get_updates
2026-07-22T03:00:23:     json_updates = apihelper.get_updates(
2026-07-22T03:00:23:   File "/Users/aicommander/CascadeProjects/toolcalc/scripts/seo/.venv/lib/python3.9/site-packages/telebot/apihelper.py", line 339, in get_updates
2026-07-22T03:00:23:     return _make_request(token, method_url, params=payload)
2026-07-22T03:00:23:   File "/Users/aicommander/CascadeProjects/toolcalc/scripts/seo/.venv/lib/python3.9/site-packages/telebot/apihelper.py", line 162, in _make_request
2026-07-22T03:00:23:     result = _get_req_session().request(
2026-07-22T03:00:23:   File "/Users/aicommander/CascadeProjects/toolcalc/scripts/seo/.venv/lib/python3.9/site-packages/requests/sessions.py", line 589, in request
2026-07-22T03:00:23:     resp = self.send(prep, **send_kwargs)
2026-07-22T03:00:23:   File "/Users/aicommander/CascadeProjects/toolcalc/scripts/seo/.venv/lib/python3.9/site-packages/requests/sessions.py", line 703, in send
2026-07-22T03:00:23:     r = adapter.send(request, **kwargs)
2026-07-22T03:00:23:   File "/Users/aicommander/CascadeProjects/toolcalc/scripts/seo/.venv/lib/python3.9/site-packages/requests/adapters.py", line 690, in send
2026-07-22T03:00:23:     raise ReadTimeout(e, request=request)
2026-07-22T03:00:23: requests.exceptions.ReadTimeout: HTTPSConnectionPool(host='api.telegram.org', port=443): Read timed out. (read timeout=25)
2026-07-22T03:00:23: "
2026-07-22T03:00:46: 2026-07-22 03:00:46,404 (__init__.py:1115 MainThread) ERROR - TeleBot: "Infinity polling exception: HTTPSConnectionPool(host='api.telegram.org', port=443): Max retries exceeded with url: /bot8903604110:***********************************/getUpdates?offset=550404779&timeout=20 (Caused by ConnectTimeoutError(<HTTPSConnection(host='api.telegram.org', port=443) at 0x10ac81610>, 'Connection to api.telegram.org timed out. (connect timeout=20)'))"
2026-07-22T03:00:46: 2026-07-22 03:00:46,405 (__init__.py:1117 MainThread) ERROR - TeleBot: "Exception traceback:
2026-07-22T03:00:46: Traceback (most recent call last):
2026-07-22T03:00:46:   File "/Users/aicommander/CascadeProjects/toolcalc/scripts/seo/.venv/lib/python3.9/site-packages/urllib3/connection.py", line 204, in _new_conn
2026-07-22T03:00:46:     sock = connection.create_connection(
2026-07-22T03:00:46:   File "/Users/aicommander/CascadeProjects/toolcalc/scripts/seo/.venv/lib/python3.9/site-packages/urllib3/util/connection.py", line 85, in create_connection
2026-07-22T03:00:46:     raise err
2026-07-22T03:00:46:   File "/Users/aicommander/CascadeProjects/toolcalc/scripts/seo/.venv/lib/python3.9/site-packages/urllib3/util/connection.py", line 73, in create_connection
2026-07-22T03:00:46:     sock.connect(sa)
2026-07-22T03:00:46: socket.timeout: timed out
2026-07-22T03:00:46: 
2026-07-22T03:00:46: The above exception was the direct cause of the following exception:
2026-07-22T03:00:46: 
2026-07-22T03:00:46: Traceback (most recent call last):
2026-07-22T03:00:46:   File "/Users/aicommander/CascadeProjects/toolcalc/scripts/seo/.venv/lib/python3.9/site-packages/urllib3/connectionpool.py", line 787, in urlopen
2026-07-22T03:00:46:     response = self._make_request(
2026-07-22T03:00:46:   File "/Users/aicommander/CascadeProjects/toolcalc/scripts/seo/.venv/lib/python3.9/site-packages/urllib3/connectionpool.py", line 488, in _make_request
2026-07-22T03:00:46:     raise new_e
2026-07-22T03:00:46:   File "/Users/aicommander/CascadeProjects/toolcalc/scripts/seo/.venv/lib/python3.9/site-packages/urllib3/connectionpool.py", line 464, in _make_request
2026-07-22T03:00:46:     self._validate_conn(conn)
2026-07-22T03:00:46:   File "/Users/aicommander/CascadeProjects/toolcalc/scripts/seo/.venv/lib/python3.9/site-packages/urllib3/connectionpool.py", line 1093, in _validate_conn
2026-07-22T03:00:46:     conn.connect()
2026-07-22T03:00:46:   File "/Users/aicommander/CascadeProjects/toolcalc/scripts/seo/.venv/lib/python3.9/site-packages/urllib3/connection.py", line 759, in connect
2026-07-22T03:00:46:     self.sock = sock = self._new_conn()
2026-07-22T03:00:46:   File "/Users/aicommander/CascadeProjects/toolcalc/scripts/seo/.venv/lib/python3.9/site-packages/urllib3/connection.py", line 213, in _new_conn
2026-07-22T03:00:46:     raise ConnectTimeoutError(
2026-07-22T03:00:46: urllib3.exceptions.ConnectTimeoutError: (<HTTPSConnection(host='api.telegram.org', port=443) at 0x10ac81610>, 'Connection to api.telegram.org timed out. (connect timeout=20)')
2026-07-22T03:00:46: 
2026-07-22T03:00:46: The above exception was the direct cause of the following exception:
2026-07-22T03:00:46: 
2026-07-22T03:00:46: Traceback (most recent call last):
2026-07-22T03:00:46:   File "/Users/aicommander/CascadeProjects/toolcalc/scripts/seo/.venv/lib/python3.9/site-packages/requests/adapters.py", line 644, in send
2026-07-22T03:00:46:     resp = conn.urlopen(
2026-07-22T03:00:46:   File "/Users/aicommander/CascadeProjects/toolcalc/scripts/seo/.venv/lib/python3.9/site-packages/urllib3/connectionpool.py", line 841, in urlopen
2026-07-22T03:00:46:     retries = retries.increment(
2026-07-22T03:00:46:   File "/Users/aicommander/CascadeProjects/toolcalc/scripts/seo/.venv/lib/python3.9/site-packages/urllib3/util/retry.py", line 535, in increment
2026-07-22T03:00:46:     raise MaxRetryError(_pool, url, reason) from reason  # type: ignore[arg-type]
2026-07-22T03:00:46: urllib3.exceptions.MaxRetryError: HTTPSConnectionPool(host='api.telegram.org', port=443): Max retries exceeded with url: /bot8903604110:***********************************/getUpdates?offset=550404779&timeout=20 (Caused by ConnectTimeoutError(<HTTPSConnection(host='api.telegram.org', port=443) at 0x10ac81610>, 'Connection to api.telegram.org timed out. (connect timeout=20)'))
2026-07-22T03:00:46: 
2026-07-22T03:00:46: During handling of the above exception, another exception occurred:
2026-07-22T03:00:46: 
2026-07-22T03:00:46: Traceback (most recent call last):
2026-07-22T03:00:46:   File "/Users/aicommander/CascadeProjects/toolcalc/scripts/seo/.venv/lib/python3.9/site-packages/telebot/__init__.py", line 1110, in infinity_polling
2026-07-22T03:00:46:     self.polling(non_stop=True, timeout=timeout, long_polling_timeout=long_polling_timeout,
2026-07-22T03:00:46:   File "/Users/aicommander/CascadeProjects/toolcalc/scripts/seo/.venv/lib/python3.9/site-packages/telebot/__init__.py", line 1198, in polling
2026-07-22T03:00:46:     self.__threaded_polling(non_stop=non_stop, interval=interval, timeout=timeout, long_polling_timeout=long_polling_timeout,
2026-07-22T03:00:46:   File "/Users/aicommander/CascadeProjects/toolcalc/scripts/seo/.venv/lib/python3.9/site-packages/telebot/__init__.py", line 1273, in __threaded_polling
2026-07-22T03:00:46:     raise e
2026-07-22T03:00:46:   File "/Users/aicommander/CascadeProjects/toolcalc/scripts/seo/.venv/lib/python3.9/site-packages/telebot/__init__.py", line 1234, in __threaded_polling
2026-07-22T03:00:46:     polling_thread.raise_exceptions()
2026-07-22T03:00:46:   File "/Users/aicommander/CascadeProjects/toolcalc/scripts/seo/.venv/lib/python3.9/site-packages/telebot/util.py", line 115, in raise_exceptions
2026-07-22T03:00:46:     raise self.exception_info
2026-07-22T03:00:46:   File "/Users/aicommander/CascadeProjects/toolcalc/scripts/seo/.venv/lib/python3.9/site-packages/telebot/util.py", line 97, in run
2026-07-22T03:00:46:     task(*args, **kwargs)
2026-07-22T03:00:46:   File "/Users/aicommander/CascadeProjects/toolcalc/scripts/seo/.venv/lib/python3.9/site-packages/telebot/__init__.py", line 688, in __retrieve_updates
2026-07-22T03:00:46:     updates = self.get_updates(offset=(self.last_update_id + 1),
2026-07-22T03:00:46:   File "/Users/aicommander/CascadeProjects/toolcalc/scripts/seo/.venv/lib/python3.9/site-packages/telebot/__init__.py", line 660, in get_updates
2026-07-22T03:00:46:     json_updates = apihelper.get_updates(
2026-07-22T03:00:46:   File "/Users/aicommander/CascadeProjects/toolcalc/scripts/seo/.venv/lib/python3.9/site-packages/telebot/apihelper.py", line 339, in get_updates
2026-07-22T03:00:46:     return _make_request(token, method_url, params=payload)
2026-07-22T03:00:46:   File "/Users/aicommander/CascadeProjects/toolcalc/scripts/seo/.venv/lib/python3.9/site-packages/telebot/apihelper.py", line 162, in _make_request
2026-07-22T03:00:46:     result = _get_req_session().request(
2026-07-22T03:00:46:   File "/Users/aicommander/CascadeProjects/toolcalc/scripts/seo/.venv/lib/python3.9/site-packages/requests/sessions.py", line 589, in request
2026-07-22T03:00:46:     resp = self.send(prep, **send_kwargs)
2026-07-22T03:00:46:   File "/Users/aicommander/CascadeProjects/toolcalc/scripts/seo/.venv/lib/python3.9/site-packages/requests/sessions.py", line 703, in send
2026-07-22T03:00:46:     r = adapter.send(request, **kwargs)
2026-07-22T03:00:46:   File "/Users/aicommander/CascadeProjects/toolcalc/scripts/seo/.venv/lib/python3.9/site-packages/requests/adapters.py", line 665, in send
2026-07-22T03:00:46:     raise ConnectTimeout(e, request=request)
2026-07-22T03:00:46: requests.exceptions.ConnectTimeout: HTTPSConnectionPool(host='api.telegram.org', port=443): Max retries exceeded with url: /bot8903604110:***********************************/getUpdates?offset=550404779&timeout=20 (Caused by ConnectTimeoutError(<HTTPSConnection(host='api.telegram.org', port=443) at 0x10ac81610>, 'Connection to api.telegram.org timed out. (connect timeout=20)'))
2026-07-22T03:00:46: "
2026-07-22T03:01:09: 2026-07-22 03:01:09,522 (__init__.py:1115 MainThread) ERROR - TeleBot: "Infinity polling exception: HTTPSConnectionPool(host='api.telegram.org', port=443): Max retries exceeded with url: /bot8903604110:***********************************/getUpdates?offset=550404779&timeout=20 (Caused by ConnectTimeoutError(<HTTPSConnection(host='api.telegram.org', port=443) at 0x10ac81460>, 'Connection to api.telegram.org timed out. (connect timeout=20)'))"
2026-07-22T03:01:09: 2026-07-22 03:01:09,523 (__init__.py:1117 MainThread) ERROR - TeleBot: "Exception traceback:
2026-07-22T03:01:09: Traceback (most recent call last):
2026-07-22T03:01:09:   File "/Users/aicommander/CascadeProjects/toolcalc/scripts/seo/.venv/lib/python3.9/site-packages/urllib3/connection.py", line 204, in _new_conn
2026-07-22T03:01:09:     sock = connection.create_connection(
2026-07-22T03:01:09:   File "/Users/aicommander/CascadeProjects/toolcalc/scripts/seo/.venv/lib/python3.9/site-packages/urllib3/util/connection.py", line 85, in create_connection
2026-07-22T03:01:09:     raise err
2026-07-22T03:01:09:   File "/Users/aicommander/CascadeProjects/toolcalc/scripts/seo/.venv/lib/python3.9/site-packages/urllib3/util/connection.py", line 73, in create_connection
2026-07-22T03:01:09:     sock.connect(sa)
2026-07-22T03:01:09: socket.timeout: timed out
2026-07-22T03:01:09: 
2026-07-22T03:01:09: The above exception was the direct cause of the following exception:
2026-07-22T03:01:09: 
2026-07-22T03:01:09: Traceback (most recent call last):
2026-07-22T03:01:09:   File "/Users/aicommander/CascadeProjects/toolcalc/scripts/seo/.venv/lib/python3.9/site-packages/urllib3/connectionpool.py", line 787, in urlopen
2026-07-22T03:01:09:     response = self._make_request(
2026-07-22T03:01:09:   File "/Users/aicommander/CascadeProjects/toolcalc/scripts/seo/.venv/lib/python3.9/site-packages/urllib3/connectionpool.py", line 488, in _make_request
2026-07-22T03:01:09:     raise new_e
2026-07-22T03:01:09:   File "/Users/aicommander/CascadeProjects/toolcalc/scripts/seo/.venv/lib/python3.9/site-packages/urllib3/connectionpool.py", line 464, in _make_request
2026-07-22T03:01:09:     self._validate_conn(conn)
2026-07-22T03:01:09:   File "/Users/aicommander/CascadeProjects/toolcalc/scripts/seo/.venv/lib/python3.9/site-packages/urllib3/connectionpool.py", line 1093, in _validate_conn
2026-07-22T03:01:09:     conn.connect()
2026-07-22T03:01:09:   File "/Users/aicommander/CascadeProjects/toolcalc/scripts/seo/.venv/lib/python3.9/site-packages/urllib3/connection.py", line 759, in connect
2026-07-22T03:01:09:     self.sock = sock = self._new_conn()
2026-07-22T03:01:09:   File "/Users/aicommander/CascadeProjects/toolcalc/scripts/seo/.venv/lib/python3.9/site-packages/urllib3/connection.py", line 213, in _new_conn
2026-07-22T03:01:09:     raise ConnectTimeoutError(
2026-07-22T03:01:09: urllib3.exceptions.ConnectTimeoutError: (<HTTPSConnection(host='api.telegram.org', port=443) at 0x10ac81460>, 'Connection to api.telegram.org timed out. (connect timeout=20)')
2026-07-22T03:01:09: 
2026-07-22T03:01:09: The above exception was the direct cause of the following exception:
2026-07-22T03:01:09: 
2026-07-22T03:01:09: Traceback (most recent call last):
2026-07-22T03:01:09:   File "/Users/aicommander/CascadeProjects/toolcalc/scripts/seo/.venv/lib/python3.9/site-packages/requests/adapters.py", line 644, in send
2026-07-22T03:01:09:     resp = conn.urlopen(
2026-07-22T03:01:09:   File "/Users/aicommander/CascadeProjects/toolcalc/scripts/seo/.venv/lib/python3.9/site-packages/urllib3/connectionpool.py", line 841, in urlopen
2026-07-22T03:01:09:     retries = retries.increment(
2026-07-22T03:01:09:   File "/Users/aicommander/CascadeProjects/toolcalc/scripts/seo/.venv/lib/python3.9/site-packages/urllib3/util/retry.py", line 535, in increment
2026-07-22T03:01:09:     raise MaxRetryError(_pool, url, reason) from reason  # type: ignore[arg-type]
2026-07-22T03:01:09: urllib3.exceptions.MaxRetryError: HTTPSConnectionPool(host='api.telegram.org', port=443): Max retries exceeded with url: /bot8903604110:***********************************/getUpdates?offset=550404779&timeout=20 (Caused by ConnectTimeoutError(<HTTPSConnection(host='api.telegram.org', port=443) at 0x10ac81460>, 'Connection to api.telegram.org timed out. (connect timeout=20)'))
2026-07-22T03:01:09: 
2026-07-22T03:01:09: During handling of the above exception, another exception occurred:
2026-07-22T03:01:09: 
2026-07-22T03:01:09: Traceback (most recent call last):
2026-07-22T03:01:09:   File "/Users/aicommander/CascadeProjects/toolcalc/scripts/seo/.venv/lib/python3.9/site-packages/telebot/__init__.py", line 1110, in infinity_polling
2026-07-22T03:01:09:     self.polling(non_stop=True, timeout=timeout, long_polling_timeout=long_polling_timeout,
2026-07-22T03:01:09:   File "/Users/aicommander/CascadeProjects/toolcalc/scripts/seo/.venv/lib/python3.9/site-packages/telebot/__init__.py", line 1198, in polling
2026-07-22T03:01:09:     self.__threaded_polling(non_stop=non_stop, interval=interval, timeout=timeout, long_polling_timeout=long_polling_timeout,
2026-07-22T03:01:09:   File "/Users/aicommander/CascadeProjects/toolcalc/scripts/seo/.venv/lib/python3.9/site-packages/telebot/__init__.py", line 1273, in __threaded_polling
2026-07-22T03:01:09:     raise e
2026-07-22T03:01:09:   File "/Users/aicommander/CascadeProjects/toolcalc/scripts/seo/.venv/lib/python3.9/site-packages/telebot/__init__.py", line 1234, in __threaded_polling
2026-07-22T03:01:09:     polling_thread.raise_exceptions()
2026-07-22T03:01:09:   File "/Users/aicommander/CascadeProjects/toolcalc/scripts/seo/.venv/lib/python3.9/site-packages/telebot/util.py", line 115, in raise_exceptions
2026-07-22T03:01:09:     raise self.exception_info
2026-07-22T03:01:09:   File "/Users/aicommander/CascadeProjects/toolcalc/scripts/seo/.venv/lib/python3.9/site-packages/telebot/util.py", line 97, in run
2026-07-22T03:01:09:     task(*args, **kwargs)
2026-07-22T03:01:09:   File "/Users/aicommander/CascadeProjects/toolcalc/scripts/seo/.venv/lib/python3.9/site-packages/telebot/__init__.py", line 688, in __retrieve_updates
2026-07-22T03:01:09:     updates = self.get_updates(offset=(self.last_update_id + 1),
2026-07-22T03:01:09:   File "/Users/aicommander/CascadeProjects/toolcalc/scripts/seo/.venv/lib/python3.9/site-packages/telebot/__init__.py", line 660, in get_updates
2026-07-22T03:01:09:     json_updates = apihelper.get_updates(
2026-07-22T03:01:09:   File "/Users/aicommander/CascadeProjects/toolcalc/scripts/seo/.venv/lib/python3.9/site-packages/telebot/apihelper.py", line 339, in get_updates
2026-07-22T03:01:09:     return _make_request(token, method_url, params=payload)
2026-07-22T03:01:09:   File "/Users/aicommander/CascadeProjects/toolcalc/scripts/seo/.venv/lib/python3.9/site-packages/telebot/apihelper.py", line 162, in _make_request
2026-07-22T03:01:09:     result = _get_req_session().request(
2026-07-22T03:01:09:   File "/Users/aicommander/CascadeProjects/toolcalc/scripts/seo/.venv/lib/python3.9/site-packages/requests/sessions.py", line 589, in request
2026-07-22T03:01:09:     resp = self.send(prep, **send_kwargs)
2026-07-22T03:01:09:   File "/Users/aicommander/CascadeProjects/toolcalc/scripts/seo/.venv/lib/python3.9/site-packages/requests/sessions.py", line 703, in send
2026-07-22T03:01:09:     r = adapter.send(request, **kwargs)
2026-07-22T03:01:09:   File "/Users/aicommander/CascadeProjects/toolcalc/scripts/seo/.venv/lib/python3.9/site-packages/requests/adapters.py", line 665, in send
2026-07-22T03:01:09:     raise ConnectTimeout(e, request=request)
2026-07-22T03:01:09: requests.exceptions.ConnectTimeout: HTTPSConnectionPool(host='api.telegram.org', port=443): Max retries exceeded with url: /bot8903604110:***********************************/getUpdates?offset=550404779&timeout=20 (Caused by ConnectTimeoutError(<HTTPSConnection(host='api.telegram.org', port=443) at 0x10ac81460>, 'Connection to api.telegram.org timed out. (connect timeout=20)'))
2026-07-22T03:01:09: "
2026-07-23T03:01:20: 2026-07-23 03:01:20,611 (__init__.py:1115 MainThread) ERROR - TeleBot: "Infinity polling exception: HTTPSConnectionPool(host='api.telegram.org', port=443): Read timed out. (read timeout=25)"
2026-07-23T03:01:20: 2026-07-23 03:01:20,613 (__init__.py:1117 MainThread) ERROR - TeleBot: "Exception traceback:
2026-07-23T03:01:20: Traceback (most recent call last):
2026-07-23T03:01:20:   File "/Users/aicommander/CascadeProjects/toolcalc/scripts/seo/.venv/lib/python3.9/site-packages/urllib3/connectionpool.py", line 534, in _make_request
2026-07-23T03:01:20:     response = conn.getresponse()
2026-07-23T03:01:20:   File "/Users/aicommander/CascadeProjects/toolcalc/scripts/seo/.venv/lib/python3.9/site-packages/urllib3/connection.py", line 571, in getresponse
2026-07-23T03:01:20:     httplib_response = super().getresponse()
2026-07-23T03:01:20:   File "/Library/Developer/CommandLineTools/Library/Frameworks/Python3.framework/Versions/3.9/lib/python3.9/http/client.py", line 1349, in getresponse
2026-07-23T03:01:20:     response.begin()
2026-07-23T03:01:20:   File "/Library/Developer/CommandLineTools/Library/Frameworks/Python3.framework/Versions/3.9/lib/python3.9/http/client.py", line 316, in begin
2026-07-23T03:01:20:     version, status, reason = self._read_status()
2026-07-23T03:01:20:   File "/Library/Developer/CommandLineTools/Library/Frameworks/Python3.framework/Versions/3.9/lib/python3.9/http/client.py", line 277, in _read_status
2026-07-23T03:01:20:     line = str(self.fp.readline(_MAXLINE + 1), "iso-8859-1")
2026-07-23T03:01:20:   File "/Library/Developer/CommandLineTools/Library/Frameworks/Python3.framework/Versions/3.9/lib/python3.9/socket.py", line 704, in readinto
2026-07-23T03:01:20:     return self._sock.recv_into(b)
2026-07-23T03:01:20:   File "/Library/Developer/CommandLineTools/Library/Frameworks/Python3.framework/Versions/3.9/lib/python3.9/ssl.py", line 1241, in recv_into
2026-07-23T03:01:20:     return self.read(nbytes, buffer)
2026-07-23T03:01:20:   File "/Library/Developer/CommandLineTools/Library/Frameworks/Python3.framework/Versions/3.9/lib/python3.9/ssl.py", line 1099, in read
2026-07-23T03:01:20:     return self._sslobj.read(len, buffer)
2026-07-23T03:01:20: socket.timeout: The read operation timed out
2026-07-23T03:01:20: 
2026-07-23T03:01:20: The above exception was the direct cause of the following exception:
2026-07-23T03:01:20: 
2026-07-23T03:01:20: Traceback (most recent call last):
2026-07-23T03:01:20:   File "/Users/aicommander/CascadeProjects/toolcalc/scripts/seo/.venv/lib/python3.9/site-packages/requests/adapters.py", line 644, in send
2026-07-23T03:01:20:     resp = conn.urlopen(
2026-07-23T03:01:20:   File "/Users/aicommander/CascadeProjects/toolcalc/scripts/seo/.venv/lib/python3.9/site-packages/urllib3/connectionpool.py", line 841, in urlopen
2026-07-23T03:01:20:     retries = retries.increment(
2026-07-23T03:01:20:   File "/Users/aicommander/CascadeProjects/toolcalc/scripts/seo/.venv/lib/python3.9/site-packages/urllib3/util/retry.py", line 490, in increment
2026-07-23T03:01:20:     raise reraise(type(error), error, _stacktrace)
2026-07-23T03:01:20:   File "/Users/aicommander/CascadeProjects/toolcalc/scripts/seo/.venv/lib/python3.9/site-packages/urllib3/util/util.py", line 39, in reraise
2026-07-23T03:01:20:     raise value
2026-07-23T03:01:20:   File "/Users/aicommander/CascadeProjects/toolcalc/scripts/seo/.venv/lib/python3.9/site-packages/urllib3/connectionpool.py", line 787, in urlopen
2026-07-23T03:01:20:     response = self._make_request(
2026-07-23T03:01:20:   File "/Users/aicommander/CascadeProjects/toolcalc/scripts/seo/.venv/lib/python3.9/site-packages/urllib3/connectionpool.py", line 536, in _make_request
2026-07-23T03:01:20:     self._raise_timeout(err=e, url=url, timeout_value=read_timeout)
2026-07-23T03:01:20:   File "/Users/aicommander/CascadeProjects/toolcalc/scripts/seo/.venv/lib/python3.9/site-packages/urllib3/connectionpool.py", line 367, in _raise_timeout
2026-07-23T03:01:20:     raise ReadTimeoutError(
2026-07-23T03:01:20: urllib3.exceptions.ReadTimeoutError: HTTPSConnectionPool(host='api.telegram.org', port=443): Read timed out. (read timeout=25)
2026-07-23T03:01:20: 
2026-07-23T03:01:20: During handling of the above exception, another exception occurred:
2026-07-23T03:01:20: 
2026-07-23T03:01:20: Traceback (most recent call last):
2026-07-23T03:01:20:   File "/Users/aicommander/CascadeProjects/toolcalc/scripts/seo/.venv/lib/python3.9/site-packages/telebot/__init__.py", line 1110, in infinity_polling
2026-07-23T03:01:20:     self.polling(non_stop=True, timeout=timeout, long_polling_timeout=long_polling_timeout,
2026-07-23T03:01:20:   File "/Users/aicommander/CascadeProjects/toolcalc/scripts/seo/.venv/lib/python3.9/site-packages/telebot/__init__.py", line 1198, in polling
2026-07-23T03:01:20:     self.__threaded_polling(non_stop=non_stop, interval=interval, timeout=timeout, long_polling_timeout=long_polling_timeout,
2026-07-23T03:01:20:   File "/Users/aicommander/CascadeProjects/toolcalc/scripts/seo/.venv/lib/python3.9/site-packages/telebot/__init__.py", line 1273, in __threaded_polling
2026-07-23T03:01:20:     raise e
2026-07-23T03:01:20:   File "/Users/aicommander/CascadeProjects/toolcalc/scripts/seo/.venv/lib/python3.9/site-packages/telebot/__init__.py", line 1234, in __threaded_polling
2026-07-23T03:01:20:     polling_thread.raise_exceptions()
2026-07-23T03:01:20:   File "/Users/aicommander/CascadeProjects/toolcalc/scripts/seo/.venv/lib/python3.9/site-packages/telebot/util.py", line 115, in raise_exceptions
2026-07-23T03:01:20:     raise self.exception_info
2026-07-23T03:01:20:   File "/Users/aicommander/CascadeProjects/toolcalc/scripts/seo/.venv/lib/python3.9/site-packages/telebot/util.py", line 97, in run
2026-07-23T03:01:20:     task(*args, **kwargs)
2026-07-23T03:01:20:   File "/Users/aicommander/CascadeProjects/toolcalc/scripts/seo/.venv/lib/python3.9/site-packages/telebot/__init__.py", line 688, in __retrieve_updates
2026-07-23T03:01:20:     updates = self.get_updates(offset=(self.last_update_id + 1),
2026-07-23T03:01:20:   File "/Users/aicommander/CascadeProjects/toolcalc/scripts/seo/.venv/lib/python3.9/site-packages/telebot/__init__.py", line 660, in get_updates
2026-07-23T03:01:20:     json_updates = apihelper.get_updates(
2026-07-23T03:01:20:   File "/Users/aicommander/CascadeProjects/toolcalc/scripts/seo/.venv/lib/python3.9/site-packages/telebot/apihelper.py", line 339, in get_updates
2026-07-23T03:01:20:     return _make_request(token, method_url, params=payload)
2026-07-23T03:01:20:   File "/Users/aicommander/CascadeProjects/toolcalc/scripts/seo/.venv/lib/python3.9/site-packages/telebot/apihelper.py", line 162, in _make_request
2026-07-23T03:01:20:     result = _get_req_session().request(
2026-07-23T03:01:20:   File "/Users/aicommander/CascadeProjects/toolcalc/scripts/seo/.venv/lib/python3.9/site-packages/requests/sessions.py", line 589, in request
2026-07-23T03:01:20:     resp = self.send(prep, **send_kwargs)
2026-07-23T03:01:20:   File "/Users/aicommander/CascadeProjects/toolcalc/scripts/seo/.venv/lib/python3.9/site-packages/requests/sessions.py", line 703, in send
2026-07-23T03:01:20:     r = adapter.send(request, **kwargs)
2026-07-23T03:01:20:   File "/Users/aicommander/CascadeProjects/toolcalc/scripts/seo/.venv/lib/python3.9/site-packages/requests/adapters.py", line 690, in send
2026-07-23T03:01:20:     raise ReadTimeout(e, request=request)
2026-07-23T03:01:20: requests.exceptions.ReadTimeout: HTTPSConnectionPool(host='api.telegram.org', port=443): Read timed out. (read timeout=25)
2026-07-23T03:01:20: "
2026-07-23T03:01:43: 2026-07-23 03:01:43,635 (__init__.py:1115 MainThread) ERROR - TeleBot: "Infinity polling exception: HTTPSConnectionPool(host='api.telegram.org', port=443): Max retries exceeded with url: /bot8903604110:***********************************/getUpdates?offset=550404779&timeout=20 (Caused by ConnectTimeoutError(<HTTPSConnection(host='api.telegram.org', port=443) at 0x10ac84a00>, 'Connection to api.telegram.org timed out. (connect timeout=20)'))"
2026-07-23T03:01:43: 2026-07-23 03:01:43,636 (__init__.py:1117 MainThread) ERROR - TeleBot: "Exception traceback:
2026-07-23T03:01:43: Traceback (most recent call last):
2026-07-23T03:01:43:   File "/Users/aicommander/CascadeProjects/toolcalc/scripts/seo/.venv/lib/python3.9/site-packages/urllib3/connection.py", line 204, in _new_conn
2026-07-23T03:01:43:     sock = connection.create_connection(
2026-07-23T03:01:43:   File "/Users/aicommander/CascadeProjects/toolcalc/scripts/seo/.venv/lib/python3.9/site-packages/urllib3/util/connection.py", line 85, in create_connection
2026-07-23T03:01:43:     raise err
2026-07-23T03:01:43:   File "/Users/aicommander/CascadeProjects/toolcalc/scripts/seo/.venv/lib/python3.9/site-packages/urllib3/util/connection.py", line 73, in create_connection
2026-07-23T03:01:43:     sock.connect(sa)
2026-07-23T03:01:43: socket.timeout: timed out
2026-07-23T03:01:43: 
2026-07-23T03:01:43: The above exception was the direct cause of the following exception:
2026-07-23T03:01:43: 
2026-07-23T03:01:43: Traceback (most recent call last):
2026-07-23T03:01:43:   File "/Users/aicommander/CascadeProjects/toolcalc/scripts/seo/.venv/lib/python3.9/site-packages/urllib3/connectionpool.py", line 787, in urlopen
2026-07-23T03:01:43:     response = self._make_request(
2026-07-23T03:01:43:   File "/Users/aicommander/CascadeProjects/toolcalc/scripts/seo/.venv/lib/python3.9/site-packages/urllib3/connectionpool.py", line 488, in _make_request
2026-07-23T03:01:43:     raise new_e
2026-07-23T03:01:43:   File "/Users/aicommander/CascadeProjects/toolcalc/scripts/seo/.venv/lib/python3.9/site-packages/urllib3/connectionpool.py", line 464, in _make_request
2026-07-23T03:01:43:     self._validate_conn(conn)
2026-07-23T03:01:43:   File "/Users/aicommander/CascadeProjects/toolcalc/scripts/seo/.venv/lib/python3.9/site-packages/urllib3/connectionpool.py", line 1093, in _validate_conn
2026-07-23T03:01:43:     conn.connect()
2026-07-23T03:01:43:   File "/Users/aicommander/CascadeProjects/toolcalc/scripts/seo/.venv/lib/python3.9/site-packages/urllib3/connection.py", line 759, in connect
2026-07-23T03:01:43:     self.sock = sock = self._new_conn()
2026-07-23T03:01:43:   File "/Users/aicommander/CascadeProjects/toolcalc/scripts/seo/.venv/lib/python3.9/site-packages/urllib3/connection.py", line 213, in _new_conn
2026-07-23T03:01:43:     raise ConnectTimeoutError(
2026-07-23T03:01:43: urllib3.exceptions.ConnectTimeoutError: (<HTTPSConnection(host='api.telegram.org', port=443) at 0x10ac84a00>, 'Connection to api.telegram.org timed out. (connect timeout=20)')
2026-07-23T03:01:43: 
2026-07-23T03:01:43: The above exception was the direct cause of the following exception:
2026-07-23T03:01:43: 
2026-07-23T03:01:43: Traceback (most recent call last):
2026-07-23T03:01:43:   File "/Users/aicommander/CascadeProjects/toolcalc/scripts/seo/.venv/lib/python3.9/site-packages/requests/adapters.py", line 644, in send
2026-07-23T03:01:43:     resp = conn.urlopen(
2026-07-23T03:01:43:   File "/Users/aicommander/CascadeProjects/toolcalc/scripts/seo/.venv/lib/python3.9/site-packages/urllib3/connectionpool.py", line 841, in urlopen
2026-07-23T03:01:43:     retries = retries.increment(
2026-07-23T03:01:43:   File "/Users/aicommander/CascadeProjects/toolcalc/scripts/seo/.venv/lib/python3.9/site-packages/urllib3/util/retry.py", line 535, in increment
2026-07-23T03:01:43:     raise MaxRetryError(_pool, url, reason) from reason  # type: ignore[arg-type]
2026-07-23T03:01:43: urllib3.exceptions.MaxRetryError: HTTPSConnectionPool(host='api.telegram.org', port=443): Max retries exceeded with url: /bot8903604110:***********************************/getUpdates?offset=550404779&timeout=20 (Caused by ConnectTimeoutError(<HTTPSConnection(host='api.telegram.org', port=443) at 0x10ac84a00>, 'Connection to api.telegram.org timed out. (connect timeout=20)'))
2026-07-23T03:01:43: 
2026-07-23T03:01:43: During handling of the above exception, another exception occurred:
2026-07-23T03:01:43: 
2026-07-23T03:01:43: Traceback (most recent call last):
2026-07-23T03:01:43:   File "/Users/aicommander/CascadeProjects/toolcalc/scripts/seo/.venv/lib/python3.9/site-packages/telebot/__init__.py", line 1110, in infinity_polling
2026-07-23T03:01:43:     self.polling(non_stop=True, timeout=timeout, long_polling_timeout=long_polling_timeout,
2026-07-23T03:01:43:   File "/Users/aicommander/CascadeProjects/toolcalc/scripts/seo/.venv/lib/python3.9/site-packages/telebot/__init__.py", line 1198, in polling
2026-07-23T03:01:43:     self.__threaded_polling(non_stop=non_stop, interval=interval, timeout=timeout, long_polling_timeout=long_polling_timeout,
2026-07-23T03:01:43:   File "/Users/aicommander/CascadeProjects/toolcalc/scripts/seo/.venv/lib/python3.9/site-packages/telebot/__init__.py", line 1273, in __threaded_polling
2026-07-23T03:01:43:     raise e
2026-07-23T03:01:43:   File "/Users/aicommander/CascadeProjects/toolcalc/scripts/seo/.venv/lib/python3.9/site-packages/telebot/__init__.py", line 1234, in __threaded_polling
2026-07-23T03:01:43:     polling_thread.raise_exceptions()
2026-07-23T03:01:43:   File "/Users/aicommander/CascadeProjects/toolcalc/scripts/seo/.venv/lib/python3.9/site-packages/telebot/util.py", line 115, in raise_exceptions
2026-07-23T03:01:43:     raise self.exception_info
2026-07-23T03:01:43:   File "/Users/aicommander/CascadeProjects/toolcalc/scripts/seo/.venv/lib/python3.9/site-packages/telebot/util.py", line 97, in run
2026-07-23T03:01:43:     task(*args, **kwargs)
2026-07-23T03:01:43:   File "/Users/aicommander/CascadeProjects/toolcalc/scripts/seo/.venv/lib/python3.9/site-packages/telebot/__init__.py", line 688, in __retrieve_updates
2026-07-23T03:01:43:     updates = self.get_updates(offset=(self.last_update_id + 1),
2026-07-23T03:01:43:   File "/Users/aicommander/CascadeProjects/toolcalc/scripts/seo/.venv/lib/python3.9/site-packages/telebot/__init__.py", line 660, in get_updates
2026-07-23T03:01:43:     json_updates = apihelper.get_updates(
2026-07-23T03:01:43:   File "/Users/aicommander/CascadeProjects/toolcalc/scripts/seo/.venv/lib/python3.9/site-packages/telebot/apihelper.py", line 339, in get_updates
2026-07-23T03:01:43:     return _make_request(token, method_url, params=payload)
2026-07-23T03:01:43:   File "/Users/aicommander/CascadeProjects/toolcalc/scripts/seo/.venv/lib/python3.9/site-packages/telebot/apihelper.py", line 162, in _make_request
2026-07-23T03:01:43:     result = _get_req_session().request(
2026-07-23T03:01:43:   File "/Users/aicommander/CascadeProjects/toolcalc/scripts/seo/.venv/lib/python3.9/site-packages/requests/sessions.py", line 589, in request
2026-07-23T03:01:43:     resp = self.send(prep, **send_kwargs)
2026-07-23T03:01:43:   File "/Users/aicommander/CascadeProjects/toolcalc/scripts/seo/.venv/lib/python3.9/site-packages/requests/sessions.py", line 703, in send
2026-07-23T03:01:43:     r = adapter.send(request, **kwargs)
2026-07-23T03:01:43:   File "/Users/aicommander/CascadeProjects/toolcalc/scripts/seo/.venv/lib/python3.9/site-packages/requests/adapters.py", line 665, in send
2026-07-23T03:01:43:     raise ConnectTimeout(e, request=request)
2026-07-23T03:01:43: requests.exceptions.ConnectTimeout: HTTPSConnectionPool(host='api.telegram.org', port=443): Max retries exceeded with url: /bot8903604110:***********************************/getUpdates?offset=550404779&timeout=20 (Caused by ConnectTimeoutError(<HTTPSConnection(host='api.telegram.org', port=443) at 0x10ac84a00>, 'Connection to api.telegram.org timed out. (connect timeout=20)'))
2026-07-23T03:01:43: "
2026-07-23T03:02:06: 2026-07-23 03:02:06,701 (__init__.py:1115 MainThread) ERROR - TeleBot: "Infinity polling exception: HTTPSConnectionPool(host='api.telegram.org', port=443): Max retries exceeded with url: /bot8903604110:***********************************/getUpdates?offset=550404779&timeout=20 (Caused by ConnectTimeoutError(<HTTPSConnection(host='api.telegram.org', port=443) at 0x10ac84610>, 'Connection to api.telegram.org timed out. (connect timeout=20)'))"
2026-07-23T03:02:06: 2026-07-23 03:02:06,702 (__init__.py:1117 MainThread) ERROR - TeleBot: "Exception traceback:
2026-07-23T03:02:06: Traceback (most recent call last):
2026-07-23T03:02:06:   File "/Users/aicommander/CascadeProjects/toolcalc/scripts/seo/.venv/lib/python3.9/site-packages/urllib3/connection.py", line 204, in _new_conn
2026-07-23T03:02:06:     sock = connection.create_connection(
2026-07-23T03:02:06:   File "/Users/aicommander/CascadeProjects/toolcalc/scripts/seo/.venv/lib/python3.9/site-packages/urllib3/util/connection.py", line 85, in create_connection
2026-07-23T03:02:06:     raise err
2026-07-23T03:02:06:   File "/Users/aicommander/CascadeProjects/toolcalc/scripts/seo/.venv/lib/python3.9/site-packages/urllib3/util/connection.py", line 73, in create_connection
2026-07-23T03:02:06:     sock.connect(sa)
2026-07-23T03:02:06: socket.timeout: timed out
2026-07-23T03:02:06: 
2026-07-23T03:02:06: The above exception was the direct cause of the following exception:
2026-07-23T03:02:06: 
2026-07-23T03:02:06: Traceback (most recent call last):
2026-07-23T03:02:06:   File "/Users/aicommander/CascadeProjects/toolcalc/scripts/seo/.venv/lib/python3.9/site-packages/urllib3/connectionpool.py", line 787, in urlopen
2026-07-23T03:02:06:     response = self._make_request(
2026-07-23T03:02:06:   File "/Users/aicommander/CascadeProjects/toolcalc/scripts/seo/.venv/lib/python3.9/site-packages/urllib3/connectionpool.py", line 488, in _make_request
2026-07-23T03:02:06:     raise new_e
2026-07-23T03:02:06:   File "/Users/aicommander/CascadeProjects/toolcalc/scripts/seo/.venv/lib/python3.9/site-packages/urllib3/connectionpool.py", line 464, in _make_request
2026-07-23T03:02:06:     self._validate_conn(conn)
2026-07-23T03:02:06:   File "/Users/aicommander/CascadeProjects/toolcalc/scripts/seo/.venv/lib/python3.9/site-packages/urllib3/connectionpool.py", line 1093, in _validate_conn
2026-07-23T03:02:06:     conn.connect()
2026-07-23T03:02:06:   File "/Users/aicommander/CascadeProjects/toolcalc/scripts/seo/.venv/lib/python3.9/site-packages/urllib3/connection.py", line 759, in connect
2026-07-23T03:02:06:     self.sock = sock = self._new_conn()
2026-07-23T03:02:06:   File "/Users/aicommander/CascadeProjects/toolcalc/scripts/seo/.venv/lib/python3.9/site-packages/urllib3/connection.py", line 213, in _new_conn
2026-07-23T03:02:06:     raise ConnectTimeoutError(
2026-07-23T03:02:06: urllib3.exceptions.ConnectTimeoutError: (<HTTPSConnection(host='api.telegram.org', port=443) at 0x10ac84610>, 'Connection to api.telegram.org timed out. (connect timeout=20)')
2026-07-23T03:02:06: 
2026-07-23T03:02:06: The above exception was the direct cause of the following exception:
2026-07-23T03:02:06: 
2026-07-23T03:02:06: Traceback (most recent call last):
2026-07-23T03:02:06:   File "/Users/aicommander/CascadeProjects/toolcalc/scripts/seo/.venv/lib/python3.9/site-packages/requests/adapters.py", line 644, in send
2026-07-23T03:02:06:     resp = conn.urlopen(
2026-07-23T03:02:06:   File "/Users/aicommander/CascadeProjects/toolcalc/scripts/seo/.venv/lib/python3.9/site-packages/urllib3/connectionpool.py", line 841, in urlopen
2026-07-23T03:02:06:     retries = retries.increment(
2026-07-23T03:02:06:   File "/Users/aicommander/CascadeProjects/toolcalc/scripts/seo/.venv/lib/python3.9/site-packages/urllib3/util/retry.py", line 535, in increment
2026-07-23T03:02:06:     raise MaxRetryError(_pool, url, reason) from reason  # type: ignore[arg-type]
2026-07-23T03:02:06: urllib3.exceptions.MaxRetryError: HTTPSConnectionPool(host='api.telegram.org', port=443): Max retries exceeded with url: /bot8903604110:***********************************/getUpdates?offset=550404779&timeout=20 (Caused by ConnectTimeoutError(<HTTPSConnection(host='api.telegram.org', port=443) at 0x10ac84610>, 'Connection to api.telegram.org timed out. (connect timeout=20)'))
2026-07-23T03:02:06: 
2026-07-23T03:02:06: During handling of the above exception, another exception occurred:
2026-07-23T03:02:06: 
2026-07-23T03:02:06: Traceback (most recent call last):
2026-07-23T03:02:06:   File "/Users/aicommander/CascadeProjects/toolcalc/scripts/seo/.venv/lib/python3.9/site-packages/telebot/__init__.py", line 1110, in infinity_polling
2026-07-23T03:02:06:     self.polling(non_stop=True, timeout=timeout, long_polling_timeout=long_polling_timeout,
2026-07-23T03:02:06:   File "/Users/aicommander/CascadeProjects/toolcalc/scripts/seo/.venv/lib/python3.9/site-packages/telebot/__init__.py", line 1198, in polling
2026-07-23T03:02:06:     self.__threaded_polling(non_stop=non_stop, interval=interval, timeout=timeout, long_polling_timeout=long_polling_timeout,
2026-07-23T03:02:06:   File "/Users/aicommander/CascadeProjects/toolcalc/scripts/seo/.venv/lib/python3.9/site-packages/telebot/__init__.py", line 1273, in __threaded_polling
2026-07-23T03:02:06:     raise e
2026-07-23T03:02:06:   File "/Users/aicommander/CascadeProjects/toolcalc/scripts/seo/.venv/lib/python3.9/site-packages/telebot/__init__.py", line 1234, in __threaded_polling
2026-07-23T03:02:06:     polling_thread.raise_exceptions()
2026-07-23T03:02:06:   File "/Users/aicommander/CascadeProjects/toolcalc/scripts/seo/.venv/lib/python3.9/site-packages/telebot/util.py", line 115, in raise_exceptions
2026-07-23T03:02:06:     raise self.exception_info
2026-07-23T03:02:06:   File "/Users/aicommander/CascadeProjects/toolcalc/scripts/seo/.venv/lib/python3.9/site-packages/telebot/util.py", line 97, in run
2026-07-23T03:02:06:     task(*args, **kwargs)
2026-07-23T03:02:06:   File "/Users/aicommander/CascadeProjects/toolcalc/scripts/seo/.venv/lib/python3.9/site-packages/telebot/__init__.py", line 688, in __retrieve_updates
2026-07-23T03:02:06:     updates = self.get_updates(offset=(self.last_update_id + 1),
2026-07-23T03:02:06:   File "/Users/aicommander/CascadeProjects/toolcalc/scripts/seo/.venv/lib/python3.9/site-packages/telebot/__init__.py", line 660, in get_updates
2026-07-23T03:02:06:     json_updates = apihelper.get_updates(
2026-07-23T03:02:06:   File "/Users/aicommander/CascadeProjects/toolcalc/scripts/seo/.venv/lib/python3.9/site-packages/telebot/apihelper.py", line 339, in get_updates
2026-07-23T03:02:06:     return _make_request(token, method_url, params=payload)
2026-07-23T03:02:06:   File "/Users/aicommander/CascadeProjects/toolcalc/scripts/seo/.venv/lib/python3.9/site-packages/telebot/apihelper.py", line 162, in _make_request
2026-07-23T03:02:06:     result = _get_req_session().request(
2026-07-23T03:02:06:   File "/Users/aicommander/CascadeProjects/toolcalc/scripts/seo/.venv/lib/python3.9/site-packages/requests/sessions.py", line 589, in request
2026-07-23T03:02:06:     resp = self.send(prep, **send_kwargs)
2026-07-23T03:02:06:   File "/Users/aicommander/CascadeProjects/toolcalc/scripts/seo/.venv/lib/python3.9/site-packages/requests/sessions.py", line 703, in send
2026-07-23T03:02:06:     r = adapter.send(request, **kwargs)
2026-07-23T03:02:06:   File "/Users/aicommander/CascadeProjects/toolcalc/scripts/seo/.venv/lib/python3.9/site-packages/requests/adapters.py", line 665, in send
2026-07-23T03:02:06:     raise ConnectTimeout(e, request=request)
2026-07-23T03:02:06: requests.exceptions.ConnectTimeout: HTTPSConnectionPool(host='api.telegram.org', port=443): Max retries exceeded with url: /bot8903604110:***********************************/getUpdates?offset=550404779&timeout=20 (Caused by ConnectTimeoutError(<HTTPSConnection(host='api.telegram.org', port=443) at 0x10ac84610>, 'Connection to api.telegram.org timed out. (connect timeout=20)'))
2026-07-23T03:02:06: "
2026-07-23T09:25:50: 2026-07-23 09:25:50,321 (__init__.py:1115 MainThread) ERROR - TeleBot: "Infinity polling exception: HTTPSConnectionPool(host='api.telegram.org', port=443): Read timed out. (read timeout=25)"
2026-07-23T09:25:50: 2026-07-23 09:25:50,322 (__init__.py:1117 MainThread) ERROR - TeleBot: "Exception traceback:
2026-07-23T09:25:50: Traceback (most recent call last):
2026-07-23T09:25:50:   File "/Users/aicommander/CascadeProjects/toolcalc/scripts/seo/.venv/lib/python3.9/site-packages/urllib3/connectionpool.py", line 534, in _make_request
2026-07-23T09:25:50:     response = conn.getresponse()
2026-07-23T09:25:50:   File "/Users/aicommander/CascadeProjects/toolcalc/scripts/seo/.venv/lib/python3.9/site-packages/urllib3/connection.py", line 571, in getresponse
2026-07-23T09:25:50:     httplib_response = super().getresponse()
2026-07-23T09:25:50:   File "/Library/Developer/CommandLineTools/Library/Frameworks/Python3.framework/Versions/3.9/lib/python3.9/http/client.py", line 1349, in getresponse
2026-07-23T09:25:50:     response.begin()
2026-07-23T09:25:50:   File "/Library/Developer/CommandLineTools/Library/Frameworks/Python3.framework/Versions/3.9/lib/python3.9/http/client.py", line 316, in begin
2026-07-23T09:25:50:     version, status, reason = self._read_status()
2026-07-23T09:25:50:   File "/Library/Developer/CommandLineTools/Library/Frameworks/Python3.framework/Versions/3.9/lib/python3.9/http/client.py", line 277, in _read_status
2026-07-23T09:25:50:     line = str(self.fp.readline(_MAXLINE + 1), "iso-8859-1")
2026-07-23T09:25:50:   File "/Library/Developer/CommandLineTools/Library/Frameworks/Python3.framework/Versions/3.9/lib/python3.9/socket.py", line 704, in readinto
2026-07-23T09:25:50:     return self._sock.recv_into(b)
2026-07-23T09:25:50:   File "/Library/Developer/CommandLineTools/Library/Frameworks/Python3.framework/Versions/3.9/lib/python3.9/ssl.py", line 1241, in recv_into
2026-07-23T09:25:50:     return self.read(nbytes, buffer)
2026-07-23T09:25:50:   File "/Library/Developer/CommandLineTools/Library/Frameworks/Python3.framework/Versions/3.9/lib/python3.9/ssl.py", line 1099, in read
2026-07-23T09:25:50:     return self._sslobj.read(len, buffer)
2026-07-23T09:25:50: socket.timeout: The read operation timed out
2026-07-23T09:25:50: 
2026-07-23T09:25:50: The above exception was the direct cause of the following exception:
2026-07-23T09:25:50: 
2026-07-23T09:25:50: Traceback (most recent call last):
2026-07-23T09:25:50:   File "/Users/aicommander/CascadeProjects/toolcalc/scripts/seo/.venv/lib/python3.9/site-packages/requests/adapters.py", line 644, in send
2026-07-23T09:25:50:     resp = conn.urlopen(
2026-07-23T09:25:50:   File "/Users/aicommander/CascadeProjects/toolcalc/scripts/seo/.venv/lib/python3.9/site-packages/urllib3/connectionpool.py", line 841, in urlopen
2026-07-23T09:25:50:     retries = retries.increment(
2026-07-23T09:25:50:   File "/Users/aicommander/CascadeProjects/toolcalc/scripts/seo/.venv/lib/python3.9/site-packages/urllib3/util/retry.py", line 490, in increment
2026-07-23T09:25:50:     raise reraise(type(error), error, _stacktrace)
2026-07-23T09:25:50:   File "/Users/aicommander/CascadeProjects/toolcalc/scripts/seo/.venv/lib/python3.9/site-packages/urllib3/util/util.py", line 39, in reraise
2026-07-23T09:25:50:     raise value
2026-07-23T09:25:50:   File "/Users/aicommander/CascadeProjects/toolcalc/scripts/seo/.venv/lib/python3.9/site-packages/urllib3/connectionpool.py", line 787, in urlopen
2026-07-23T09:25:50:     response = self._make_request(
2026-07-23T09:25:50:   File "/Users/aicommander/CascadeProjects/toolcalc/scripts/seo/.venv/lib/python3.9/site-packages/urllib3/connectionpool.py", line 536, in _make_request
2026-07-23T09:25:50:     self._raise_timeout(err=e, url=url, timeout_value=read_timeout)
2026-07-23T09:25:50:   File "/Users/aicommander/CascadeProjects/toolcalc/scripts/seo/.venv/lib/python3.9/site-packages/urllib3/connectionpool.py", line 367, in _raise_timeout
2026-07-23T09:25:50:     raise ReadTimeoutError(
2026-07-23T09:25:50: urllib3.exceptions.ReadTimeoutError: HTTPSConnectionPool(host='api.telegram.org', port=443): Read timed out. (read timeout=25)
2026-07-23T09:25:50: 
2026-07-23T09:25:50: During handling of the above exception, another exception occurred:
2026-07-23T09:25:50: 
2026-07-23T09:25:50: Traceback (most recent call last):
2026-07-23T09:25:50:   File "/Users/aicommander/CascadeProjects/toolcalc/scripts/seo/.venv/lib/python3.9/site-packages/telebot/__init__.py", line 1110, in infinity_polling
2026-07-23T09:25:50:     self.polling(non_stop=True, timeout=timeout, long_polling_timeout=long_polling_timeout,
2026-07-23T09:25:50:   File "/Users/aicommander/CascadeProjects/toolcalc/scripts/seo/.venv/lib/python3.9/site-packages/telebot/__init__.py", line 1198, in polling
2026-07-23T09:25:50:     self.__threaded_polling(non_stop=non_stop, interval=interval, timeout=timeout, long_polling_timeout=long_polling_timeout,
2026-07-23T09:25:50:   File "/Users/aicommander/CascadeProjects/toolcalc/scripts/seo/.venv/lib/python3.9/site-packages/telebot/__init__.py", line 1273, in __threaded_polling
2026-07-23T09:25:50:     raise e
2026-07-23T09:25:50:   File "/Users/aicommander/CascadeProjects/toolcalc/scripts/seo/.venv/lib/python3.9/site-packages/telebot/__init__.py", line 1234, in __threaded_polling
2026-07-23T09:25:50:     polling_thread.raise_exceptions()
2026-07-23T09:25:50:   File "/Users/aicommander/CascadeProjects/toolcalc/scripts/seo/.venv/lib/python3.9/site-packages/telebot/util.py", line 115, in raise_exceptions
2026-07-23T09:25:50:     raise self.exception_info
2026-07-23T09:25:50:   File "/Users/aicommander/CascadeProjects/toolcalc/scripts/seo/.venv/lib/python3.9/site-packages/telebot/util.py", line 97, in run
2026-07-23T09:25:50:     task(*args, **kwargs)
2026-07-23T09:25:50:   File "/Users/aicommander/CascadeProjects/toolcalc/scripts/seo/.venv/lib/python3.9/site-packages/telebot/__init__.py", line 688, in __retrieve_updates
2026-07-23T09:25:50:     updates = self.get_updates(offset=(self.last_update_id + 1),
2026-07-23T09:25:50:   File "/Users/aicommander/CascadeProjects/toolcalc/scripts/seo/.venv/lib/python3.9/site-packages/telebot/__init__.py", line 660, in get_updates
2026-07-23T09:25:50:     json_updates = apihelper.get_updates(
2026-07-23T09:25:50:   File "/Users/aicommander/CascadeProjects/toolcalc/scripts/seo/.venv/lib/python3.9/site-packages/telebot/apihelper.py", line 339, in get_updates
2026-07-23T09:25:50:     return _make_request(token, method_url, params=payload)
2026-07-23T09:25:50:   File "/Users/aicommander/CascadeProjects/toolcalc/scripts/seo/.venv/lib/python3.9/site-packages/telebot/apihelper.py", line 162, in _make_request
2026-07-23T09:25:50:     result = _get_req_session().request(
2026-07-23T09:25:50:   File "/Users/aicommander/CascadeProjects/toolcalc/scripts/seo/.venv/lib/python3.9/site-packages/requests/sessions.py", line 589, in request
2026-07-23T09:25:50:     resp = self.send(prep, **send_kwargs)
2026-07-23T09:25:50:   File "/Users/aicommander/CascadeProjects/toolcalc/scripts/seo/.venv/lib/python3.9/site-packages/requests/sessions.py", line 703, in send
2026-07-23T09:25:50:     r = adapter.send(request, **kwargs)
2026-07-23T09:25:50:   File "/Users/aicommander/CascadeProjects/toolcalc/scripts/seo/.venv/lib/python3.9/site-packages/requests/adapters.py", line 690, in send
2026-07-23T09:25:50:     raise ReadTimeout(e, request=request)
2026-07-23T09:25:50: requests.exceptions.ReadTimeout: HTTPSConnectionPool(host='api.telegram.org', port=443): Read timed out. (read timeout=25)
2026-07-23T09:25:50: "
2026-07-24T01:33:26: 2026-07-24 01:33:26,706 (__init__.py:1115 MainThread) ERROR - TeleBot: "Infinity polling exception: ('Connection aborted.', ConnectionResetError(54, 'Connection reset by peer'))"
2026-07-24T01:33:26: 2026-07-24 01:33:26,707 (__init__.py:1117 MainThread) ERROR - TeleBot: "Exception traceback:
2026-07-24T01:33:26: Traceback (most recent call last):
2026-07-24T01:33:26:   File "/Users/aicommander/CascadeProjects/toolcalc/scripts/seo/.venv/lib/python3.9/site-packages/urllib3/connectionpool.py", line 787, in urlopen
2026-07-24T01:33:26:     response = self._make_request(
2026-07-24T01:33:26:   File "/Users/aicommander/CascadeProjects/toolcalc/scripts/seo/.venv/lib/python3.9/site-packages/urllib3/connectionpool.py", line 534, in _make_request
2026-07-24T01:33:26:     response = conn.getresponse()
2026-07-24T01:33:26:   File "/Users/aicommander/CascadeProjects/toolcalc/scripts/seo/.venv/lib/python3.9/site-packages/urllib3/connection.py", line 571, in getresponse
2026-07-24T01:33:26:     httplib_response = super().getresponse()
2026-07-24T01:33:26:   File "/Library/Developer/CommandLineTools/Library/Frameworks/Python3.framework/Versions/3.9/lib/python3.9/http/client.py", line 1349, in getresponse
2026-07-24T01:33:26:     response.begin()
2026-07-24T01:33:26:   File "/Library/Developer/CommandLineTools/Library/Frameworks/Python3.framework/Versions/3.9/lib/python3.9/http/client.py", line 316, in begin
2026-07-24T01:33:26:     version, status, reason = self._read_status()
2026-07-24T01:33:26:   File "/Library/Developer/CommandLineTools/Library/Frameworks/Python3.framework/Versions/3.9/lib/python3.9/http/client.py", line 277, in _read_status
2026-07-24T01:33:26:     line = str(self.fp.readline(_MAXLINE + 1), "iso-8859-1")
2026-07-24T01:33:26:   File "/Library/Developer/CommandLineTools/Library/Frameworks/Python3.framework/Versions/3.9/lib/python3.9/socket.py", line 704, in readinto
2026-07-24T01:33:26:     return self._sock.recv_into(b)
2026-07-24T01:33:26:   File "/Library/Developer/CommandLineTools/Library/Frameworks/Python3.framework/Versions/3.9/lib/python3.9/ssl.py", line 1241, in recv_into
2026-07-24T01:33:26:     return self.read(nbytes, buffer)
2026-07-24T01:33:26:   File "/Library/Developer/CommandLineTools/Library/Frameworks/Python3.framework/Versions/3.9/lib/python3.9/ssl.py", line 1099, in read
2026-07-24T01:33:26:     return self._sslobj.read(len, buffer)
2026-07-24T01:33:26: ConnectionResetError: [Errno 54] Connection reset by peer
2026-07-24T01:33:26: 
2026-07-24T01:33:26: During handling of the above exception, another exception occurred:
2026-07-24T01:33:26: 
2026-07-24T01:33:26: Traceback (most recent call last):
2026-07-24T01:33:26:   File "/Users/aicommander/CascadeProjects/toolcalc/scripts/seo/.venv/lib/python3.9/site-packages/requests/adapters.py", line 644, in send
2026-07-24T01:33:26:     resp = conn.urlopen(
2026-07-24T01:33:26:   File "/Users/aicommander/CascadeProjects/toolcalc/scripts/seo/.venv/lib/python3.9/site-packages/urllib3/connectionpool.py", line 841, in urlopen
2026-07-24T01:33:26:     retries = retries.increment(
2026-07-24T01:33:26:   File "/Users/aicommander/CascadeProjects/toolcalc/scripts/seo/.venv/lib/python3.9/site-packages/urllib3/util/retry.py", line 490, in increment
2026-07-24T01:33:26:     raise reraise(type(error), error, _stacktrace)
2026-07-24T01:33:26:   File "/Users/aicommander/CascadeProjects/toolcalc/scripts/seo/.venv/lib/python3.9/site-packages/urllib3/util/util.py", line 38, in reraise
2026-07-24T01:33:26:     raise value.with_traceback(tb)
2026-07-24T01:33:26:   File "/Users/aicommander/CascadeProjects/toolcalc/scripts/seo/.venv/lib/python3.9/site-packages/urllib3/connectionpool.py", line 787, in urlopen
2026-07-24T01:33:26:     response = self._make_request(
2026-07-24T01:33:26:   File "/Users/aicommander/CascadeProjects/toolcalc/scripts/seo/.venv/lib/python3.9/site-packages/urllib3/connectionpool.py", line 534, in _make_request
2026-07-24T01:33:26:     response = conn.getresponse()
2026-07-24T01:33:26:   File "/Users/aicommander/CascadeProjects/toolcalc/scripts/seo/.venv/lib/python3.9/site-packages/urllib3/connection.py", line 571, in getresponse
2026-07-24T01:33:26:     httplib_response = super().getresponse()
2026-07-24T01:33:26:   File "/Library/Developer/CommandLineTools/Library/Frameworks/Python3.framework/Versions/3.9/lib/python3.9/http/client.py", line 1349, in getresponse
2026-07-24T01:33:26:     response.begin()
2026-07-24T01:33:26:   File "/Library/Developer/CommandLineTools/Library/Frameworks/Python3.framework/Versions/3.9/lib/python3.9/http/client.py", line 316, in begin
2026-07-24T01:33:26:     version, status, reason = self._read_status()
2026-07-24T01:33:26:   File "/Library/Developer/CommandLineTools/Library/Frameworks/Python3.framework/Versions/3.9/lib/python3.9/http/client.py", line 277, in _read_status
2026-07-24T01:33:26:     line = str(self.fp.readline(_MAXLINE + 1), "iso-8859-1")
2026-07-24T01:33:26:   File "/Library/Developer/CommandLineTools/Library/Frameworks/Python3.framework/Versions/3.9/lib/python3.9/socket.py", line 704, in readinto
2026-07-24T01:33:26:     return self._sock.recv_into(b)
2026-07-24T01:33:26:   File "/Library/Developer/CommandLineTools/Library/Frameworks/Python3.framework/Versions/3.9/lib/python3.9/ssl.py", line 1241, in recv_into
2026-07-24T01:33:26:     return self.read(nbytes, buffer)
2026-07-24T01:33:26:   File "/Library/Developer/CommandLineTools/Library/Frameworks/Python3.framework/Versions/3.9/lib/python3.9/ssl.py", line 1099, in read
2026-07-24T01:33:26:     return self._sslobj.read(len, buffer)
2026-07-24T01:33:26: urllib3.exceptions.ProtocolError: ('Connection aborted.', ConnectionResetError(54, 'Connection reset by peer'))
2026-07-24T01:33:26: 
2026-07-24T01:33:26: During handling of the above exception, another exception occurred:
2026-07-24T01:33:26: 
2026-07-24T01:33:26: Traceback (most recent call last):
2026-07-24T01:33:26:   File "/Users/aicommander/CascadeProjects/toolcalc/scripts/seo/.venv/lib/python3.9/site-packages/telebot/__init__.py", line 1110, in infinity_polling
2026-07-24T01:33:26:     self.polling(non_stop=True, timeout=timeout, long_polling_timeout=long_polling_timeout,
2026-07-24T01:33:26:   File "/Users/aicommander/CascadeProjects/toolcalc/scripts/seo/.venv/lib/python3.9/site-packages/telebot/__init__.py", line 1198, in polling
2026-07-24T01:33:26:     self.__threaded_polling(non_stop=non_stop, interval=interval, timeout=timeout, long_polling_timeout=long_polling_timeout,
2026-07-24T01:33:26:   File "/Users/aicommander/CascadeProjects/toolcalc/scripts/seo/.venv/lib/python3.9/site-packages/telebot/__init__.py", line 1273, in __threaded_polling
2026-07-24T01:33:26:     raise e
2026-07-24T01:33:26:   File "/Users/aicommander/CascadeProjects/toolcalc/scripts/seo/.venv/lib/python3.9/site-packages/telebot/__init__.py", line 1234, in __threaded_polling
2026-07-24T01:33:26:     polling_thread.raise_exceptions()
2026-07-24T01:33:26:   File "/Users/aicommander/CascadeProjects/toolcalc/scripts/seo/.venv/lib/python3.9/site-packages/telebot/util.py", line 115, in raise_exceptions
2026-07-24T01:33:26:     raise self.exception_info
2026-07-24T01:33:26:   File "/Users/aicommander/CascadeProjects/toolcalc/scripts/seo/.venv/lib/python3.9/site-packages/telebot/util.py", line 97, in run
2026-07-24T01:33:26:     task(*args, **kwargs)
2026-07-24T01:33:26:   File "/Users/aicommander/CascadeProjects/toolcalc/scripts/seo/.venv/lib/python3.9/site-packages/telebot/__init__.py", line 688, in __retrieve_updates
2026-07-24T01:33:26:     updates = self.get_updates(offset=(self.last_update_id + 1),
2026-07-24T01:33:26:   File "/Users/aicommander/CascadeProjects/toolcalc/scripts/seo/.venv/lib/python3.9/site-packages/telebot/__init__.py", line 660, in get_updates
2026-07-24T01:33:26:     json_updates = apihelper.get_updates(
2026-07-24T01:33:26:   File "/Users/aicommander/CascadeProjects/toolcalc/scripts/seo/.venv/lib/python3.9/site-packages/telebot/apihelper.py", line 339, in get_updates
2026-07-24T01:33:26:     return _make_request(token, method_url, params=payload)
2026-07-24T01:33:26:   File "/Users/aicommander/CascadeProjects/toolcalc/scripts/seo/.venv/lib/python3.9/site-packages/telebot/apihelper.py", line 162, in _make_request
2026-07-24T01:33:26:     result = _get_req_session().request(
2026-07-24T01:33:26:   File "/Users/aicommander/CascadeProjects/toolcalc/scripts/seo/.venv/lib/python3.9/site-packages/requests/sessions.py", line 589, in request
2026-07-24T01:33:26:     resp = self.send(prep, **send_kwargs)
2026-07-24T01:33:26:   File "/Users/aicommander/CascadeProjects/toolcalc/scripts/seo/.venv/lib/python3.9/site-packages/requests/sessions.py", line 703, in send
2026-07-24T01:33:26:     r = adapter.send(request, **kwargs)
2026-07-24T01:33:26:   File "/Users/aicommander/CascadeProjects/toolcalc/scripts/seo/.venv/lib/python3.9/site-packages/requests/adapters.py", line 659, in send
2026-07-24T01:33:26:     raise ConnectionError(err, request=request)
2026-07-24T01:33:26: requests.exceptions.ConnectionError: ('Connection aborted.', ConnectionResetError(54, 'Connection reset by peer'))
2026-07-24T01:33:26: "
2026-07-24T01:48:39: 2026-07-24 01:48:39,078 (__init__.py:1115 MainThread) ERROR - TeleBot: "Infinity polling exception: ('Connection aborted.', ConnectionResetError(54, 'Connection reset by peer'))"
2026-07-24T01:48:39: 2026-07-24 01:48:39,080 (__init__.py:1117 MainThread) ERROR - TeleBot: "Exception traceback:
2026-07-24T01:48:39: Traceback (most recent call last):
2026-07-24T01:48:39:   File "/Users/aicommander/CascadeProjects/toolcalc/scripts/seo/.venv/lib/python3.9/site-packages/urllib3/connectionpool.py", line 787, in urlopen
2026-07-24T01:48:39:     response = self._make_request(
2026-07-24T01:48:39:   File "/Users/aicommander/CascadeProjects/toolcalc/scripts/seo/.venv/lib/python3.9/site-packages/urllib3/connectionpool.py", line 534, in _make_request
2026-07-24T01:48:39:     response = conn.getresponse()
2026-07-24T01:48:39:   File "/Users/aicommander/CascadeProjects/toolcalc/scripts/seo/.venv/lib/python3.9/site-packages/urllib3/connection.py", line 571, in getresponse
2026-07-24T01:48:39:     httplib_response = super().getresponse()
2026-07-24T01:48:39:   File "/Library/Developer/CommandLineTools/Library/Frameworks/Python3.framework/Versions/3.9/lib/python3.9/http/client.py", line 1349, in getresponse
2026-07-24T01:48:39:     response.begin()
2026-07-24T01:48:39:   File "/Library/Developer/CommandLineTools/Library/Frameworks/Python3.framework/Versions/3.9/lib/python3.9/http/client.py", line 316, in begin
2026-07-24T01:48:39:     version, status, reason = self._read_status()
2026-07-24T01:48:39:   File "/Library/Developer/CommandLineTools/Library/Frameworks/Python3.framework/Versions/3.9/lib/python3.9/http/client.py", line 277, in _read_status
2026-07-24T01:48:39:     line = str(self.fp.readline(_MAXLINE + 1), "iso-8859-1")
2026-07-24T01:48:39:   File "/Library/Developer/CommandLineTools/Library/Frameworks/Python3.framework/Versions/3.9/lib/python3.9/socket.py", line 704, in readinto
2026-07-24T01:48:39:     return self._sock.recv_into(b)
2026-07-24T01:48:39:   File "/Library/Developer/CommandLineTools/Library/Frameworks/Python3.framework/Versions/3.9/lib/python3.9/ssl.py", line 1241, in recv_into
2026-07-24T01:48:39:     return self.read(nbytes, buffer)
2026-07-24T01:48:39:   File "/Library/Developer/CommandLineTools/Library/Frameworks/Python3.framework/Versions/3.9/lib/python3.9/ssl.py", line 1099, in read
2026-07-24T01:48:39:     return self._sslobj.read(len, buffer)
2026-07-24T01:48:39: ConnectionResetError: [Errno 54] Connection reset by peer
2026-07-24T01:48:39: 
2026-07-24T01:48:39: During handling of the above exception, another exception occurred:
2026-07-24T01:48:39: 
2026-07-24T01:48:39: Traceback (most recent call last):
2026-07-24T01:48:39:   File "/Users/aicommander/CascadeProjects/toolcalc/scripts/seo/.venv/lib/python3.9/site-packages/requests/adapters.py", line 644, in send
2026-07-24T01:48:39:     resp = conn.urlopen(
2026-07-24T01:48:39:   File "/Users/aicommander/CascadeProjects/toolcalc/scripts/seo/.venv/lib/python3.9/site-packages/urllib3/connectionpool.py", line 841, in urlopen
2026-07-24T01:48:39:     retries = retries.increment(
2026-07-24T01:48:39:   File "/Users/aicommander/CascadeProjects/toolcalc/scripts/seo/.venv/lib/python3.9/site-packages/urllib3/util/retry.py", line 490, in increment
2026-07-24T01:48:39:     raise reraise(type(error), error, _stacktrace)
2026-07-24T01:48:39:   File "/Users/aicommander/CascadeProjects/toolcalc/scripts/seo/.venv/lib/python3.9/site-packages/urllib3/util/util.py", line 38, in reraise
2026-07-24T01:48:39:     raise value.with_traceback(tb)
2026-07-24T01:48:39:   File "/Users/aicommander/CascadeProjects/toolcalc/scripts/seo/.venv/lib/python3.9/site-packages/urllib3/connectionpool.py", line 787, in urlopen
2026-07-24T01:48:39:     response = self._make_request(
2026-07-24T01:48:39:   File "/Users/aicommander/CascadeProjects/toolcalc/scripts/seo/.venv/lib/python3.9/site-packages/urllib3/connectionpool.py", line 534, in _make_request
2026-07-24T01:48:39:     response = conn.getresponse()
2026-07-24T01:48:39:   File "/Users/aicommander/CascadeProjects/toolcalc/scripts/seo/.venv/lib/python3.9/site-packages/urllib3/connection.py", line 571, in getresponse
2026-07-24T01:48:39:     httplib_response = super().getresponse()
2026-07-24T01:48:39:   File "/Library/Developer/CommandLineTools/Library/Frameworks/Python3.framework/Versions/3.9/lib/python3.9/http/client.py", line 1349, in getresponse
2026-07-24T01:48:39:     response.begin()
2026-07-24T01:48:39:   File "/Library/Developer/CommandLineTools/Library/Frameworks/Python3.framework/Versions/3.9/lib/python3.9/http/client.py", line 316, in begin
2026-07-24T01:48:39:     version, status, reason = self._read_status()
2026-07-24T01:48:39:   File "/Library/Developer/CommandLineTools/Library/Frameworks/Python3.framework/Versions/3.9/lib/python3.9/http/client.py", line 277, in _read_status
2026-07-24T01:48:39:     line = str(self.fp.readline(_MAXLINE + 1), "iso-8859-1")
2026-07-24T01:48:39:   File "/Library/Developer/CommandLineTools/Library/Frameworks/Python3.framework/Versions/3.9/lib/python3.9/socket.py", line 704, in readinto
2026-07-24T01:48:39:     return self._sock.recv_into(b)
2026-07-24T01:48:39:   File "/Library/Developer/CommandLineTools/Library/Frameworks/Python3.framework/Versions/3.9/lib/python3.9/ssl.py", line 1241, in recv_into
2026-07-24T01:48:39:     return self.read(nbytes, buffer)
2026-07-24T01:48:39:   File "/Library/Developer/CommandLineTools/Library/Frameworks/Python3.framework/Versions/3.9/lib/python3.9/ssl.py", line 1099, in read
2026-07-24T01:48:39:     return self._sslobj.read(len, buffer)
2026-07-24T01:48:39: urllib3.exceptions.ProtocolError: ('Connection aborted.', ConnectionResetError(54, 'Connection reset by peer'))
2026-07-24T01:48:39: 
2026-07-24T01:48:39: During handling of the above exception, another exception occurred:
2026-07-24T01:48:39: 
2026-07-24T01:48:39: Traceback (most recent call last):
2026-07-24T01:48:39:   File "/Users/aicommander/CascadeProjects/toolcalc/scripts/seo/.venv/lib/python3.9/site-packages/telebot/__init__.py", line 1110, in infinity_polling
2026-07-24T01:48:39:     self.polling(non_stop=True, timeout=timeout, long_polling_timeout=long_polling_timeout,
2026-07-24T01:48:39:   File "/Users/aicommander/CascadeProjects/toolcalc/scripts/seo/.venv/lib/python3.9/site-packages/telebot/__init__.py", line 1198, in polling
2026-07-24T01:48:39:     self.__threaded_polling(non_stop=non_stop, interval=interval, timeout=timeout, long_polling_timeout=long_polling_timeout,
2026-07-24T01:48:39:   File "/Users/aicommander/CascadeProjects/toolcalc/scripts/seo/.venv/lib/python3.9/site-packages/telebot/__init__.py", line 1273, in __threaded_polling
2026-07-24T01:48:39:     raise e
2026-07-24T01:48:39:   File "/Users/aicommander/CascadeProjects/toolcalc/scripts/seo/.venv/lib/python3.9/site-packages/telebot/__init__.py", line 1234, in __threaded_polling
2026-07-24T01:48:39:     polling_thread.raise_exceptions()
2026-07-24T01:48:39:   File "/Users/aicommander/CascadeProjects/toolcalc/scripts/seo/.venv/lib/python3.9/site-packages/telebot/util.py", line 115, in raise_exceptions
2026-07-24T01:48:39:     raise self.exception_info
2026-07-24T01:48:39:   File "/Users/aicommander/CascadeProjects/toolcalc/scripts/seo/.venv/lib/python3.9/site-packages/telebot/util.py", line 97, in run
2026-07-24T01:48:39:     task(*args, **kwargs)
2026-07-24T01:48:39:   File "/Users/aicommander/CascadeProjects/toolcalc/scripts/seo/.venv/lib/python3.9/site-packages/telebot/__init__.py", line 688, in __retrieve_updates
2026-07-24T01:48:39:     updates = self.get_updates(offset=(self.last_update_id + 1),
2026-07-24T01:48:39:   File "/Users/aicommander/CascadeProjects/toolcalc/scripts/seo/.venv/lib/python3.9/site-packages/telebot/__init__.py", line 660, in get_updates
2026-07-24T01:48:39:     json_updates = apihelper.get_updates(
2026-07-24T01:48:39:   File "/Users/aicommander/CascadeProjects/toolcalc/scripts/seo/.venv/lib/python3.9/site-packages/telebot/apihelper.py", line 339, in get_updates
2026-07-24T01:48:39:     return _make_request(token, method_url, params=payload)
2026-07-24T01:48:39:   File "/Users/aicommander/CascadeProjects/toolcalc/scripts/seo/.venv/lib/python3.9/site-packages/telebot/apihelper.py", line 162, in _make_request
2026-07-24T01:48:39:     result = _get_req_session().request(
2026-07-24T01:48:39:   File "/Users/aicommander/CascadeProjects/toolcalc/scripts/seo/.venv/lib/python3.9/site-packages/requests/sessions.py", line 589, in request
2026-07-24T01:48:39:     resp = self.send(prep, **send_kwargs)
2026-07-24T01:48:39:   File "/Users/aicommander/CascadeProjects/toolcalc/scripts/seo/.venv/lib/python3.9/site-packages/requests/sessions.py", line 703, in send
2026-07-24T01:48:39:     r = adapter.send(request, **kwargs)
2026-07-24T01:48:39:   File "/Users/aicommander/CascadeProjects/toolcalc/scripts/seo/.venv/lib/python3.9/site-packages/requests/adapters.py", line 659, in send
2026-07-24T01:48:39:     raise ConnectionError(err, request=request)
2026-07-24T01:48:39: requests.exceptions.ConnectionError: ('Connection aborted.', ConnectionResetError(54, 'Connection reset by peer'))
2026-07-24T01:48:39: "
2026-07-24T03:01:11: 2026-07-24 03:01:11,109 (__init__.py:1115 MainThread) ERROR - TeleBot: "Infinity polling exception: HTTPSConnectionPool(host='api.telegram.org', port=443): Read timed out. (read timeout=25)"
2026-07-24T03:01:11: 2026-07-24 03:01:11,111 (__init__.py:1117 MainThread) ERROR - TeleBot: "Exception traceback:
2026-07-24T03:01:11: Traceback (most recent call last):
2026-07-24T03:01:11:   File "/Users/aicommander/CascadeProjects/toolcalc/scripts/seo/.venv/lib/python3.9/site-packages/urllib3/connectionpool.py", line 534, in _make_request
2026-07-24T03:01:11:     response = conn.getresponse()
2026-07-24T03:01:11:   File "/Users/aicommander/CascadeProjects/toolcalc/scripts/seo/.venv/lib/python3.9/site-packages/urllib3/connection.py", line 571, in getresponse
2026-07-24T03:01:11:     httplib_response = super().getresponse()
2026-07-24T03:01:11:   File "/Library/Developer/CommandLineTools/Library/Frameworks/Python3.framework/Versions/3.9/lib/python3.9/http/client.py", line 1349, in getresponse
2026-07-24T03:01:11:     response.begin()
2026-07-24T03:01:11:   File "/Library/Developer/CommandLineTools/Library/Frameworks/Python3.framework/Versions/3.9/lib/python3.9/http/client.py", line 316, in begin
2026-07-24T03:01:11:     version, status, reason = self._read_status()
2026-07-24T03:01:11:   File "/Library/Developer/CommandLineTools/Library/Frameworks/Python3.framework/Versions/3.9/lib/python3.9/http/client.py", line 277, in _read_status
2026-07-24T03:01:11:     line = str(self.fp.readline(_MAXLINE + 1), "iso-8859-1")
2026-07-24T03:01:11:   File "/Library/Developer/CommandLineTools/Library/Frameworks/Python3.framework/Versions/3.9/lib/python3.9/socket.py", line 704, in readinto
2026-07-24T03:01:11:     return self._sock.recv_into(b)
2026-07-24T03:01:11:   File "/Library/Developer/CommandLineTools/Library/Frameworks/Python3.framework/Versions/3.9/lib/python3.9/ssl.py", line 1241, in recv_into
2026-07-24T03:01:11:     return self.read(nbytes, buffer)
2026-07-24T03:01:11:   File "/Library/Developer/CommandLineTools/Library/Frameworks/Python3.framework/Versions/3.9/lib/python3.9/ssl.py", line 1099, in read
2026-07-24T03:01:11:     return self._sslobj.read(len, buffer)
2026-07-24T03:01:11: socket.timeout: The read operation timed out
2026-07-24T03:01:11: 
2026-07-24T03:01:11: The above exception was the direct cause of the following exception:
2026-07-24T03:01:11: 
2026-07-24T03:01:11: Traceback (most recent call last):
2026-07-24T03:01:11:   File "/Users/aicommander/CascadeProjects/toolcalc/scripts/seo/.venv/lib/python3.9/site-packages/requests/adapters.py", line 644, in send
2026-07-24T03:01:11:     resp = conn.urlopen(
2026-07-24T03:01:11:   File "/Users/aicommander/CascadeProjects/toolcalc/scripts/seo/.venv/lib/python3.9/site-packages/urllib3/connectionpool.py", line 841, in urlopen
2026-07-24T03:01:11:     retries = retries.increment(
2026-07-24T03:01:11:   File "/Users/aicommander/CascadeProjects/toolcalc/scripts/seo/.venv/lib/python3.9/site-packages/urllib3/util/retry.py", line 490, in increment
2026-07-24T03:01:11:     raise reraise(type(error), error, _stacktrace)
2026-07-24T03:01:11:   File "/Users/aicommander/CascadeProjects/toolcalc/scripts/seo/.venv/lib/python3.9/site-packages/urllib3/util/util.py", line 39, in reraise
2026-07-24T03:01:11:     raise value
2026-07-24T03:01:11:   File "/Users/aicommander/CascadeProjects/toolcalc/scripts/seo/.venv/lib/python3.9/site-packages/urllib3/connectionpool.py", line 787, in urlopen
2026-07-24T03:01:11:     response = self._make_request(
2026-07-24T03:01:11:   File "/Users/aicommander/CascadeProjects/toolcalc/scripts/seo/.venv/lib/python3.9/site-packages/urllib3/connectionpool.py", line 536, in _make_request
2026-07-24T03:01:11:     self._raise_timeout(err=e, url=url, timeout_value=read_timeout)
2026-07-24T03:01:11:   File "/Users/aicommander/CascadeProjects/toolcalc/scripts/seo/.venv/lib/python3.9/site-packages/urllib3/connectionpool.py", line 367, in _raise_timeout
2026-07-24T03:01:11:     raise ReadTimeoutError(
2026-07-24T03:01:11: urllib3.exceptions.ReadTimeoutError: HTTPSConnectionPool(host='api.telegram.org', port=443): Read timed out. (read timeout=25)
2026-07-24T03:01:11: 
2026-07-24T03:01:11: During handling of the above exception, another exception occurred:
2026-07-24T03:01:11: 
2026-07-24T03:01:11: Traceback (most recent call last):
2026-07-24T03:01:11:   File "/Users/aicommander/CascadeProjects/toolcalc/scripts/seo/.venv/lib/python3.9/site-packages/telebot/__init__.py", line 1110, in infinity_polling
2026-07-24T03:01:11:     self.polling(non_stop=True, timeout=timeout, long_polling_timeout=long_polling_timeout,
2026-07-24T03:01:11:   File "/Users/aicommander/CascadeProjects/toolcalc/scripts/seo/.venv/lib/python3.9/site-packages/telebot/__init__.py", line 1198, in polling
2026-07-24T03:01:11:     self.__threaded_polling(non_stop=non_stop, interval=interval, timeout=timeout, long_polling_timeout=long_polling_timeout,
2026-07-24T03:01:11:   File "/Users/aicommander/CascadeProjects/toolcalc/scripts/seo/.venv/lib/python3.9/site-packages/telebot/__init__.py", line 1273, in __threaded_polling
2026-07-24T03:01:11:     raise e
2026-07-24T03:01:11:   File "/Users/aicommander/CascadeProjects/toolcalc/scripts/seo/.venv/lib/python3.9/site-packages/telebot/__init__.py", line 1234, in __threaded_polling
2026-07-24T03:01:11:     polling_thread.raise_exceptions()
2026-07-24T03:01:11:   File "/Users/aicommander/CascadeProjects/toolcalc/scripts/seo/.venv/lib/python3.9/site-packages/telebot/util.py", line 115, in raise_exceptions
2026-07-24T03:01:11:     raise self.exception_info
2026-07-24T03:01:11:   File "/Users/aicommander/CascadeProjects/toolcalc/scripts/seo/.venv/lib/python3.9/site-packages/telebot/util.py", line 97, in run
2026-07-24T03:01:11:     task(*args, **kwargs)
2026-07-24T03:01:11:   File "/Users/aicommander/CascadeProjects/toolcalc/scripts/seo/.venv/lib/python3.9/site-packages/telebot/__init__.py", line 688, in __retrieve_updates
2026-07-24T03:01:11:     updates = self.get_updates(offset=(self.last_update_id + 1),
2026-07-24T03:01:11:   File "/Users/aicommander/CascadeProjects/toolcalc/scripts/seo/.venv/lib/python3.9/site-packages/telebot/__init__.py", line 660, in get_updates
2026-07-24T03:01:11:     json_updates = apihelper.get_updates(
2026-07-24T03:01:11:   File "/Users/aicommander/CascadeProjects/toolcalc/scripts/seo/.venv/lib/python3.9/site-packages/telebot/apihelper.py", line 339, in get_updates
2026-07-24T03:01:11:     return _make_request(token, method_url, params=payload)
2026-07-24T03:01:11:   File "/Users/aicommander/CascadeProjects/toolcalc/scripts/seo/.venv/lib/python3.9/site-packages/telebot/apihelper.py", line 162, in _make_request
2026-07-24T03:01:11:     result = _get_req_session().request(
2026-07-24T03:01:11:   File "/Users/aicommander/CascadeProjects/toolcalc/scripts/seo/.venv/lib/python3.9/site-packages/requests/sessions.py", line 589, in request
2026-07-24T03:01:11:     resp = self.send(prep, **send_kwargs)
2026-07-24T03:01:11:   File "/Users/aicommander/CascadeProjects/toolcalc/scripts/seo/.venv/lib/python3.9/site-packages/requests/sessions.py", line 703, in send
2026-07-24T03:01:11:     r = adapter.send(request, **kwargs)
2026-07-24T03:01:11:   File "/Users/aicommander/CascadeProjects/toolcalc/scripts/seo/.venv/lib/python3.9/site-packages/requests/adapters.py", line 690, in send
2026-07-24T03:01:11:     raise ReadTimeout(e, request=request)
2026-07-24T03:01:11: requests.exceptions.ReadTimeout: HTTPSConnectionPool(host='api.telegram.org', port=443): Read timed out. (read timeout=25)
2026-07-24T03:01:11: "
2026-07-24T03:01:34: 2026-07-24 03:01:34,233 (__init__.py:1115 MainThread) ERROR - TeleBot: "Infinity polling exception: HTTPSConnectionPool(host='api.telegram.org', port=443): Max retries exceeded with url: /bot8903604110:***********************************/getUpdates?offset=550404779&timeout=20 (Caused by ConnectTimeoutError(<HTTPSConnection(host='api.telegram.org', port=443) at 0x10ac891f0>, 'Connection to api.telegram.org timed out. (connect timeout=20)'))"
2026-07-24T03:01:34: 2026-07-24 03:01:34,234 (__init__.py:1117 MainThread) ERROR - TeleBot: "Exception traceback:
2026-07-24T03:01:34: Traceback (most recent call last):
2026-07-24T03:01:34:   File "/Users/aicommander/CascadeProjects/toolcalc/scripts/seo/.venv/lib/python3.9/site-packages/urllib3/connection.py", line 204, in _new_conn
2026-07-24T03:01:34:     sock = connection.create_connection(
2026-07-24T03:01:34:   File "/Users/aicommander/CascadeProjects/toolcalc/scripts/seo/.venv/lib/python3.9/site-packages/urllib3/util/connection.py", line 85, in create_connection
2026-07-24T03:01:34:     raise err
2026-07-24T03:01:34:   File "/Users/aicommander/CascadeProjects/toolcalc/scripts/seo/.venv/lib/python3.9/site-packages/urllib3/util/connection.py", line 73, in create_connection
2026-07-24T03:01:34:     sock.connect(sa)
2026-07-24T03:01:34: socket.timeout: timed out
2026-07-24T03:01:34: 
2026-07-24T03:01:34: The above exception was the direct cause of the following exception:
2026-07-24T03:01:34: 
2026-07-24T03:01:34: Traceback (most recent call last):
2026-07-24T03:01:34:   File "/Users/aicommander/CascadeProjects/toolcalc/scripts/seo/.venv/lib/python3.9/site-packages/urllib3/connectionpool.py", line 787, in urlopen
2026-07-24T03:01:34:     response = self._make_request(
2026-07-24T03:01:34:   File "/Users/aicommander/CascadeProjects/toolcalc/scripts/seo/.venv/lib/python3.9/site-packages/urllib3/connectionpool.py", line 488, in _make_request
2026-07-24T03:01:34:     raise new_e
2026-07-24T03:01:34:   File "/Users/aicommander/CascadeProjects/toolcalc/scripts/seo/.venv/lib/python3.9/site-packages/urllib3/connectionpool.py", line 464, in _make_request
2026-07-24T03:01:34:     self._validate_conn(conn)
2026-07-24T03:01:34:   File "/Users/aicommander/CascadeProjects/toolcalc/scripts/seo/.venv/lib/python3.9/site-packages/urllib3/connectionpool.py", line 1093, in _validate_conn
2026-07-24T03:01:34:     conn.connect()
2026-07-24T03:01:34:   File "/Users/aicommander/CascadeProjects/toolcalc/scripts/seo/.venv/lib/python3.9/site-packages/urllib3/connection.py", line 759, in connect
2026-07-24T03:01:34:     self.sock = sock = self._new_conn()
2026-07-24T03:01:34:   File "/Users/aicommander/CascadeProjects/toolcalc/scripts/seo/.venv/lib/python3.9/site-packages/urllib3/connection.py", line 213, in _new_conn
2026-07-24T03:01:34:     raise ConnectTimeoutError(
2026-07-24T03:01:34: urllib3.exceptions.ConnectTimeoutError: (<HTTPSConnection(host='api.telegram.org', port=443) at 0x10ac891f0>, 'Connection to api.telegram.org timed out. (connect timeout=20)')
2026-07-24T03:01:34: 
2026-07-24T03:01:34: The above exception was the direct cause of the following exception:
2026-07-24T03:01:34: 
2026-07-24T03:01:34: Traceback (most recent call last):
2026-07-24T03:01:34:   File "/Users/aicommander/CascadeProjects/toolcalc/scripts/seo/.venv/lib/python3.9/site-packages/requests/adapters.py", line 644, in send
2026-07-24T03:01:34:     resp = conn.urlopen(
2026-07-24T03:01:34:   File "/Users/aicommander/CascadeProjects/toolcalc/scripts/seo/.venv/lib/python3.9/site-packages/urllib3/connectionpool.py", line 841, in urlopen
2026-07-24T03:01:34:     retries = retries.increment(
2026-07-24T03:01:34:   File "/Users/aicommander/CascadeProjects/toolcalc/scripts/seo/.venv/lib/python3.9/site-packages/urllib3/util/retry.py", line 535, in increment
2026-07-24T03:01:34:     raise MaxRetryError(_pool, url, reason) from reason  # type: ignore[arg-type]
2026-07-24T03:01:34: urllib3.exceptions.MaxRetryError: HTTPSConnectionPool(host='api.telegram.org', port=443): Max retries exceeded with url: /bot8903604110:***********************************/getUpdates?offset=550404779&timeout=20 (Caused by ConnectTimeoutError(<HTTPSConnection(host='api.telegram.org', port=443) at 0x10ac891f0>, 'Connection to api.telegram.org timed out. (connect timeout=20)'))
2026-07-24T03:01:34: 
2026-07-24T03:01:34: During handling of the above exception, another exception occurred:
2026-07-24T03:01:34: 
2026-07-24T03:01:34: Traceback (most recent call last):
2026-07-24T03:01:34:   File "/Users/aicommander/CascadeProjects/toolcalc/scripts/seo/.venv/lib/python3.9/site-packages/telebot/__init__.py", line 1110, in infinity_polling
2026-07-24T03:01:34:     self.polling(non_stop=True, timeout=timeout, long_polling_timeout=long_polling_timeout,
2026-07-24T03:01:34:   File "/Users/aicommander/CascadeProjects/toolcalc/scripts/seo/.venv/lib/python3.9/site-packages/telebot/__init__.py", line 1198, in polling
2026-07-24T03:01:34:     self.__threaded_polling(non_stop=non_stop, interval=interval, timeout=timeout, long_polling_timeout=long_polling_timeout,
2026-07-24T03:01:34:   File "/Users/aicommander/CascadeProjects/toolcalc/scripts/seo/.venv/lib/python3.9/site-packages/telebot/__init__.py", line 1273, in __threaded_polling
2026-07-24T03:01:34:     raise e
2026-07-24T03:01:34:   File "/Users/aicommander/CascadeProjects/toolcalc/scripts/seo/.venv/lib/python3.9/site-packages/telebot/__init__.py", line 1234, in __threaded_polling
2026-07-24T03:01:34:     polling_thread.raise_exceptions()
2026-07-24T03:01:34:   File "/Users/aicommander/CascadeProjects/toolcalc/scripts/seo/.venv/lib/python3.9/site-packages/telebot/util.py", line 115, in raise_exceptions
2026-07-24T03:01:34:     raise self.exception_info
2026-07-24T03:01:34:   File "/Users/aicommander/CascadeProjects/toolcalc/scripts/seo/.venv/lib/python3.9/site-packages/telebot/util.py", line 97, in run
2026-07-24T03:01:34:     task(*args, **kwargs)
2026-07-24T03:01:34:   File "/Users/aicommander/CascadeProjects/toolcalc/scripts/seo/.venv/lib/python3.9/site-packages/telebot/__init__.py", line 688, in __retrieve_updates
2026-07-24T03:01:34:     updates = self.get_updates(offset=(self.last_update_id + 1),
2026-07-24T03:01:34:   File "/Users/aicommander/CascadeProjects/toolcalc/scripts/seo/.venv/lib/python3.9/site-packages/telebot/__init__.py", line 660, in get_updates
2026-07-24T03:01:34:     json_updates = apihelper.get_updates(
2026-07-24T03:01:34:   File "/Users/aicommander/CascadeProjects/toolcalc/scripts/seo/.venv/lib/python3.9/site-packages/telebot/apihelper.py", line 339, in get_updates
2026-07-24T03:01:34:     return _make_request(token, method_url, params=payload)
2026-07-24T03:01:34:   File "/Users/aicommander/CascadeProjects/toolcalc/scripts/seo/.venv/lib/python3.9/site-packages/telebot/apihelper.py", line 162, in _make_request
2026-07-24T03:01:34:     result = _get_req_session().request(
2026-07-24T03:01:34:   File "/Users/aicommander/CascadeProjects/toolcalc/scripts/seo/.venv/lib/python3.9/site-packages/requests/sessions.py", line 589, in request
2026-07-24T03:01:34:     resp = self.send(prep, **send_kwargs)
2026-07-24T03:01:34:   File "/Users/aicommander/CascadeProjects/toolcalc/scripts/seo/.venv/lib/python3.9/site-packages/requests/sessions.py", line 703, in send
2026-07-24T03:01:34:     r = adapter.send(request, **kwargs)
2026-07-24T03:01:34:   File "/Users/aicommander/CascadeProjects/toolcalc/scripts/seo/.venv/lib/python3.9/site-packages/requests/adapters.py", line 665, in send
2026-07-24T03:01:34:     raise ConnectTimeout(e, request=request)
2026-07-24T03:01:34: requests.exceptions.ConnectTimeout: HTTPSConnectionPool(host='api.telegram.org', port=443): Max retries exceeded with url: /bot8903604110:***********************************/getUpdates?offset=550404779&timeout=20 (Caused by ConnectTimeoutError(<HTTPSConnection(host='api.telegram.org', port=443) at 0x10ac891f0>, 'Connection to api.telegram.org timed out. (connect timeout=20)'))
2026-07-24T03:01:34: "
2026-07-24T03:01:57: 2026-07-24 03:01:57,395 (__init__.py:1115 MainThread) ERROR - TeleBot: "Infinity polling exception: HTTPSConnectionPool(host='api.telegram.org', port=443): Max retries exceeded with url: /bot8903604110:***********************************/getUpdates?offset=550404779&timeout=20 (Caused by ConnectTimeoutError(<HTTPSConnection(host='api.telegram.org', port=443) at 0x10ac96250>, 'Connection to api.telegram.org timed out. (connect timeout=20)'))"
2026-07-24T03:01:57: 2026-07-24 03:01:57,395 (__init__.py:1117 MainThread) ERROR - TeleBot: "Exception traceback:
2026-07-24T03:01:57: Traceback (most recent call last):
2026-07-24T03:01:57:   File "/Users/aicommander/CascadeProjects/toolcalc/scripts/seo/.venv/lib/python3.9/site-packages/urllib3/connection.py", line 204, in _new_conn
2026-07-24T03:01:57:     sock = connection.create_connection(
2026-07-24T03:01:57:   File "/Users/aicommander/CascadeProjects/toolcalc/scripts/seo/.venv/lib/python3.9/site-packages/urllib3/util/connection.py", line 85, in create_connection
2026-07-24T03:01:57:     raise err
2026-07-24T03:01:57:   File "/Users/aicommander/CascadeProjects/toolcalc/scripts/seo/.venv/lib/python3.9/site-packages/urllib3/util/connection.py", line 73, in create_connection
2026-07-24T03:01:57:     sock.connect(sa)
2026-07-24T03:01:57: socket.timeout: timed out
2026-07-24T03:01:57: 
2026-07-24T03:01:57: The above exception was the direct cause of the following exception:
2026-07-24T03:01:57: 
2026-07-24T03:01:57: Traceback (most recent call last):
2026-07-24T03:01:57:   File "/Users/aicommander/CascadeProjects/toolcalc/scripts/seo/.venv/lib/python3.9/site-packages/urllib3/connectionpool.py", line 787, in urlopen
2026-07-24T03:01:57:     response = self._make_request(
2026-07-24T03:01:57:   File "/Users/aicommander/CascadeProjects/toolcalc/scripts/seo/.venv/lib/python3.9/site-packages/urllib3/connectionpool.py", line 488, in _make_request
2026-07-24T03:01:57:     raise new_e
2026-07-24T03:01:57:   File "/Users/aicommander/CascadeProjects/toolcalc/scripts/seo/.venv/lib/python3.9/site-packages/urllib3/connectionpool.py", line 464, in _make_request
2026-07-24T03:01:57:     self._validate_conn(conn)
2026-07-24T03:01:57:   File "/Users/aicommander/CascadeProjects/toolcalc/scripts/seo/.venv/lib/python3.9/site-packages/urllib3/connectionpool.py", line 1093, in _validate_conn
2026-07-24T03:01:57:     conn.connect()
2026-07-24T03:01:57:   File "/Users/aicommander/CascadeProjects/toolcalc/scripts/seo/.venv/lib/python3.9/site-packages/urllib3/connection.py", line 759, in connect
2026-07-24T03:01:57:     self.sock = sock = self._new_conn()
2026-07-24T03:01:57:   File "/Users/aicommander/CascadeProjects/toolcalc/scripts/seo/.venv/lib/python3.9/site-packages/urllib3/connection.py", line 213, in _new_conn
2026-07-24T03:01:57:     raise ConnectTimeoutError(
2026-07-24T03:01:57: urllib3.exceptions.ConnectTimeoutError: (<HTTPSConnection(host='api.telegram.org', port=443) at 0x10ac96250>, 'Connection to api.telegram.org timed out. (connect timeout=20)')
2026-07-24T03:01:57: 
2026-07-24T03:01:57: The above exception was the direct cause of the following exception:
2026-07-24T03:01:57: 
2026-07-24T03:01:57: Traceback (most recent call last):
2026-07-24T03:01:57:   File "/Users/aicommander/CascadeProjects/toolcalc/scripts/seo/.venv/lib/python3.9/site-packages/requests/adapters.py", line 644, in send
2026-07-24T03:01:57:     resp = conn.urlopen(
2026-07-24T03:01:57:   File "/Users/aicommander/CascadeProjects/toolcalc/scripts/seo/.venv/lib/python3.9/site-packages/urllib3/connectionpool.py", line 841, in urlopen
2026-07-24T03:01:57:     retries = retries.increment(
2026-07-24T03:01:57:   File "/Users/aicommander/CascadeProjects/toolcalc/scripts/seo/.venv/lib/python3.9/site-packages/urllib3/util/retry.py", line 535, in increment
2026-07-24T03:01:57:     raise MaxRetryError(_pool, url, reason) from reason  # type: ignore[arg-type]
2026-07-24T03:01:57: urllib3.exceptions.MaxRetryError: HTTPSConnectionPool(host='api.telegram.org', port=443): Max retries exceeded with url: /bot8903604110:***********************************/getUpdates?offset=550404779&timeout=20 (Caused by ConnectTimeoutError(<HTTPSConnection(host='api.telegram.org', port=443) at 0x10ac96250>, 'Connection to api.telegram.org timed out. (connect timeout=20)'))
2026-07-24T03:01:57: 
2026-07-24T03:01:57: During handling of the above exception, another exception occurred:
2026-07-24T03:01:57: 
2026-07-24T03:01:57: Traceback (most recent call last):
2026-07-24T03:01:57:   File "/Users/aicommander/CascadeProjects/toolcalc/scripts/seo/.venv/lib/python3.9/site-packages/telebot/__init__.py", line 1110, in infinity_polling
2026-07-24T03:01:57:     self.polling(non_stop=True, timeout=timeout, long_polling_timeout=long_polling_timeout,
2026-07-24T03:01:57:   File "/Users/aicommander/CascadeProjects/toolcalc/scripts/seo/.venv/lib/python3.9/site-packages/telebot/__init__.py", line 1198, in polling
2026-07-24T03:01:57:     self.__threaded_polling(non_stop=non_stop, interval=interval, timeout=timeout, long_polling_timeout=long_polling_timeout,
2026-07-24T03:01:57:   File "/Users/aicommander/CascadeProjects/toolcalc/scripts/seo/.venv/lib/python3.9/site-packages/telebot/__init__.py", line 1273, in __threaded_polling
2026-07-24T03:01:57:     raise e
2026-07-24T03:01:57:   File "/Users/aicommander/CascadeProjects/toolcalc/scripts/seo/.venv/lib/python3.9/site-packages/telebot/__init__.py", line 1234, in __threaded_polling
2026-07-24T03:01:57:     polling_thread.raise_exceptions()
2026-07-24T03:01:57:   File "/Users/aicommander/CascadeProjects/toolcalc/scripts/seo/.venv/lib/python3.9/site-packages/telebot/util.py", line 115, in raise_exceptions
2026-07-24T03:01:57:     raise self.exception_info
2026-07-24T03:01:57:   File "/Users/aicommander/CascadeProjects/toolcalc/scripts/seo/.venv/lib/python3.9/site-packages/telebot/util.py", line 97, in run
2026-07-24T03:01:57:     task(*args, **kwargs)
2026-07-24T03:01:57:   File "/Users/aicommander/CascadeProjects/toolcalc/scripts/seo/.venv/lib/python3.9/site-packages/telebot/__init__.py", line 688, in __retrieve_updates
2026-07-24T03:01:57:     updates = self.get_updates(offset=(self.last_update_id + 1),
2026-07-24T03:01:57:   File "/Users/aicommander/CascadeProjects/toolcalc/scripts/seo/.venv/lib/python3.9/site-packages/telebot/__init__.py", line 660, in get_updates
2026-07-24T03:01:57:     json_updates = apihelper.get_updates(
2026-07-24T03:01:57:   File "/Users/aicommander/CascadeProjects/toolcalc/scripts/seo/.venv/lib/python3.9/site-packages/telebot/apihelper.py", line 339, in get_updates
2026-07-24T03:01:57:     return _make_request(token, method_url, params=payload)
2026-07-24T03:01:57:   File "/Users/aicommander/CascadeProjects/toolcalc/scripts/seo/.venv/lib/python3.9/site-packages/telebot/apihelper.py", line 162, in _make_request
2026-07-24T03:01:57:     result = _get_req_session().request(
2026-07-24T03:01:57:   File "/Users/aicommander/CascadeProjects/toolcalc/scripts/seo/.venv/lib/python3.9/site-packages/requests/sessions.py", line 589, in request
2026-07-24T03:01:57:     resp = self.send(prep, **send_kwargs)
2026-07-24T03:01:57:   File "/Users/aicommander/CascadeProjects/toolcalc/scripts/seo/.venv/lib/python3.9/site-packages/requests/sessions.py", line 703, in send
2026-07-24T03:01:57:     r = adapter.send(request, **kwargs)
2026-07-24T03:01:57:   File "/Users/aicommander/CascadeProjects/toolcalc/scripts/seo/.venv/lib/python3.9/site-packages/requests/adapters.py", line 665, in send
2026-07-24T03:01:57:     raise ConnectTimeout(e, request=request)
2026-07-24T03:01:57: requests.exceptions.ConnectTimeout: HTTPSConnectionPool(host='api.telegram.org', port=443): Max retries exceeded with url: /bot8903604110:***********************************/getUpdates?offset=550404779&timeout=20 (Caused by ConnectTimeoutError(<HTTPSConnection(host='api.telegram.org', port=443) at 0x10ac96250>, 'Connection to api.telegram.org timed out. (connect timeout=20)'))
2026-07-24T03:01:57: "
2026-07-24T08:10:55: 2026-07-24 08:10:55,532 (__init__.py:1241 MainThread) ERROR - TeleBot: "Threaded polling exception: A request to the Telegram API was unsuccessful. Error code: 429. Description: Too Many Requests: retry after 5"
2026-07-24T08:10:55: 2026-07-24 08:10:55,532 (__init__.py:1243 MainThread) ERROR - TeleBot: "Exception traceback:
2026-07-24T08:10:55: Traceback (most recent call last):
2026-07-24T08:10:55:   File "/Users/aicommander/CascadeProjects/toolcalc/scripts/seo/.venv/lib/python3.9/site-packages/telebot/__init__.py", line 1234, in __threaded_polling
2026-07-24T08:10:55:     polling_thread.raise_exceptions()
2026-07-24T08:10:55:   File "/Users/aicommander/CascadeProjects/toolcalc/scripts/seo/.venv/lib/python3.9/site-packages/telebot/util.py", line 115, in raise_exceptions
2026-07-24T08:10:55:     raise self.exception_info
2026-07-24T08:10:55:   File "/Users/aicommander/CascadeProjects/toolcalc/scripts/seo/.venv/lib/python3.9/site-packages/telebot/util.py", line 97, in run
2026-07-24T08:10:55:     task(*args, **kwargs)
2026-07-24T08:10:55:   File "/Users/aicommander/CascadeProjects/toolcalc/scripts/seo/.venv/lib/python3.9/site-packages/telebot/__init__.py", line 688, in __retrieve_updates
2026-07-24T08:10:55:     updates = self.get_updates(offset=(self.last_update_id + 1),
2026-07-24T08:10:55:   File "/Users/aicommander/CascadeProjects/toolcalc/scripts/seo/.venv/lib/python3.9/site-packages/telebot/__init__.py", line 660, in get_updates
2026-07-24T08:10:55:     json_updates = apihelper.get_updates(
2026-07-24T08:10:55:   File "/Users/aicommander/CascadeProjects/toolcalc/scripts/seo/.venv/lib/python3.9/site-packages/telebot/apihelper.py", line 339, in get_updates
2026-07-24T08:10:55:     return _make_request(token, method_url, params=payload)
2026-07-24T08:10:55:   File "/Users/aicommander/CascadeProjects/toolcalc/scripts/seo/.venv/lib/python3.9/site-packages/telebot/apihelper.py", line 168, in _make_request
2026-07-24T08:10:55:     json_result = _check_result(method_name, result)
2026-07-24T08:10:55:   File "/Users/aicommander/CascadeProjects/toolcalc/scripts/seo/.venv/lib/python3.9/site-packages/telebot/apihelper.py", line 197, in _check_result
2026-07-24T08:10:55:     raise ApiTelegramException(method_name, result, result_json)
2026-07-24T08:10:55: telebot.apihelper.ApiTelegramException: A request to the Telegram API was unsuccessful. Error code: 429. Description: Too Many Requests: retry after 5
2026-07-24T08:10:55: "
2026-07-24T08:10:56: 2026-07-24 08:10:56,120 (__init__.py:1241 MainThread) ERROR - TeleBot: "Threaded polling exception: A request to the Telegram API was unsuccessful. Error code: 429. Description: Too Many Requests: retry after 5"
2026-07-24T08:10:56: 2026-07-24 08:10:56,121 (__init__.py:1243 MainThread) ERROR - TeleBot: "Exception traceback:
2026-07-24T08:10:56: Traceback (most recent call last):
2026-07-24T08:10:56:   File "/Users/aicommander/CascadeProjects/toolcalc/scripts/seo/.venv/lib/python3.9/site-packages/telebot/__init__.py", line 1234, in __threaded_polling
2026-07-24T08:10:56:     polling_thread.raise_exceptions()
2026-07-24T08:10:56:   File "/Users/aicommander/CascadeProjects/toolcalc/scripts/seo/.venv/lib/python3.9/site-packages/telebot/util.py", line 115, in raise_exceptions
2026-07-24T08:10:56:     raise self.exception_info
2026-07-24T08:10:56:   File "/Users/aicommander/CascadeProjects/toolcalc/scripts/seo/.venv/lib/python3.9/site-packages/telebot/util.py", line 97, in run
2026-07-24T08:10:56:     task(*args, **kwargs)
2026-07-24T08:10:56:   File "/Users/aicommander/CascadeProjects/toolcalc/scripts/seo/.venv/lib/python3.9/site-packages/telebot/__init__.py", line 688, in __retrieve_updates
2026-07-24T08:10:56:     updates = self.get_updates(offset=(self.last_update_id + 1),
2026-07-24T08:10:56:   File "/Users/aicommander/CascadeProjects/toolcalc/scripts/seo/.venv/lib/python3.9/site-packages/telebot/__init__.py", line 660, in get_updates
2026-07-24T08:10:56:     json_updates = apihelper.get_updates(
2026-07-24T08:10:56:   File "/Users/aicommander/CascadeProjects/toolcalc/scripts/seo/.venv/lib/python3.9/site-packages/telebot/apihelper.py", line 339, in get_updates
2026-07-24T08:10:56:     return _make_request(token, method_url, params=payload)
2026-07-24T08:10:56:   File "/Users/aicommander/CascadeProjects/toolcalc/scripts/seo/.venv/lib/python3.9/site-packages/telebot/apihelper.py", line 168, in _make_request
2026-07-24T08:10:56:     json_result = _check_result(method_name, result)
2026-07-24T08:10:56:   File "/Users/aicommander/CascadeProjects/toolcalc/scripts/seo/.venv/lib/python3.9/site-packages/telebot/apihelper.py", line 197, in _check_result
2026-07-24T08:10:56:     raise ApiTelegramException(method_name, result, result_json)
2026-07-24T08:10:56: telebot.apihelper.ApiTelegramException: A request to the Telegram API was unsuccessful. Error code: 429. Description: Too Many Requests: retry after 5
2026-07-24T08:10:56: "
2026-07-24T08:10:59: 2026-07-24 08:10:59,959 (__init__.py:1241 MainThread) ERROR - TeleBot: "Threaded polling exception: A request to the Telegram API was unsuccessful. Error code: 502. Description: Bad Gateway"
2026-07-24T08:10:59: 2026-07-24 08:10:59,960 (__init__.py:1243 MainThread) ERROR - TeleBot: "Exception traceback:
2026-07-24T08:10:59: Traceback (most recent call last):
2026-07-24T08:10:59:   File "/Users/aicommander/CascadeProjects/toolcalc/scripts/seo/.venv/lib/python3.9/site-packages/telebot/__init__.py", line 1234, in __threaded_polling
2026-07-24T08:10:59:     polling_thread.raise_exceptions()
2026-07-24T08:10:59:   File "/Users/aicommander/CascadeProjects/toolcalc/scripts/seo/.venv/lib/python3.9/site-packages/telebot/util.py", line 115, in raise_exceptions
2026-07-24T08:10:59:     raise self.exception_info
2026-07-24T08:10:59:   File "/Users/aicommander/CascadeProjects/toolcalc/scripts/seo/.venv/lib/python3.9/site-packages/telebot/util.py", line 97, in run
2026-07-24T08:10:59:     task(*args, **kwargs)
2026-07-24T08:10:59:   File "/Users/aicommander/CascadeProjects/toolcalc/scripts/seo/.venv/lib/python3.9/site-packages/telebot/__init__.py", line 688, in __retrieve_updates
2026-07-24T08:10:59:     updates = self.get_updates(offset=(self.last_update_id + 1),
2026-07-24T08:10:59:   File "/Users/aicommander/CascadeProjects/toolcalc/scripts/seo/.venv/lib/python3.9/site-packages/telebot/__init__.py", line 660, in get_updates
2026-07-24T08:10:59:     json_updates = apihelper.get_updates(
2026-07-24T08:10:59:   File "/Users/aicommander/CascadeProjects/toolcalc/scripts/seo/.venv/lib/python3.9/site-packages/telebot/apihelper.py", line 339, in get_updates
2026-07-24T08:10:59:     return _make_request(token, method_url, params=payload)
2026-07-24T08:10:59:   File "/Users/aicommander/CascadeProjects/toolcalc/scripts/seo/.venv/lib/python3.9/site-packages/telebot/apihelper.py", line 168, in _make_request
2026-07-24T08:10:59:     json_result = _check_result(method_name, result)
2026-07-24T08:10:59:   File "/Users/aicommander/CascadeProjects/toolcalc/scripts/seo/.venv/lib/python3.9/site-packages/telebot/apihelper.py", line 197, in _check_result
2026-07-24T08:10:59:     raise ApiTelegramException(method_name, result, result_json)
2026-07-24T08:10:59: telebot.apihelper.ApiTelegramException: A request to the Telegram API was unsuccessful. Error code: 502. Description: Bad Gateway
2026-07-24T08:10:59: "
2026-07-24T08:11:01: 2026-07-24 08:11:01,159 (__init__.py:1241 MainThread) ERROR - TeleBot: "Threaded polling exception: A request to the Telegram API was unsuccessful. Error code: 502. Description: Bad Gateway"
2026-07-24T08:11:01: 2026-07-24 08:11:01,159 (__init__.py:1243 MainThread) ERROR - TeleBot: "Exception traceback:
2026-07-24T08:11:01: Traceback (most recent call last):
2026-07-24T08:11:01:   File "/Users/aicommander/CascadeProjects/toolcalc/scripts/seo/.venv/lib/python3.9/site-packages/telebot/__init__.py", line 1234, in __threaded_polling
2026-07-24T08:11:01:     polling_thread.raise_exceptions()
2026-07-24T08:11:01:   File "/Users/aicommander/CascadeProjects/toolcalc/scripts/seo/.venv/lib/python3.9/site-packages/telebot/util.py", line 115, in raise_exceptions
2026-07-24T08:11:01:     raise self.exception_info
2026-07-24T08:11:01:   File "/Users/aicommander/CascadeProjects/toolcalc/scripts/seo/.venv/lib/python3.9/site-packages/telebot/util.py", line 97, in run
2026-07-24T08:11:01:     task(*args, **kwargs)
2026-07-24T08:11:01:   File "/Users/aicommander/CascadeProjects/toolcalc/scripts/seo/.venv/lib/python3.9/site-packages/telebot/__init__.py", line 688, in __retrieve_updates
2026-07-24T08:11:01:     updates = self.get_updates(offset=(self.last_update_id + 1),
2026-07-24T08:11:01:   File "/Users/aicommander/CascadeProjects/toolcalc/scripts/seo/.venv/lib/python3.9/site-packages/telebot/__init__.py", line 660, in get_updates
2026-07-24T08:11:01:     json_updates = apihelper.get_updates(
2026-07-24T08:11:01:   File "/Users/aicommander/CascadeProjects/toolcalc/scripts/seo/.venv/lib/python3.9/site-packages/telebot/apihelper.py", line 339, in get_updates
2026-07-24T08:11:01:     return _make_request(token, method_url, params=payload)
2026-07-24T08:11:01:   File "/Users/aicommander/CascadeProjects/toolcalc/scripts/seo/.venv/lib/python3.9/site-packages/telebot/apihelper.py", line 168, in _make_request
2026-07-24T08:11:01:     json_result = _check_result(method_name, result)
2026-07-24T08:11:01:   File "/Users/aicommander/CascadeProjects/toolcalc/scripts/seo/.venv/lib/python3.9/site-packages/telebot/apihelper.py", line 197, in _check_result
2026-07-24T08:11:01:     raise ApiTelegramException(method_name, result, result_json)
2026-07-24T08:11:01: telebot.apihelper.ApiTelegramException: A request to the Telegram API was unsuccessful. Error code: 502. Description: Bad Gateway
2026-07-24T08:11:01: "
2026-07-24T08:11:28: 2026-07-24 08:11:28,323 (__init__.py:1115 MainThread) ERROR - TeleBot: "Infinity polling exception: HTTPSConnectionPool(host='api.telegram.org', port=443): Read timed out. (read timeout=25)"
2026-07-24T08:11:28: 2026-07-24 08:11:28,325 (__init__.py:1117 MainThread) ERROR - TeleBot: "Exception traceback:
2026-07-24T08:11:28: Traceback (most recent call last):
2026-07-24T08:11:28:   File "/Users/aicommander/CascadeProjects/toolcalc/scripts/seo/.venv/lib/python3.9/site-packages/urllib3/connectionpool.py", line 534, in _make_request
2026-07-24T08:11:28:     response = conn.getresponse()
2026-07-24T08:11:28:   File "/Users/aicommander/CascadeProjects/toolcalc/scripts/seo/.venv/lib/python3.9/site-packages/urllib3/connection.py", line 571, in getresponse
2026-07-24T08:11:28:     httplib_response = super().getresponse()
2026-07-24T08:11:28:   File "/Library/Developer/CommandLineTools/Library/Frameworks/Python3.framework/Versions/3.9/lib/python3.9/http/client.py", line 1349, in getresponse
2026-07-24T08:11:28:     response.begin()
2026-07-24T08:11:28:   File "/Library/Developer/CommandLineTools/Library/Frameworks/Python3.framework/Versions/3.9/lib/python3.9/http/client.py", line 316, in begin
2026-07-24T08:11:28:     version, status, reason = self._read_status()
2026-07-24T08:11:28:   File "/Library/Developer/CommandLineTools/Library/Frameworks/Python3.framework/Versions/3.9/lib/python3.9/http/client.py", line 277, in _read_status
2026-07-24T08:11:28:     line = str(self.fp.readline(_MAXLINE + 1), "iso-8859-1")
2026-07-24T08:11:28:   File "/Library/Developer/CommandLineTools/Library/Frameworks/Python3.framework/Versions/3.9/lib/python3.9/socket.py", line 704, in readinto
2026-07-24T08:11:28:     return self._sock.recv_into(b)
2026-07-24T08:11:28:   File "/Library/Developer/CommandLineTools/Library/Frameworks/Python3.framework/Versions/3.9/lib/python3.9/ssl.py", line 1241, in recv_into
2026-07-24T08:11:28:     return self.read(nbytes, buffer)
2026-07-24T08:11:28:   File "/Library/Developer/CommandLineTools/Library/Frameworks/Python3.framework/Versions/3.9/lib/python3.9/ssl.py", line 1099, in read
2026-07-24T08:11:28:     return self._sslobj.read(len, buffer)
2026-07-24T08:11:28: socket.timeout: The read operation timed out
2026-07-24T08:11:28: 
2026-07-24T08:11:28: The above exception was the direct cause of the following exception:
2026-07-24T08:11:28: 
2026-07-24T08:11:28: Traceback (most recent call last):
2026-07-24T08:11:28:   File "/Users/aicommander/CascadeProjects/toolcalc/scripts/seo/.venv/lib/python3.9/site-packages/requests/adapters.py", line 644, in send
2026-07-24T08:11:28:     resp = conn.urlopen(
2026-07-24T08:11:28:   File "/Users/aicommander/CascadeProjects/toolcalc/scripts/seo/.venv/lib/python3.9/site-packages/urllib3/connectionpool.py", line 841, in urlopen
2026-07-24T08:11:28:     retries = retries.increment(
2026-07-24T08:11:28:   File "/Users/aicommander/CascadeProjects/toolcalc/scripts/seo/.venv/lib/python3.9/site-packages/urllib3/util/retry.py", line 490, in increment
2026-07-24T08:11:28:     raise reraise(type(error), error, _stacktrace)
2026-07-24T08:11:28:   File "/Users/aicommander/CascadeProjects/toolcalc/scripts/seo/.venv/lib/python3.9/site-packages/urllib3/util/util.py", line 39, in reraise
2026-07-24T08:11:28:     raise value
2026-07-24T08:11:28:   File "/Users/aicommander/CascadeProjects/toolcalc/scripts/seo/.venv/lib/python3.9/site-packages/urllib3/connectionpool.py", line 787, in urlopen
2026-07-24T08:11:28:     response = self._make_request(
2026-07-24T08:11:28:   File "/Users/aicommander/CascadeProjects/toolcalc/scripts/seo/.venv/lib/python3.9/site-packages/urllib3/connectionpool.py", line 536, in _make_request
2026-07-24T08:11:28:     self._raise_timeout(err=e, url=url, timeout_value=read_timeout)
2026-07-24T08:11:28:   File "/Users/aicommander/CascadeProjects/toolcalc/scripts/seo/.venv/lib/python3.9/site-packages/urllib3/connectionpool.py", line 367, in _raise_timeout
2026-07-24T08:11:28:     raise ReadTimeoutError(
2026-07-24T08:11:28: urllib3.exceptions.ReadTimeoutError: HTTPSConnectionPool(host='api.telegram.org', port=443): Read timed out. (read timeout=25)
2026-07-24T08:11:28: 
2026-07-24T08:11:28: During handling of the above exception, another exception occurred:
2026-07-24T08:11:28: 
2026-07-24T08:11:28: Traceback (most recent call last):
2026-07-24T08:11:28:   File "/Users/aicommander/CascadeProjects/toolcalc/scripts/seo/.venv/lib/python3.9/site-packages/telebot/__init__.py", line 1110, in infinity_polling
2026-07-24T08:11:28:     self.polling(non_stop=True, timeout=timeout, long_polling_timeout=long_polling_timeout,
2026-07-24T08:11:28:   File "/Users/aicommander/CascadeProjects/toolcalc/scripts/seo/.venv/lib/python3.9/site-packages/telebot/__init__.py", line 1198, in polling
2026-07-24T08:11:28:     self.__threaded_polling(non_stop=non_stop, interval=interval, timeout=timeout, long_polling_timeout=long_polling_timeout,
2026-07-24T08:11:28:   File "/Users/aicommander/CascadeProjects/toolcalc/scripts/seo/.venv/lib/python3.9/site-packages/telebot/__init__.py", line 1273, in __threaded_polling
2026-07-24T08:11:28:     raise e
2026-07-24T08:11:28:   File "/Users/aicommander/CascadeProjects/toolcalc/scripts/seo/.venv/lib/python3.9/site-packages/telebot/__init__.py", line 1234, in __threaded_polling
2026-07-24T08:11:28:     polling_thread.raise_exceptions()
2026-07-24T08:11:28:   File "/Users/aicommander/CascadeProjects/toolcalc/scripts/seo/.venv/lib/python3.9/site-packages/telebot/util.py", line 115, in raise_exceptions
2026-07-24T08:11:28:     raise self.exception_info
2026-07-24T08:11:28:   File "/Users/aicommander/CascadeProjects/toolcalc/scripts/seo/.venv/lib/python3.9/site-packages/telebot/util.py", line 97, in run
2026-07-24T08:11:28:     task(*args, **kwargs)
2026-07-24T08:11:28:   File "/Users/aicommander/CascadeProjects/toolcalc/scripts/seo/.venv/lib/python3.9/site-packages/telebot/__init__.py", line 688, in __retrieve_updates
2026-07-24T08:11:28:     updates = self.get_updates(offset=(self.last_update_id + 1),
2026-07-24T08:11:28:   File "/Users/aicommander/CascadeProjects/toolcalc/scripts/seo/.venv/lib/python3.9/site-packages/telebot/__init__.py", line 660, in get_updates
2026-07-24T08:11:28:     json_updates = apihelper.get_updates(
2026-07-24T08:11:28:   File "/Users/aicommander/CascadeProjects/toolcalc/scripts/seo/.venv/lib/python3.9/site-packages/telebot/apihelper.py", line 339, in get_updates
2026-07-24T08:11:28:     return _make_request(token, method_url, params=payload)
2026-07-24T08:11:28:   File "/Users/aicommander/CascadeProjects/toolcalc/scripts/seo/.venv/lib/python3.9/site-packages/telebot/apihelper.py", line 162, in _make_request
2026-07-24T08:11:28:     result = _get_req_session().request(
2026-07-24T08:11:28:   File "/Users/aicommander/CascadeProjects/toolcalc/scripts/seo/.venv/lib/python3.9/site-packages/requests/sessions.py", line 589, in request
2026-07-24T08:11:28:     resp = self.send(prep, **send_kwargs)
2026-07-24T08:11:28:   File "/Users/aicommander/CascadeProjects/toolcalc/scripts/seo/.venv/lib/python3.9/site-packages/requests/sessions.py", line 703, in send
2026-07-24T08:11:28:     r = adapter.send(request, **kwargs)
2026-07-24T08:11:28:   File "/Users/aicommander/CascadeProjects/toolcalc/scripts/seo/.venv/lib/python3.9/site-packages/requests/adapters.py", line 690, in send
2026-07-24T08:11:28:     raise ReadTimeout(e, request=request)
2026-07-24T08:11:28: requests.exceptions.ReadTimeout: HTTPSConnectionPool(host='api.telegram.org', port=443): Read timed out. (read timeout=25)
2026-07-24T08:11:28: "
2026-07-24T08:11:57: 2026-07-24 08:11:57,029 (__init__.py:1115 MainThread) ERROR - TeleBot: "Infinity polling exception: HTTPSConnectionPool(host='api.telegram.org', port=443): Read timed out. (read timeout=25)"
2026-07-24T08:11:57: 2026-07-24 08:11:57,030 (__init__.py:1117 MainThread) ERROR - TeleBot: "Exception traceback:
2026-07-24T08:11:57: Traceback (most recent call last):
2026-07-24T08:11:57:   File "/Users/aicommander/CascadeProjects/toolcalc/scripts/seo/.venv/lib/python3.9/site-packages/urllib3/connectionpool.py", line 534, in _make_request
2026-07-24T08:11:57:     response = conn.getresponse()
2026-07-24T08:11:57:   File "/Users/aicommander/CascadeProjects/toolcalc/scripts/seo/.venv/lib/python3.9/site-packages/urllib3/connection.py", line 571, in getresponse
2026-07-24T08:11:57:     httplib_response = super().getresponse()
2026-07-24T08:11:57:   File "/Library/Developer/CommandLineTools/Library/Frameworks/Python3.framework/Versions/3.9/lib/python3.9/http/client.py", line 1349, in getresponse
2026-07-24T08:11:57:     response.begin()
2026-07-24T08:11:57:   File "/Library/Developer/CommandLineTools/Library/Frameworks/Python3.framework/Versions/3.9/lib/python3.9/http/client.py", line 316, in begin
2026-07-24T08:11:57:     version, status, reason = self._read_status()
2026-07-24T08:11:57:   File "/Library/Developer/CommandLineTools/Library/Frameworks/Python3.framework/Versions/3.9/lib/python3.9/http/client.py", line 277, in _read_status
2026-07-24T08:11:57:     line = str(self.fp.readline(_MAXLINE + 1), "iso-8859-1")
2026-07-24T08:11:57:   File "/Library/Developer/CommandLineTools/Library/Frameworks/Python3.framework/Versions/3.9/lib/python3.9/socket.py", line 704, in readinto
2026-07-24T08:11:57:     return self._sock.recv_into(b)
2026-07-24T08:11:57:   File "/Library/Developer/CommandLineTools/Library/Frameworks/Python3.framework/Versions/3.9/lib/python3.9/ssl.py", line 1241, in recv_into
2026-07-24T08:11:57:     return self.read(nbytes, buffer)
2026-07-24T08:11:57:   File "/Library/Developer/CommandLineTools/Library/Frameworks/Python3.framework/Versions/3.9/lib/python3.9/ssl.py", line 1099, in read
2026-07-24T08:11:57:     return self._sslobj.read(len, buffer)
2026-07-24T08:11:57: socket.timeout: The read operation timed out
2026-07-24T08:11:57: 
2026-07-24T08:11:57: The above exception was the direct cause of the following exception:
2026-07-24T08:11:57: 
2026-07-24T08:11:57: Traceback (most recent call last):
2026-07-24T08:11:57:   File "/Users/aicommander/CascadeProjects/toolcalc/scripts/seo/.venv/lib/python3.9/site-packages/requests/adapters.py", line 644, in send
2026-07-24T08:11:57:     resp = conn.urlopen(
2026-07-24T08:11:57:   File "/Users/aicommander/CascadeProjects/toolcalc/scripts/seo/.venv/lib/python3.9/site-packages/urllib3/connectionpool.py", line 841, in urlopen
2026-07-24T08:11:57:     retries = retries.increment(
2026-07-24T08:11:57:   File "/Users/aicommander/CascadeProjects/toolcalc/scripts/seo/.venv/lib/python3.9/site-packages/urllib3/util/retry.py", line 490, in increment
2026-07-24T08:11:57:     raise reraise(type(error), error, _stacktrace)
2026-07-24T08:11:57:   File "/Users/aicommander/CascadeProjects/toolcalc/scripts/seo/.venv/lib/python3.9/site-packages/urllib3/util/util.py", line 39, in reraise
2026-07-24T08:11:57:     raise value
2026-07-24T08:11:57:   File "/Users/aicommander/CascadeProjects/toolcalc/scripts/seo/.venv/lib/python3.9/site-packages/urllib3/connectionpool.py", line 787, in urlopen
2026-07-24T08:11:57:     response = self._make_request(
2026-07-24T08:11:57:   File "/Users/aicommander/CascadeProjects/toolcalc/scripts/seo/.venv/lib/python3.9/site-packages/urllib3/connectionpool.py", line 536, in _make_request
2026-07-24T08:11:57:     self._raise_timeout(err=e, url=url, timeout_value=read_timeout)
2026-07-24T08:11:57:   File "/Users/aicommander/CascadeProjects/toolcalc/scripts/seo/.venv/lib/python3.9/site-packages/urllib3/connectionpool.py", line 367, in _raise_timeout
2026-07-24T08:11:57:     raise ReadTimeoutError(
2026-07-24T08:11:57: urllib3.exceptions.ReadTimeoutError: HTTPSConnectionPool(host='api.telegram.org', port=443): Read timed out. (read timeout=25)
2026-07-24T08:11:57: 
2026-07-24T08:11:57: During handling of the above exception, another exception occurred:
2026-07-24T08:11:57: 
2026-07-24T08:11:57: Traceback (most recent call last):
2026-07-24T08:11:57:   File "/Users/aicommander/CascadeProjects/toolcalc/scripts/seo/.venv/lib/python3.9/site-packages/telebot/__init__.py", line 1110, in infinity_polling
2026-07-24T08:11:57:     self.polling(non_stop=True, timeout=timeout, long_polling_timeout=long_polling_timeout,
2026-07-24T08:11:57:   File "/Users/aicommander/CascadeProjects/toolcalc/scripts/seo/.venv/lib/python3.9/site-packages/telebot/__init__.py", line 1198, in polling
2026-07-24T08:11:57:     self.__threaded_polling(non_stop=non_stop, interval=interval, timeout=timeout, long_polling_timeout=long_polling_timeout,
2026-07-24T08:11:57:   File "/Users/aicommander/CascadeProjects/toolcalc/scripts/seo/.venv/lib/python3.9/site-packages/telebot/__init__.py", line 1273, in __threaded_polling
2026-07-24T08:11:57:     raise e
2026-07-24T08:11:57:   File "/Users/aicommander/CascadeProjects/toolcalc/scripts/seo/.venv/lib/python3.9/site-packages/telebot/__init__.py", line 1234, in __threaded_polling
2026-07-24T08:11:57:     polling_thread.raise_exceptions()
2026-07-24T08:11:57:   File "/Users/aicommander/CascadeProjects/toolcalc/scripts/seo/.venv/lib/python3.9/site-packages/telebot/util.py", line 115, in raise_exceptions
2026-07-24T08:11:57:     raise self.exception_info
2026-07-24T08:11:57:   File "/Users/aicommander/CascadeProjects/toolcalc/scripts/seo/.venv/lib/python3.9/site-packages/telebot/util.py", line 97, in run
2026-07-24T08:11:57:     task(*args, **kwargs)
2026-07-24T08:11:57:   File "/Users/aicommander/CascadeProjects/toolcalc/scripts/seo/.venv/lib/python3.9/site-packages/telebot/__init__.py", line 688, in __retrieve_updates
2026-07-24T08:11:57:     updates = self.get_updates(offset=(self.last_update_id + 1),
2026-07-24T08:11:57:   File "/Users/aicommander/CascadeProjects/toolcalc/scripts/seo/.venv/lib/python3.9/site-packages/telebot/__init__.py", line 660, in get_updates
2026-07-24T08:11:57:     json_updates = apihelper.get_updates(
2026-07-24T08:11:57:   File "/Users/aicommander/CascadeProjects/toolcalc/scripts/seo/.venv/lib/python3.9/site-packages/telebot/apihelper.py", line 339, in get_updates
2026-07-24T08:11:57:     return _make_request(token, method_url, params=payload)
2026-07-24T08:11:57:   File "/Users/aicommander/CascadeProjects/toolcalc/scripts/seo/.venv/lib/python3.9/site-packages/telebot/apihelper.py", line 162, in _make_request
2026-07-24T08:11:57:     result = _get_req_session().request(
2026-07-24T08:11:57:   File "/Users/aicommander/CascadeProjects/toolcalc/scripts/seo/.venv/lib/python3.9/site-packages/requests/sessions.py", line 589, in request
2026-07-24T08:11:57:     resp = self.send(prep, **send_kwargs)
2026-07-24T08:11:57:   File "/Users/aicommander/CascadeProjects/toolcalc/scripts/seo/.venv/lib/python3.9/site-packages/requests/sessions.py", line 703, in send
2026-07-24T08:11:57:     r = adapter.send(request, **kwargs)
2026-07-24T08:11:57:   File "/Users/aicommander/CascadeProjects/toolcalc/scripts/seo/.venv/lib/python3.9/site-packages/requests/adapters.py", line 690, in send
2026-07-24T08:11:57:     raise ReadTimeout(e, request=request)
2026-07-24T08:11:57: requests.exceptions.ReadTimeout: HTTPSConnectionPool(host='api.telegram.org', port=443): Read timed out. (read timeout=25)
2026-07-24T08:11:57: "
2026-07-24T09:25:51: 2026-07-24 09:25:51,101 (__init__.py:1115 MainThread) ERROR - TeleBot: "Infinity polling exception: HTTPSConnectionPool(host='api.telegram.org', port=443): Read timed out. (read timeout=25)"
2026-07-24T09:25:51: 2026-07-24 09:25:51,102 (__init__.py:1117 MainThread) ERROR - TeleBot: "Exception traceback:
2026-07-24T09:25:51: Traceback (most recent call last):
2026-07-24T09:25:51:   File "/Users/aicommander/CascadeProjects/toolcalc/scripts/seo/.venv/lib/python3.9/site-packages/urllib3/connectionpool.py", line 534, in _make_request
2026-07-24T09:25:51:     response = conn.getresponse()
2026-07-24T09:25:51:   File "/Users/aicommander/CascadeProjects/toolcalc/scripts/seo/.venv/lib/python3.9/site-packages/urllib3/connection.py", line 571, in getresponse
2026-07-24T09:25:51:     httplib_response = super().getresponse()
2026-07-24T09:25:51:   File "/Library/Developer/CommandLineTools/Library/Frameworks/Python3.framework/Versions/3.9/lib/python3.9/http/client.py", line 1349, in getresponse
2026-07-24T09:25:51:     response.begin()
2026-07-24T09:25:51:   File "/Library/Developer/CommandLineTools/Library/Frameworks/Python3.framework/Versions/3.9/lib/python3.9/http/client.py", line 316, in begin
2026-07-24T09:25:51:     version, status, reason = self._read_status()
2026-07-24T09:25:51:   File "/Library/Developer/CommandLineTools/Library/Frameworks/Python3.framework/Versions/3.9/lib/python3.9/http/client.py", line 277, in _read_status
2026-07-24T09:25:51:     line = str(self.fp.readline(_MAXLINE + 1), "iso-8859-1")
2026-07-24T09:25:51:   File "/Library/Developer/CommandLineTools/Library/Frameworks/Python3.framework/Versions/3.9/lib/python3.9/socket.py", line 704, in readinto
2026-07-24T09:25:51:     return self._sock.recv_into(b)
2026-07-24T09:25:51:   File "/Library/Developer/CommandLineTools/Library/Frameworks/Python3.framework/Versions/3.9/lib/python3.9/ssl.py", line 1241, in recv_into
2026-07-24T09:25:51:     return self.read(nbytes, buffer)
2026-07-24T09:25:51:   File "/Library/Developer/CommandLineTools/Library/Frameworks/Python3.framework/Versions/3.9/lib/python3.9/ssl.py", line 1099, in read
2026-07-24T09:25:51:     return self._sslobj.read(len, buffer)
2026-07-24T09:25:51: socket.timeout: The read operation timed out
2026-07-24T09:25:51: 
2026-07-24T09:25:51: The above exception was the direct cause of the following exception:
2026-07-24T09:25:51: 
2026-07-24T09:25:51: Traceback (most recent call last):
2026-07-24T09:25:51:   File "/Users/aicommander/CascadeProjects/toolcalc/scripts/seo/.venv/lib/python3.9/site-packages/requests/adapters.py", line 644, in send
2026-07-24T09:25:51:     resp = conn.urlopen(
2026-07-24T09:25:51:   File "/Users/aicommander/CascadeProjects/toolcalc/scripts/seo/.venv/lib/python3.9/site-packages/urllib3/connectionpool.py", line 841, in urlopen
2026-07-24T09:25:51:     retries = retries.increment(
2026-07-24T09:25:51:   File "/Users/aicommander/CascadeProjects/toolcalc/scripts/seo/.venv/lib/python3.9/site-packages/urllib3/util/retry.py", line 490, in increment
2026-07-24T09:25:51:     raise reraise(type(error), error, _stacktrace)
2026-07-24T09:25:51:   File "/Users/aicommander/CascadeProjects/toolcalc/scripts/seo/.venv/lib/python3.9/site-packages/urllib3/util/util.py", line 39, in reraise
2026-07-24T09:25:51:     raise value
2026-07-24T09:25:51:   File "/Users/aicommander/CascadeProjects/toolcalc/scripts/seo/.venv/lib/python3.9/site-packages/urllib3/connectionpool.py", line 787, in urlopen
2026-07-24T09:25:51:     response = self._make_request(
2026-07-24T09:25:51:   File "/Users/aicommander/CascadeProjects/toolcalc/scripts/seo/.venv/lib/python3.9/site-packages/urllib3/connectionpool.py", line 536, in _make_request
2026-07-24T09:25:51:     self._raise_timeout(err=e, url=url, timeout_value=read_timeout)
2026-07-24T09:25:51:   File "/Users/aicommander/CascadeProjects/toolcalc/scripts/seo/.venv/lib/python3.9/site-packages/urllib3/connectionpool.py", line 367, in _raise_timeout
2026-07-24T09:25:51:     raise ReadTimeoutError(
2026-07-24T09:25:51: urllib3.exceptions.ReadTimeoutError: HTTPSConnectionPool(host='api.telegram.org', port=443): Read timed out. (read timeout=25)
2026-07-24T09:25:51: 
2026-07-24T09:25:51: During handling of the above exception, another exception occurred:
2026-07-24T09:25:51: 
2026-07-24T09:25:51: Traceback (most recent call last):
2026-07-24T09:25:51:   File "/Users/aicommander/CascadeProjects/toolcalc/scripts/seo/.venv/lib/python3.9/site-packages/telebot/__init__.py", line 1110, in infinity_polling
2026-07-24T09:25:51:     self.polling(non_stop=True, timeout=timeout, long_polling_timeout=long_polling_timeout,
2026-07-24T09:25:51:   File "/Users/aicommander/CascadeProjects/toolcalc/scripts/seo/.venv/lib/python3.9/site-packages/telebot/__init__.py", line 1198, in polling
2026-07-24T09:25:51:     self.__threaded_polling(non_stop=non_stop, interval=interval, timeout=timeout, long_polling_timeout=long_polling_timeout,
2026-07-24T09:25:51:   File "/Users/aicommander/CascadeProjects/toolcalc/scripts/seo/.venv/lib/python3.9/site-packages/telebot/__init__.py", line 1273, in __threaded_polling
2026-07-24T09:25:51:     raise e
2026-07-24T09:25:51:   File "/Users/aicommander/CascadeProjects/toolcalc/scripts/seo/.venv/lib/python3.9/site-packages/telebot/__init__.py", line 1234, in __threaded_polling
2026-07-24T09:25:51:     polling_thread.raise_exceptions()
2026-07-24T09:25:51:   File "/Users/aicommander/CascadeProjects/toolcalc/scripts/seo/.venv/lib/python3.9/site-packages/telebot/util.py", line 115, in raise_exceptions
2026-07-24T09:25:51:     raise self.exception_info
2026-07-24T09:25:51:   File "/Users/aicommander/CascadeProjects/toolcalc/scripts/seo/.venv/lib/python3.9/site-packages/telebot/util.py", line 97, in run
2026-07-24T09:25:51:     task(*args, **kwargs)
2026-07-24T09:25:51:   File "/Users/aicommander/CascadeProjects/toolcalc/scripts/seo/.venv/lib/python3.9/site-packages/telebot/__init__.py", line 688, in __retrieve_updates
2026-07-24T09:25:51:     updates = self.get_updates(offset=(self.last_update_id + 1),
2026-07-24T09:25:51:   File "/Users/aicommander/CascadeProjects/toolcalc/scripts/seo/.venv/lib/python3.9/site-packages/telebot/__init__.py", line 660, in get_updates
2026-07-24T09:25:51:     json_updates = apihelper.get_updates(
2026-07-24T09:25:51:   File "/Users/aicommander/CascadeProjects/toolcalc/scripts/seo/.venv/lib/python3.9/site-packages/telebot/apihelper.py", line 339, in get_updates
2026-07-24T09:25:51:     return _make_request(token, method_url, params=payload)
2026-07-24T09:25:51:   File "/Users/aicommander/CascadeProjects/toolcalc/scripts/seo/.venv/lib/python3.9/site-packages/telebot/apihelper.py", line 162, in _make_request
2026-07-24T09:25:51:     result = _get_req_session().request(
2026-07-24T09:25:51:   File "/Users/aicommander/CascadeProjects/toolcalc/scripts/seo/.venv/lib/python3.9/site-packages/requests/sessions.py", line 589, in request
2026-07-24T09:25:51:     resp = self.send(prep, **send_kwargs)
2026-07-24T09:25:51:   File "/Users/aicommander/CascadeProjects/toolcalc/scripts/seo/.venv/lib/python3.9/site-packages/requests/sessions.py", line 703, in send
2026-07-24T09:25:51:     r = adapter.send(request, **kwargs)
2026-07-24T09:25:51:   File "/Users/aicommander/CascadeProjects/toolcalc/scripts/seo/.venv/lib/python3.9/site-packages/requests/adapters.py", line 690, in send
2026-07-24T09:25:51:     raise ReadTimeout(e, request=request)
2026-07-24T09:25:51: requests.exceptions.ReadTimeout: HTTPSConnectionPool(host='api.telegram.org', port=443): Read timed out. (read timeout=25)
2026-07-24T09:25:51: "
2026-07-25T03:01:10: 2026-07-25 03:01:10,373 (__init__.py:1115 MainThread) ERROR - TeleBot: "Infinity polling exception: HTTPSConnectionPool(host='api.telegram.org', port=443): Read timed out. (read timeout=25)"
2026-07-25T03:01:10: 2026-07-25 03:01:10,374 (__init__.py:1117 MainThread) ERROR - TeleBot: "Exception traceback:
2026-07-25T03:01:10: Traceback (most recent call last):
2026-07-25T03:01:10:   File "/Users/aicommander/CascadeProjects/toolcalc/scripts/seo/.venv/lib/python3.9/site-packages/urllib3/connectionpool.py", line 534, in _make_request
2026-07-25T03:01:10:     response = conn.getresponse()
2026-07-25T03:01:10:   File "/Users/aicommander/CascadeProjects/toolcalc/scripts/seo/.venv/lib/python3.9/site-packages/urllib3/connection.py", line 571, in getresponse
2026-07-25T03:01:10:     httplib_response = super().getresponse()
2026-07-25T03:01:10:   File "/Library/Developer/CommandLineTools/Library/Frameworks/Python3.framework/Versions/3.9/lib/python3.9/http/client.py", line 1349, in getresponse
2026-07-25T03:01:10:     response.begin()
2026-07-25T03:01:10:   File "/Library/Developer/CommandLineTools/Library/Frameworks/Python3.framework/Versions/3.9/lib/python3.9/http/client.py", line 316, in begin
2026-07-25T03:01:10:     version, status, reason = self._read_status()
2026-07-25T03:01:10:   File "/Library/Developer/CommandLineTools/Library/Frameworks/Python3.framework/Versions/3.9/lib/python3.9/http/client.py", line 277, in _read_status
2026-07-25T03:01:10:     line = str(self.fp.readline(_MAXLINE + 1), "iso-8859-1")
2026-07-25T03:01:10:   File "/Library/Developer/CommandLineTools/Library/Frameworks/Python3.framework/Versions/3.9/lib/python3.9/socket.py", line 704, in readinto
2026-07-25T03:01:10:     return self._sock.recv_into(b)
2026-07-25T03:01:10:   File "/Library/Developer/CommandLineTools/Library/Frameworks/Python3.framework/Versions/3.9/lib/python3.9/ssl.py", line 1241, in recv_into
2026-07-25T03:01:10:     return self.read(nbytes, buffer)
2026-07-25T03:01:10:   File "/Library/Developer/CommandLineTools/Library/Frameworks/Python3.framework/Versions/3.9/lib/python3.9/ssl.py", line 1099, in read
2026-07-25T03:01:10:     return self._sslobj.read(len, buffer)
2026-07-25T03:01:10: socket.timeout: The read operation timed out
2026-07-25T03:01:10: 
2026-07-25T03:01:10: The above exception was the direct cause of the following exception:
2026-07-25T03:01:10: 
2026-07-25T03:01:10: Traceback (most recent call last):
2026-07-25T03:01:10:   File "/Users/aicommander/CascadeProjects/toolcalc/scripts/seo/.venv/lib/python3.9/site-packages/requests/adapters.py", line 644, in send
2026-07-25T03:01:10:     resp = conn.urlopen(
2026-07-25T03:01:10:   File "/Users/aicommander/CascadeProjects/toolcalc/scripts/seo/.venv/lib/python3.9/site-packages/urllib3/connectionpool.py", line 841, in urlopen
2026-07-25T03:01:10:     retries = retries.increment(
2026-07-25T03:01:10:   File "/Users/aicommander/CascadeProjects/toolcalc/scripts/seo/.venv/lib/python3.9/site-packages/urllib3/util/retry.py", line 490, in increment
2026-07-25T03:01:10:     raise reraise(type(error), error, _stacktrace)
2026-07-25T03:01:10:   File "/Users/aicommander/CascadeProjects/toolcalc/scripts/seo/.venv/lib/python3.9/site-packages/urllib3/util/util.py", line 39, in reraise
2026-07-25T03:01:10:     raise value
2026-07-25T03:01:10:   File "/Users/aicommander/CascadeProjects/toolcalc/scripts/seo/.venv/lib/python3.9/site-packages/urllib3/connectionpool.py", line 787, in urlopen
2026-07-25T03:01:10:     response = self._make_request(
2026-07-25T03:01:10:   File "/Users/aicommander/CascadeProjects/toolcalc/scripts/seo/.venv/lib/python3.9/site-packages/urllib3/connectionpool.py", line 536, in _make_request
2026-07-25T03:01:10:     self._raise_timeout(err=e, url=url, timeout_value=read_timeout)
2026-07-25T03:01:10:   File "/Users/aicommander/CascadeProjects/toolcalc/scripts/seo/.venv/lib/python3.9/site-packages/urllib3/connectionpool.py", line 367, in _raise_timeout
2026-07-25T03:01:10:     raise ReadTimeoutError(
2026-07-25T03:01:10: urllib3.exceptions.ReadTimeoutError: HTTPSConnectionPool(host='api.telegram.org', port=443): Read timed out. (read timeout=25)
2026-07-25T03:01:10: 
2026-07-25T03:01:10: During handling of the above exception, another exception occurred:
2026-07-25T03:01:10: 
2026-07-25T03:01:10: Traceback (most recent call last):
2026-07-25T03:01:10:   File "/Users/aicommander/CascadeProjects/toolcalc/scripts/seo/.venv/lib/python3.9/site-packages/telebot/__init__.py", line 1110, in infinity_polling
2026-07-25T03:01:10:     self.polling(non_stop=True, timeout=timeout, long_polling_timeout=long_polling_timeout,
2026-07-25T03:01:10:   File "/Users/aicommander/CascadeProjects/toolcalc/scripts/seo/.venv/lib/python3.9/site-packages/telebot/__init__.py", line 1198, in polling
2026-07-25T03:01:10:     self.__threaded_polling(non_stop=non_stop, interval=interval, timeout=timeout, long_polling_timeout=long_polling_timeout,
2026-07-25T03:01:10:   File "/Users/aicommander/CascadeProjects/toolcalc/scripts/seo/.venv/lib/python3.9/site-packages/telebot/__init__.py", line 1273, in __threaded_polling
2026-07-25T03:01:10:     raise e
2026-07-25T03:01:10:   File "/Users/aicommander/CascadeProjects/toolcalc/scripts/seo/.venv/lib/python3.9/site-packages/telebot/__init__.py", line 1234, in __threaded_polling
2026-07-25T03:01:10:     polling_thread.raise_exceptions()
2026-07-25T03:01:10:   File "/Users/aicommander/CascadeProjects/toolcalc/scripts/seo/.venv/lib/python3.9/site-packages/telebot/util.py", line 115, in raise_exceptions
2026-07-25T03:01:10:     raise self.exception_info
2026-07-25T03:01:10:   File "/Users/aicommander/CascadeProjects/toolcalc/scripts/seo/.venv/lib/python3.9/site-packages/telebot/util.py", line 97, in run
2026-07-25T03:01:10:     task(*args, **kwargs)
2026-07-25T03:01:10:   File "/Users/aicommander/CascadeProjects/toolcalc/scripts/seo/.venv/lib/python3.9/site-packages/telebot/__init__.py", line 688, in __retrieve_updates
2026-07-25T03:01:10:     updates = self.get_updates(offset=(self.last_update_id + 1),
2026-07-25T03:01:10:   File "/Users/aicommander/CascadeProjects/toolcalc/scripts/seo/.venv/lib/python3.9/site-packages/telebot/__init__.py", line 660, in get_updates
2026-07-25T03:01:10:     json_updates = apihelper.get_updates(
2026-07-25T03:01:10:   File "/Users/aicommander/CascadeProjects/toolcalc/scripts/seo/.venv/lib/python3.9/site-packages/telebot/apihelper.py", line 339, in get_updates
2026-07-25T03:01:10:     return _make_request(token, method_url, params=payload)
2026-07-25T03:01:10:   File "/Users/aicommander/CascadeProjects/toolcalc/scripts/seo/.venv/lib/python3.9/site-packages/telebot/apihelper.py", line 162, in _make_request
2026-07-25T03:01:10:     result = _get_req_session().request(
2026-07-25T03:01:10:   File "/Users/aicommander/CascadeProjects/toolcalc/scripts/seo/.venv/lib/python3.9/site-packages/requests/sessions.py", line 589, in request
2026-07-25T03:01:10:     resp = self.send(prep, **send_kwargs)
2026-07-25T03:01:10:   File "/Users/aicommander/CascadeProjects/toolcalc/scripts/seo/.venv/lib/python3.9/site-packages/requests/sessions.py", line 703, in send
2026-07-25T03:01:10:     r = adapter.send(request, **kwargs)
2026-07-25T03:01:10:   File "/Users/aicommander/CascadeProjects/toolcalc/scripts/seo/.venv/lib/python3.9/site-packages/requests/adapters.py", line 690, in send
2026-07-25T03:01:10:     raise ReadTimeout(e, request=request)
2026-07-25T03:01:10: requests.exceptions.ReadTimeout: HTTPSConnectionPool(host='api.telegram.org', port=443): Read timed out. (read timeout=25)
2026-07-25T03:01:10: "
2026-07-25T03:01:33: 2026-07-25 03:01:33,488 (__init__.py:1115 MainThread) ERROR - TeleBot: "Infinity polling exception: HTTPSConnectionPool(host='api.telegram.org', port=443): Max retries exceeded with url: /bot8903604110:***********************************/getUpdates?offset=550404779&timeout=20 (Caused by ConnectTimeoutError(<HTTPSConnection(host='api.telegram.org', port=443) at 0x10ac8c2b0>, 'Connection to api.telegram.org timed out. (connect timeout=20)'))"
2026-07-25T03:01:33: 2026-07-25 03:01:33,489 (__init__.py:1117 MainThread) ERROR - TeleBot: "Exception traceback:
2026-07-25T03:01:33: Traceback (most recent call last):
2026-07-25T03:01:33:   File "/Users/aicommander/CascadeProjects/toolcalc/scripts/seo/.venv/lib/python3.9/site-packages/urllib3/connection.py", line 204, in _new_conn
2026-07-25T03:01:33:     sock = connection.create_connection(
2026-07-25T03:01:33:   File "/Users/aicommander/CascadeProjects/toolcalc/scripts/seo/.venv/lib/python3.9/site-packages/urllib3/util/connection.py", line 85, in create_connection
2026-07-25T03:01:33:     raise err
2026-07-25T03:01:33:   File "/Users/aicommander/CascadeProjects/toolcalc/scripts/seo/.venv/lib/python3.9/site-packages/urllib3/util/connection.py", line 73, in create_connection
2026-07-25T03:01:33:     sock.connect(sa)
2026-07-25T03:01:33: socket.timeout: timed out
2026-07-25T03:01:33: 
2026-07-25T03:01:33: The above exception was the direct cause of the following exception:
2026-07-25T03:01:33: 
2026-07-25T03:01:33: Traceback (most recent call last):
2026-07-25T03:01:33:   File "/Users/aicommander/CascadeProjects/toolcalc/scripts/seo/.venv/lib/python3.9/site-packages/urllib3/connectionpool.py", line 787, in urlopen
2026-07-25T03:01:33:     response = self._make_request(
2026-07-25T03:01:33:   File "/Users/aicommander/CascadeProjects/toolcalc/scripts/seo/.venv/lib/python3.9/site-packages/urllib3/connectionpool.py", line 488, in _make_request
2026-07-25T03:01:33:     raise new_e
2026-07-25T03:01:33:   File "/Users/aicommander/CascadeProjects/toolcalc/scripts/seo/.venv/lib/python3.9/site-packages/urllib3/connectionpool.py", line 464, in _make_request
2026-07-25T03:01:33:     self._validate_conn(conn)
2026-07-25T03:01:33:   File "/Users/aicommander/CascadeProjects/toolcalc/scripts/seo/.venv/lib/python3.9/site-packages/urllib3/connectionpool.py", line 1093, in _validate_conn
2026-07-25T03:01:33:     conn.connect()
2026-07-25T03:01:33:   File "/Users/aicommander/CascadeProjects/toolcalc/scripts/seo/.venv/lib/python3.9/site-packages/urllib3/connection.py", line 759, in connect
2026-07-25T03:01:33:     self.sock = sock = self._new_conn()
2026-07-25T03:01:33:   File "/Users/aicommander/CascadeProjects/toolcalc/scripts/seo/.venv/lib/python3.9/site-packages/urllib3/connection.py", line 213, in _new_conn
2026-07-25T03:01:33:     raise ConnectTimeoutError(
2026-07-25T03:01:33: urllib3.exceptions.ConnectTimeoutError: (<HTTPSConnection(host='api.telegram.org', port=443) at 0x10ac8c2b0>, 'Connection to api.telegram.org timed out. (connect timeout=20)')
2026-07-25T03:01:33: 
2026-07-25T03:01:33: The above exception was the direct cause of the following exception:
2026-07-25T03:01:33: 
2026-07-25T03:01:33: Traceback (most recent call last):
2026-07-25T03:01:33:   File "/Users/aicommander/CascadeProjects/toolcalc/scripts/seo/.venv/lib/python3.9/site-packages/requests/adapters.py", line 644, in send
2026-07-25T03:01:33:     resp = conn.urlopen(
2026-07-25T03:01:33:   File "/Users/aicommander/CascadeProjects/toolcalc/scripts/seo/.venv/lib/python3.9/site-packages/urllib3/connectionpool.py", line 841, in urlopen
2026-07-25T03:01:33:     retries = retries.increment(
2026-07-25T03:01:33:   File "/Users/aicommander/CascadeProjects/toolcalc/scripts/seo/.venv/lib/python3.9/site-packages/urllib3/util/retry.py", line 535, in increment
2026-07-25T03:01:33:     raise MaxRetryError(_pool, url, reason) from reason  # type: ignore[arg-type]
2026-07-25T03:01:33: urllib3.exceptions.MaxRetryError: HTTPSConnectionPool(host='api.telegram.org', port=443): Max retries exceeded with url: /bot8903604110:***********************************/getUpdates?offset=550404779&timeout=20 (Caused by ConnectTimeoutError(<HTTPSConnection(host='api.telegram.org', port=443) at 0x10ac8c2b0>, 'Connection to api.telegram.org timed out. (connect timeout=20)'))
2026-07-25T03:01:33: 
2026-07-25T03:01:33: During handling of the above exception, another exception occurred:
2026-07-25T03:01:33: 
2026-07-25T03:01:33: Traceback (most recent call last):
2026-07-25T03:01:33:   File "/Users/aicommander/CascadeProjects/toolcalc/scripts/seo/.venv/lib/python3.9/site-packages/telebot/__init__.py", line 1110, in infinity_polling
2026-07-25T03:01:33:     self.polling(non_stop=True, timeout=timeout, long_polling_timeout=long_polling_timeout,
2026-07-25T03:01:33:   File "/Users/aicommander/CascadeProjects/toolcalc/scripts/seo/.venv/lib/python3.9/site-packages/telebot/__init__.py", line 1198, in polling
2026-07-25T03:01:33:     self.__threaded_polling(non_stop=non_stop, interval=interval, timeout=timeout, long_polling_timeout=long_polling_timeout,
2026-07-25T03:01:33:   File "/Users/aicommander/CascadeProjects/toolcalc/scripts/seo/.venv/lib/python3.9/site-packages/telebot/__init__.py", line 1273, in __threaded_polling
2026-07-25T03:01:33:     raise e
2026-07-25T03:01:33:   File "/Users/aicommander/CascadeProjects/toolcalc/scripts/seo/.venv/lib/python3.9/site-packages/telebot/__init__.py", line 1234, in __threaded_polling
2026-07-25T03:01:33:     polling_thread.raise_exceptions()
2026-07-25T03:01:33:   File "/Users/aicommander/CascadeProjects/toolcalc/scripts/seo/.venv/lib/python3.9/site-packages/telebot/util.py", line 115, in raise_exceptions
2026-07-25T03:01:33:     raise self.exception_info
2026-07-25T03:01:33:   File "/Users/aicommander/CascadeProjects/toolcalc/scripts/seo/.venv/lib/python3.9/site-packages/telebot/util.py", line 97, in run
2026-07-25T03:01:33:     task(*args, **kwargs)
2026-07-25T03:01:33:   File "/Users/aicommander/CascadeProjects/toolcalc/scripts/seo/.venv/lib/python3.9/site-packages/telebot/__init__.py", line 688, in __retrieve_updates
2026-07-25T03:01:33:     updates = self.get_updates(offset=(self.last_update_id + 1),
2026-07-25T03:01:33:   File "/Users/aicommander/CascadeProjects/toolcalc/scripts/seo/.venv/lib/python3.9/site-packages/telebot/__init__.py", line 660, in get_updates
2026-07-25T03:01:33:     json_updates = apihelper.get_updates(
2026-07-25T03:01:33:   File "/Users/aicommander/CascadeProjects/toolcalc/scripts/seo/.venv/lib/python3.9/site-packages/telebot/apihelper.py", line 339, in get_updates
2026-07-25T03:01:33:     return _make_request(token, method_url, params=payload)
2026-07-25T03:01:33:   File "/Users/aicommander/CascadeProjects/toolcalc/scripts/seo/.venv/lib/python3.9/site-packages/telebot/apihelper.py", line 162, in _make_request
2026-07-25T03:01:33:     result = _get_req_session().request(
2026-07-25T03:01:33:   File "/Users/aicommander/CascadeProjects/toolcalc/scripts/seo/.venv/lib/python3.9/site-packages/requests/sessions.py", line 589, in request
2026-07-25T03:01:33:     resp = self.send(prep, **send_kwargs)
2026-07-25T03:01:33:   File "/Users/aicommander/CascadeProjects/toolcalc/scripts/seo/.venv/lib/python3.9/site-packages/requests/sessions.py", line 703, in send
2026-07-25T03:01:33:     r = adapter.send(request, **kwargs)
2026-07-25T03:01:33:   File "/Users/aicommander/CascadeProjects/toolcalc/scripts/seo/.venv/lib/python3.9/site-packages/requests/adapters.py", line 665, in send
2026-07-25T03:01:33:     raise ConnectTimeout(e, request=request)
2026-07-25T03:01:33: requests.exceptions.ConnectTimeout: HTTPSConnectionPool(host='api.telegram.org', port=443): Max retries exceeded with url: /bot8903604110:***********************************/getUpdates?offset=550404779&timeout=20 (Caused by ConnectTimeoutError(<HTTPSConnection(host='api.telegram.org', port=443) at 0x10ac8c2b0>, 'Connection to api.telegram.org timed out. (connect timeout=20)'))
2026-07-25T03:01:33: "
2026-07-25T03:01:36: 2026-07-25 03:01:36,652 (__init__.py:1115 MainThread) ERROR - TeleBot: "Infinity polling exception: HTTPSConnectionPool(host='api.telegram.org', port=443): Max retries exceeded with url: /bot8903604110:***********************************/getUpdates?offset=550404779&timeout=20 (Caused by NewConnectionError("HTTPSConnection(host='api.telegram.org', port=443): Failed to establish a new connection: [Errno 65] No route to host"))"
2026-07-25T03:01:36: 2026-07-25 03:01:36,652 (__init__.py:1117 MainThread) ERROR - TeleBot: "Exception traceback:
2026-07-25T03:01:36: Traceback (most recent call last):
2026-07-25T03:01:36:   File "/Users/aicommander/CascadeProjects/toolcalc/scripts/seo/.venv/lib/python3.9/site-packages/urllib3/connection.py", line 204, in _new_conn
2026-07-25T03:01:36:     sock = connection.create_connection(
2026-07-25T03:01:36:   File "/Users/aicommander/CascadeProjects/toolcalc/scripts/seo/.venv/lib/python3.9/site-packages/urllib3/util/connection.py", line 85, in create_connection
2026-07-25T03:01:36:     raise err
2026-07-25T03:01:36:   File "/Users/aicommander/CascadeProjects/toolcalc/scripts/seo/.venv/lib/python3.9/site-packages/urllib3/util/connection.py", line 73, in create_connection
2026-07-25T03:01:36:     sock.connect(sa)
2026-07-25T03:01:36: OSError: [Errno 65] No route to host
2026-07-25T03:01:36: 
2026-07-25T03:01:36: The above exception was the direct cause of the following exception:
2026-07-25T03:01:36: 
2026-07-25T03:01:36: Traceback (most recent call last):
2026-07-25T03:01:36:   File "/Users/aicommander/CascadeProjects/toolcalc/scripts/seo/.venv/lib/python3.9/site-packages/urllib3/connectionpool.py", line 787, in urlopen
2026-07-25T03:01:36:     response = self._make_request(
2026-07-25T03:01:36:   File "/Users/aicommander/CascadeProjects/toolcalc/scripts/seo/.venv/lib/python3.9/site-packages/urllib3/connectionpool.py", line 488, in _make_request
2026-07-25T03:01:36:     raise new_e
2026-07-25T03:01:36:   File "/Users/aicommander/CascadeProjects/toolcalc/scripts/seo/.venv/lib/python3.9/site-packages/urllib3/connectionpool.py", line 464, in _make_request
2026-07-25T03:01:36:     self._validate_conn(conn)
2026-07-25T03:01:36:   File "/Users/aicommander/CascadeProjects/toolcalc/scripts/seo/.venv/lib/python3.9/site-packages/urllib3/connectionpool.py", line 1093, in _validate_conn
2026-07-25T03:01:36:     conn.connect()
2026-07-25T03:01:36:   File "/Users/aicommander/CascadeProjects/toolcalc/scripts/seo/.venv/lib/python3.9/site-packages/urllib3/connection.py", line 759, in connect
2026-07-25T03:01:36:     self.sock = sock = self._new_conn()
2026-07-25T03:01:36:   File "/Users/aicommander/CascadeProjects/toolcalc/scripts/seo/.venv/lib/python3.9/site-packages/urllib3/connection.py", line 219, in _new_conn
2026-07-25T03:01:36:     raise NewConnectionError(
2026-07-25T03:01:36: urllib3.exceptions.NewConnectionError: HTTPSConnection(host='api.telegram.org', port=443): Failed to establish a new connection: [Errno 65] No route to host
2026-07-25T03:01:36: 
2026-07-25T03:01:36: The above exception was the direct cause of the following exception:
2026-07-25T03:01:36: 
2026-07-25T03:01:36: Traceback (most recent call last):
2026-07-25T03:01:36:   File "/Users/aicommander/CascadeProjects/toolcalc/scripts/seo/.venv/lib/python3.9/site-packages/requests/adapters.py", line 644, in send
2026-07-25T03:01:36:     resp = conn.urlopen(
2026-07-25T03:01:36:   File "/Users/aicommander/CascadeProjects/toolcalc/scripts/seo/.venv/lib/python3.9/site-packages/urllib3/connectionpool.py", line 841, in urlopen
2026-07-25T03:01:36:     retries = retries.increment(
2026-07-25T03:01:36:   File "/Users/aicommander/CascadeProjects/toolcalc/scripts/seo/.venv/lib/python3.9/site-packages/urllib3/util/retry.py", line 535, in increment
2026-07-25T03:01:36:     raise MaxRetryError(_pool, url, reason) from reason  # type: ignore[arg-type]
2026-07-25T03:01:36: urllib3.exceptions.MaxRetryError: HTTPSConnectionPool(host='api.telegram.org', port=443): Max retries exceeded with url: /bot8903604110:***********************************/getUpdates?offset=550404779&timeout=20 (Caused by NewConnectionError("HTTPSConnection(host='api.telegram.org', port=443): Failed to establish a new connection: [Errno 65] No route to host"))
2026-07-25T03:01:36: 
2026-07-25T03:01:36: During handling of the above exception, another exception occurred:
2026-07-25T03:01:36: 
2026-07-25T03:01:36: Traceback (most recent call last):
2026-07-25T03:01:36:   File "/Users/aicommander/CascadeProjects/toolcalc/scripts/seo/.venv/lib/python3.9/site-packages/telebot/__init__.py", line 1110, in infinity_polling
2026-07-25T03:01:36:     self.polling(non_stop=True, timeout=timeout, long_polling_timeout=long_polling_timeout,
2026-07-25T03:01:36:   File "/Users/aicommander/CascadeProjects/toolcalc/scripts/seo/.venv/lib/python3.9/site-packages/telebot/__init__.py", line 1198, in polling
2026-07-25T03:01:36:     self.__threaded_polling(non_stop=non_stop, interval=interval, timeout=timeout, long_polling_timeout=long_polling_timeout,
2026-07-25T03:01:36:   File "/Users/aicommander/CascadeProjects/toolcalc/scripts/seo/.venv/lib/python3.9/site-packages/telebot/__init__.py", line 1273, in __threaded_polling
2026-07-25T03:01:36:     raise e
2026-07-25T03:01:36:   File "/Users/aicommander/CascadeProjects/toolcalc/scripts/seo/.venv/lib/python3.9/site-packages/telebot/__init__.py", line 1234, in __threaded_polling
2026-07-25T03:01:36:     polling_thread.raise_exceptions()
2026-07-25T03:01:36:   File "/Users/aicommander/CascadeProjects/toolcalc/scripts/seo/.venv/lib/python3.9/site-packages/telebot/util.py", line 115, in raise_exceptions
2026-07-25T03:01:36:     raise self.exception_info
2026-07-25T03:01:36:   File "/Users/aicommander/CascadeProjects/toolcalc/scripts/seo/.venv/lib/python3.9/site-packages/telebot/util.py", line 97, in run
2026-07-25T03:01:36:     task(*args, **kwargs)
2026-07-25T03:01:36:   File "/Users/aicommander/CascadeProjects/toolcalc/scripts/seo/.venv/lib/python3.9/site-packages/telebot/__init__.py", line 688, in __retrieve_updates
2026-07-25T03:01:36:     updates = self.get_updates(offset=(self.last_update_id + 1),
2026-07-25T03:01:36:   File "/Users/aicommander/CascadeProjects/toolcalc/scripts/seo/.venv/lib/python3.9/site-packages/telebot/__init__.py", line 660, in get_updates
2026-07-25T03:01:36:     json_updates = apihelper.get_updates(
2026-07-25T03:01:36:   File "/Users/aicommander/CascadeProjects/toolcalc/scripts/seo/.venv/lib/python3.9/site-packages/telebot/apihelper.py", line 339, in get_updates
2026-07-25T03:01:36:     return _make_request(token, method_url, params=payload)
2026-07-25T03:01:36:   File "/Users/aicommander/CascadeProjects/toolcalc/scripts/seo/.venv/lib/python3.9/site-packages/telebot/apihelper.py", line 162, in _make_request
2026-07-25T03:01:36:     result = _get_req_session().request(
2026-07-25T03:01:36:   File "/Users/aicommander/CascadeProjects/toolcalc/scripts/seo/.venv/lib/python3.9/site-packages/requests/sessions.py", line 589, in request
2026-07-25T03:01:36:     resp = self.send(prep, **send_kwargs)
2026-07-25T03:01:36:   File "/Users/aicommander/CascadeProjects/toolcalc/scripts/seo/.venv/lib/python3.9/site-packages/requests/sessions.py", line 703, in send
2026-07-25T03:01:36:     r = adapter.send(request, **kwargs)
2026-07-25T03:01:36:   File "/Users/aicommander/CascadeProjects/toolcalc/scripts/seo/.venv/lib/python3.9/site-packages/requests/adapters.py", line 677, in send
2026-07-25T03:01:36:     raise ConnectionError(e, request=request)
2026-07-25T03:01:36: requests.exceptions.ConnectionError: HTTPSConnectionPool(host='api.telegram.org', port=443): Max retries exceeded with url: /bot8903604110:***********************************/getUpdates?offset=550404779&timeout=20 (Caused by NewConnectionError("HTTPSConnection(host='api.telegram.org', port=443): Failed to establish a new connection: [Errno 65] No route to host"))
2026-07-25T03:01:36: "
2026-07-25T03:01:39: 2026-07-25 03:01:39,810 (__init__.py:1115 MainThread) ERROR - TeleBot: "Infinity polling exception: HTTPSConnectionPool(host='api.telegram.org', port=443): Max retries exceeded with url: /bot8903604110:***********************************/getUpdates?offset=550404779&timeout=20 (Caused by NewConnectionError("HTTPSConnection(host='api.telegram.org', port=443): Failed to establish a new connection: [Errno 65] No route to host"))"
2026-07-25T03:01:39: 2026-07-25 03:01:39,811 (__init__.py:1117 MainThread) ERROR - TeleBot: "Exception traceback:
2026-07-25T03:01:39: Traceback (most recent call last):
2026-07-25T03:01:39:   File "/Users/aicommander/CascadeProjects/toolcalc/scripts/seo/.venv/lib/python3.9/site-packages/urllib3/connection.py", line 204, in _new_conn
2026-07-25T03:01:39:     sock = connection.create_connection(
2026-07-25T03:01:39:   File "/Users/aicommander/CascadeProjects/toolcalc/scripts/seo/.venv/lib/python3.9/site-packages/urllib3/util/connection.py", line 85, in create_connection
2026-07-25T03:01:39:     raise err
2026-07-25T03:01:39:   File "/Users/aicommander/CascadeProjects/toolcalc/scripts/seo/.venv/lib/python3.9/site-packages/urllib3/util/connection.py", line 73, in create_connection
2026-07-25T03:01:39:     sock.connect(sa)
2026-07-25T03:01:39: OSError: [Errno 65] No route to host
2026-07-25T03:01:39: 
2026-07-25T03:01:39: The above exception was the direct cause of the following exception:
2026-07-25T03:01:39: 
2026-07-25T03:01:39: Traceback (most recent call last):
2026-07-25T03:01:39:   File "/Users/aicommander/CascadeProjects/toolcalc/scripts/seo/.venv/lib/python3.9/site-packages/urllib3/connectionpool.py", line 787, in urlopen
2026-07-25T03:01:39:     response = self._make_request(
2026-07-25T03:01:39:   File "/Users/aicommander/CascadeProjects/toolcalc/scripts/seo/.venv/lib/python3.9/site-packages/urllib3/connectionpool.py", line 488, in _make_request
2026-07-25T03:01:39:     raise new_e
2026-07-25T03:01:39:   File "/Users/aicommander/CascadeProjects/toolcalc/scripts/seo/.venv/lib/python3.9/site-packages/urllib3/connectionpool.py", line 464, in _make_request
2026-07-25T03:01:39:     self._validate_conn(conn)
2026-07-25T03:01:39:   File "/Users/aicommander/CascadeProjects/toolcalc/scripts/seo/.venv/lib/python3.9/site-packages/urllib3/connectionpool.py", line 1093, in _validate_conn
2026-07-25T03:01:39:     conn.connect()
2026-07-25T03:01:39:   File "/Users/aicommander/CascadeProjects/toolcalc/scripts/seo/.venv/lib/python3.9/site-packages/urllib3/connection.py", line 759, in connect
2026-07-25T03:01:39:     self.sock = sock = self._new_conn()
2026-07-25T03:01:39:   File "/Users/aicommander/CascadeProjects/toolcalc/scripts/seo/.venv/lib/python3.9/site-packages/urllib3/connection.py", line 219, in _new_conn
2026-07-25T03:01:39:     raise NewConnectionError(
2026-07-25T03:01:39: urllib3.exceptions.NewConnectionError: HTTPSConnection(host='api.telegram.org', port=443): Failed to establish a new connection: [Errno 65] No route to host
2026-07-25T03:01:39: 
2026-07-25T03:01:39: The above exception was the direct cause of the following exception:
2026-07-25T03:01:39: 
2026-07-25T03:01:39: Traceback (most recent call last):
2026-07-25T03:01:39:   File "/Users/aicommander/CascadeProjects/toolcalc/scripts/seo/.venv/lib/python3.9/site-packages/requests/adapters.py", line 644, in send
2026-07-25T03:01:39:     resp = conn.urlopen(
2026-07-25T03:01:39:   File "/Users/aicommander/CascadeProjects/toolcalc/scripts/seo/.venv/lib/python3.9/site-packages/urllib3/connectionpool.py", line 841, in urlopen
2026-07-25T03:01:39:     retries = retries.increment(
2026-07-25T03:01:39:   File "/Users/aicommander/CascadeProjects/toolcalc/scripts/seo/.venv/lib/python3.9/site-packages/urllib3/util/retry.py", line 535, in increment
2026-07-25T03:01:39:     raise MaxRetryError(_pool, url, reason) from reason  # type: ignore[arg-type]
2026-07-25T03:01:39: urllib3.exceptions.MaxRetryError: HTTPSConnectionPool(host='api.telegram.org', port=443): Max retries exceeded with url: /bot8903604110:***********************************/getUpdates?offset=550404779&timeout=20 (Caused by NewConnectionError("HTTPSConnection(host='api.telegram.org', port=443): Failed to establish a new connection: [Errno 65] No route to host"))
2026-07-25T03:01:39: 
2026-07-25T03:01:39: During handling of the above exception, another exception occurred:
2026-07-25T03:01:39: 
2026-07-25T03:01:39: Traceback (most recent call last):
2026-07-25T03:01:39:   File "/Users/aicommander/CascadeProjects/toolcalc/scripts/seo/.venv/lib/python3.9/site-packages/telebot/__init__.py", line 1110, in infinity_polling
2026-07-25T03:01:39:     self.polling(non_stop=True, timeout=timeout, long_polling_timeout=long_polling_timeout,
2026-07-25T03:01:39:   File "/Users/aicommander/CascadeProjects/toolcalc/scripts/seo/.venv/lib/python3.9/site-packages/telebot/__init__.py", line 1198, in polling
2026-07-25T03:01:39:     self.__threaded_polling(non_stop=non_stop, interval=interval, timeout=timeout, long_polling_timeout=long_polling_timeout,
2026-07-25T03:01:39:   File "/Users/aicommander/CascadeProjects/toolcalc/scripts/seo/.venv/lib/python3.9/site-packages/telebot/__init__.py", line 1273, in __threaded_polling
2026-07-25T03:01:39:     raise e
2026-07-25T03:01:39:   File "/Users/aicommander/CascadeProjects/toolcalc/scripts/seo/.venv/lib/python3.9/site-packages/telebot/__init__.py", line 1234, in __threaded_polling
2026-07-25T03:01:39:     polling_thread.raise_exceptions()
2026-07-25T03:01:39:   File "/Users/aicommander/CascadeProjects/toolcalc/scripts/seo/.venv/lib/python3.9/site-packages/telebot/util.py", line 115, in raise_exceptions
2026-07-25T03:01:39:     raise self.exception_info
2026-07-25T03:01:39:   File "/Users/aicommander/CascadeProjects/toolcalc/scripts/seo/.venv/lib/python3.9/site-packages/telebot/util.py", line 97, in run
2026-07-25T03:01:39:     task(*args, **kwargs)
2026-07-25T03:01:39:   File "/Users/aicommander/CascadeProjects/toolcalc/scripts/seo/.venv/lib/python3.9/site-packages/telebot/__init__.py", line 688, in __retrieve_updates
2026-07-25T03:01:39:     updates = self.get_updates(offset=(self.last_update_id + 1),
2026-07-25T03:01:39:   File "/Users/aicommander/CascadeProjects/toolcalc/scripts/seo/.venv/lib/python3.9/site-packages/telebot/__init__.py", line 660, in get_updates
2026-07-25T03:01:39:     json_updates = apihelper.get_updates(
2026-07-25T03:01:39:   File "/Users/aicommander/CascadeProjects/toolcalc/scripts/seo/.venv/lib/python3.9/site-packages/telebot/apihelper.py", line 339, in get_updates
2026-07-25T03:01:39:     return _make_request(token, method_url, params=payload)
2026-07-25T03:01:39:   File "/Users/aicommander/CascadeProjects/toolcalc/scripts/seo/.venv/lib/python3.9/site-packages/telebot/apihelper.py", line 162, in _make_request
2026-07-25T03:01:39:     result = _get_req_session().request(
2026-07-25T03:01:39:   File "/Users/aicommander/CascadeProjects/toolcalc/scripts/seo/.venv/lib/python3.9/site-packages/requests/sessions.py", line 589, in request
2026-07-25T03:01:39:     resp = self.send(prep, **send_kwargs)
2026-07-25T03:01:39:   File "/Users/aicommander/CascadeProjects/toolcalc/scripts/seo/.venv/lib/python3.9/site-packages/requests/sessions.py", line 703, in send
2026-07-25T03:01:39:     r = adapter.send(request, **kwargs)
2026-07-25T03:01:39:   File "/Users/aicommander/CascadeProjects/toolcalc/scripts/seo/.venv/lib/python3.9/site-packages/requests/adapters.py", line 677, in send
2026-07-25T03:01:39:     raise ConnectionError(e, request=request)
2026-07-25T03:01:39: requests.exceptions.ConnectionError: HTTPSConnectionPool(host='api.telegram.org', port=443): Max retries exceeded with url: /bot8903604110:***********************************/getUpdates?offset=550404779&timeout=20 (Caused by NewConnectionError("HTTPSConnection(host='api.telegram.org', port=443): Failed to establish a new connection: [Errno 65] No route to host"))
2026-07-25T03:01:39: "
2026-07-25T03:02:02: 2026-07-25 03:02:02,937 (__init__.py:1115 MainThread) ERROR - TeleBot: "Infinity polling exception: HTTPSConnectionPool(host='api.telegram.org', port=443): Max retries exceeded with url: /bot8903604110:***********************************/getUpdates?offset=550404779&timeout=20 (Caused by ConnectTimeoutError(<HTTPSConnection(host='api.telegram.org', port=443) at 0x10ac816a0>, 'Connection to api.telegram.org timed out. (connect timeout=20)'))"
2026-07-25T03:02:02: 2026-07-25 03:02:02,938 (__init__.py:1117 MainThread) ERROR - TeleBot: "Exception traceback:
2026-07-25T03:02:02: Traceback (most recent call last):
2026-07-25T03:02:02:   File "/Users/aicommander/CascadeProjects/toolcalc/scripts/seo/.venv/lib/python3.9/site-packages/urllib3/connection.py", line 204, in _new_conn
2026-07-25T03:02:02:     sock = connection.create_connection(
2026-07-25T03:02:02:   File "/Users/aicommander/CascadeProjects/toolcalc/scripts/seo/.venv/lib/python3.9/site-packages/urllib3/util/connection.py", line 85, in create_connection
2026-07-25T03:02:02:     raise err
2026-07-25T03:02:02:   File "/Users/aicommander/CascadeProjects/toolcalc/scripts/seo/.venv/lib/python3.9/site-packages/urllib3/util/connection.py", line 73, in create_connection
2026-07-25T03:02:02:     sock.connect(sa)
2026-07-25T03:02:02: socket.timeout: timed out
2026-07-25T03:02:02: 
2026-07-25T03:02:02: The above exception was the direct cause of the following exception:
2026-07-25T03:02:02: 
2026-07-25T03:02:02: Traceback (most recent call last):
2026-07-25T03:02:02:   File "/Users/aicommander/CascadeProjects/toolcalc/scripts/seo/.venv/lib/python3.9/site-packages/urllib3/connectionpool.py", line 787, in urlopen
2026-07-25T03:02:02:     response = self._make_request(
2026-07-25T03:02:02:   File "/Users/aicommander/CascadeProjects/toolcalc/scripts/seo/.venv/lib/python3.9/site-packages/urllib3/connectionpool.py", line 488, in _make_request
2026-07-25T03:02:02:     raise new_e
2026-07-25T03:02:02:   File "/Users/aicommander/CascadeProjects/toolcalc/scripts/seo/.venv/lib/python3.9/site-packages/urllib3/connectionpool.py", line 464, in _make_request
2026-07-25T03:02:02:     self._validate_conn(conn)
2026-07-25T03:02:02:   File "/Users/aicommander/CascadeProjects/toolcalc/scripts/seo/.venv/lib/python3.9/site-packages/urllib3/connectionpool.py", line 1093, in _validate_conn
2026-07-25T03:02:02:     conn.connect()
2026-07-25T03:02:02:   File "/Users/aicommander/CascadeProjects/toolcalc/scripts/seo/.venv/lib/python3.9/site-packages/urllib3/connection.py", line 759, in connect
2026-07-25T03:02:02:     self.sock = sock = self._new_conn()
2026-07-25T03:02:02:   File "/Users/aicommander/CascadeProjects/toolcalc/scripts/seo/.venv/lib/python3.9/site-packages/urllib3/connection.py", line 213, in _new_conn
2026-07-25T03:02:02:     raise ConnectTimeoutError(
2026-07-25T03:02:02: urllib3.exceptions.ConnectTimeoutError: (<HTTPSConnection(host='api.telegram.org', port=443) at 0x10ac816a0>, 'Connection to api.telegram.org timed out. (connect timeout=20)')
2026-07-25T03:02:02: 
2026-07-25T03:02:02: The above exception was the direct cause of the following exception:
2026-07-25T03:02:02: 
2026-07-25T03:02:02: Traceback (most recent call last):
2026-07-25T03:02:02:   File "/Users/aicommander/CascadeProjects/toolcalc/scripts/seo/.venv/lib/python3.9/site-packages/requests/adapters.py", line 644, in send
2026-07-25T03:02:02:     resp = conn.urlopen(
2026-07-25T03:02:02:   File "/Users/aicommander/CascadeProjects/toolcalc/scripts/seo/.venv/lib/python3.9/site-packages/urllib3/connectionpool.py", line 841, in urlopen
2026-07-25T03:02:02:     retries = retries.increment(
2026-07-25T03:02:02:   File "/Users/aicommander/CascadeProjects/toolcalc/scripts/seo/.venv/lib/python3.9/site-packages/urllib3/util/retry.py", line 535, in increment
2026-07-25T03:02:02:     raise MaxRetryError(_pool, url, reason) from reason  # type: ignore[arg-type]
2026-07-25T03:02:02: urllib3.exceptions.MaxRetryError: HTTPSConnectionPool(host='api.telegram.org', port=443): Max retries exceeded with url: /bot8903604110:***********************************/getUpdates?offset=550404779&timeout=20 (Caused by ConnectTimeoutError(<HTTPSConnection(host='api.telegram.org', port=443) at 0x10ac816a0>, 'Connection to api.telegram.org timed out. (connect timeout=20)'))
2026-07-25T03:02:02: 
2026-07-25T03:02:02: During handling of the above exception, another exception occurred:
2026-07-25T03:02:02: 
2026-07-25T03:02:02: Traceback (most recent call last):
2026-07-25T03:02:02:   File "/Users/aicommander/CascadeProjects/toolcalc/scripts/seo/.venv/lib/python3.9/site-packages/telebot/__init__.py", line 1110, in infinity_polling
2026-07-25T03:02:02:     self.polling(non_stop=True, timeout=timeout, long_polling_timeout=long_polling_timeout,
2026-07-25T03:02:02:   File "/Users/aicommander/CascadeProjects/toolcalc/scripts/seo/.venv/lib/python3.9/site-packages/telebot/__init__.py", line 1198, in polling
2026-07-25T03:02:02:     self.__threaded_polling(non_stop=non_stop, interval=interval, timeout=timeout, long_polling_timeout=long_polling_timeout,
2026-07-25T03:02:02:   File "/Users/aicommander/CascadeProjects/toolcalc/scripts/seo/.venv/lib/python3.9/site-packages/telebot/__init__.py", line 1273, in __threaded_polling
2026-07-25T03:02:02:     raise e
2026-07-25T03:02:02:   File "/Users/aicommander/CascadeProjects/toolcalc/scripts/seo/.venv/lib/python3.9/site-packages/telebot/__init__.py", line 1234, in __threaded_polling
2026-07-25T03:02:02:     polling_thread.raise_exceptions()
2026-07-25T03:02:02:   File "/Users/aicommander/CascadeProjects/toolcalc/scripts/seo/.venv/lib/python3.9/site-packages/telebot/util.py", line 115, in raise_exceptions
2026-07-25T03:02:02:     raise self.exception_info
2026-07-25T03:02:02:   File "/Users/aicommander/CascadeProjects/toolcalc/scripts/seo/.venv/lib/python3.9/site-packages/telebot/util.py", line 97, in run
2026-07-25T03:02:02:     task(*args, **kwargs)
2026-07-25T03:02:02:   File "/Users/aicommander/CascadeProjects/toolcalc/scripts/seo/.venv/lib/python3.9/site-packages/telebot/__init__.py", line 688, in __retrieve_updates
2026-07-25T03:02:02:     updates = self.get_updates(offset=(self.last_update_id + 1),
2026-07-25T03:02:02:   File "/Users/aicommander/CascadeProjects/toolcalc/scripts/seo/.venv/lib/python3.9/site-packages/telebot/__init__.py", line 660, in get_updates
2026-07-25T03:02:02:     json_updates = apihelper.get_updates(
2026-07-25T03:02:02:   File "/Users/aicommander/CascadeProjects/toolcalc/scripts/seo/.venv/lib/python3.9/site-packages/telebot/apihelper.py", line 339, in get_updates
2026-07-25T03:02:02:     return _make_request(token, method_url, params=payload)
2026-07-25T03:02:02:   File "/Users/aicommander/CascadeProjects/toolcalc/scripts/seo/.venv/lib/python3.9/site-packages/telebot/apihelper.py", line 162, in _make_request
2026-07-25T03:02:02:     result = _get_req_session().request(
2026-07-25T03:02:02:   File "/Users/aicommander/CascadeProjects/toolcalc/scripts/seo/.venv/lib/python3.9/site-packages/requests/sessions.py", line 589, in request
2026-07-25T03:02:02:     resp = self.send(prep, **send_kwargs)
2026-07-25T03:02:02:   File "/Users/aicommander/CascadeProjects/toolcalc/scripts/seo/.venv/lib/python3.9/site-packages/requests/sessions.py", line 703, in send
2026-07-25T03:02:02:     r = adapter.send(request, **kwargs)
2026-07-25T03:02:02:   File "/Users/aicommander/CascadeProjects/toolcalc/scripts/seo/.venv/lib/python3.9/site-packages/requests/adapters.py", line 665, in send
2026-07-25T03:02:02:     raise ConnectTimeout(e, request=request)
2026-07-25T03:02:02: requests.exceptions.ConnectTimeout: HTTPSConnectionPool(host='api.telegram.org', port=443): Max retries exceeded with url: /bot8903604110:***********************************/getUpdates?offset=550404779&timeout=20 (Caused by ConnectTimeoutError(<HTTPSConnection(host='api.telegram.org', port=443) at 0x10ac816a0>, 'Connection to api.telegram.org timed out. (connect timeout=20)'))
2026-07-25T03:02:02: "
2026-07-26T03:01:02: 2026-07-26 03:01:02,700 (__init__.py:1115 MainThread) ERROR - TeleBot: "Infinity polling exception: HTTPSConnectionPool(host='api.telegram.org', port=443): Read timed out. (read timeout=25)"
2026-07-26T03:01:02: 2026-07-26 03:01:02,702 (__init__.py:1117 MainThread) ERROR - TeleBot: "Exception traceback:
2026-07-26T03:01:02: Traceback (most recent call last):
2026-07-26T03:01:02:   File "/Users/aicommander/CascadeProjects/toolcalc/scripts/seo/.venv/lib/python3.9/site-packages/urllib3/connectionpool.py", line 534, in _make_request
2026-07-26T03:01:02:     response = conn.getresponse()
2026-07-26T03:01:02:   File "/Users/aicommander/CascadeProjects/toolcalc/scripts/seo/.venv/lib/python3.9/site-packages/urllib3/connection.py", line 571, in getresponse
2026-07-26T03:01:02:     httplib_response = super().getresponse()
2026-07-26T03:01:02:   File "/Library/Developer/CommandLineTools/Library/Frameworks/Python3.framework/Versions/3.9/lib/python3.9/http/client.py", line 1349, in getresponse
2026-07-26T03:01:02:     response.begin()
2026-07-26T03:01:02:   File "/Library/Developer/CommandLineTools/Library/Frameworks/Python3.framework/Versions/3.9/lib/python3.9/http/client.py", line 316, in begin
2026-07-26T03:01:02:     version, status, reason = self._read_status()
2026-07-26T03:01:02:   File "/Library/Developer/CommandLineTools/Library/Frameworks/Python3.framework/Versions/3.9/lib/python3.9/http/client.py", line 277, in _read_status
2026-07-26T03:01:02:     line = str(self.fp.readline(_MAXLINE + 1), "iso-8859-1")
2026-07-26T03:01:02:   File "/Library/Developer/CommandLineTools/Library/Frameworks/Python3.framework/Versions/3.9/lib/python3.9/socket.py", line 704, in readinto
2026-07-26T03:01:02:     return self._sock.recv_into(b)
2026-07-26T03:01:02:   File "/Library/Developer/CommandLineTools/Library/Frameworks/Python3.framework/Versions/3.9/lib/python3.9/ssl.py", line 1241, in recv_into
2026-07-26T03:01:02:     return self.read(nbytes, buffer)
2026-07-26T03:01:02:   File "/Library/Developer/CommandLineTools/Library/Frameworks/Python3.framework/Versions/3.9/lib/python3.9/ssl.py", line 1099, in read
2026-07-26T03:01:02:     return self._sslobj.read(len, buffer)
2026-07-26T03:01:02: socket.timeout: The read operation timed out
2026-07-26T03:01:02: 
2026-07-26T03:01:02: The above exception was the direct cause of the following exception:
2026-07-26T03:01:02: 
2026-07-26T03:01:02: Traceback (most recent call last):
2026-07-26T03:01:02:   File "/Users/aicommander/CascadeProjects/toolcalc/scripts/seo/.venv/lib/python3.9/site-packages/requests/adapters.py", line 644, in send
2026-07-26T03:01:02:     resp = conn.urlopen(
2026-07-26T03:01:02:   File "/Users/aicommander/CascadeProjects/toolcalc/scripts/seo/.venv/lib/python3.9/site-packages/urllib3/connectionpool.py", line 841, in urlopen
2026-07-26T03:01:02:     retries = retries.increment(
2026-07-26T03:01:02:   File "/Users/aicommander/CascadeProjects/toolcalc/scripts/seo/.venv/lib/python3.9/site-packages/urllib3/util/retry.py", line 490, in increment
2026-07-26T03:01:02:     raise reraise(type(error), error, _stacktrace)
2026-07-26T03:01:02:   File "/Users/aicommander/CascadeProjects/toolcalc/scripts/seo/.venv/lib/python3.9/site-packages/urllib3/util/util.py", line 39, in reraise
2026-07-26T03:01:02:     raise value
2026-07-26T03:01:02:   File "/Users/aicommander/CascadeProjects/toolcalc/scripts/seo/.venv/lib/python3.9/site-packages/urllib3/connectionpool.py", line 787, in urlopen
2026-07-26T03:01:02:     response = self._make_request(
2026-07-26T03:01:02:   File "/Users/aicommander/CascadeProjects/toolcalc/scripts/seo/.venv/lib/python3.9/site-packages/urllib3/connectionpool.py", line 536, in _make_request
2026-07-26T03:01:02:     self._raise_timeout(err=e, url=url, timeout_value=read_timeout)
2026-07-26T03:01:02:   File "/Users/aicommander/CascadeProjects/toolcalc/scripts/seo/.venv/lib/python3.9/site-packages/urllib3/connectionpool.py", line 367, in _raise_timeout
2026-07-26T03:01:02:     raise ReadTimeoutError(
2026-07-26T03:01:02: urllib3.exceptions.ReadTimeoutError: HTTPSConnectionPool(host='api.telegram.org', port=443): Read timed out. (read timeout=25)
2026-07-26T03:01:02: 
2026-07-26T03:01:02: During handling of the above exception, another exception occurred:
2026-07-26T03:01:02: 
2026-07-26T03:01:02: Traceback (most recent call last):
2026-07-26T03:01:02:   File "/Users/aicommander/CascadeProjects/toolcalc/scripts/seo/.venv/lib/python3.9/site-packages/telebot/__init__.py", line 1110, in infinity_polling
2026-07-26T03:01:02:     self.polling(non_stop=True, timeout=timeout, long_polling_timeout=long_polling_timeout,
2026-07-26T03:01:02:   File "/Users/aicommander/CascadeProjects/toolcalc/scripts/seo/.venv/lib/python3.9/site-packages/telebot/__init__.py", line 1198, in polling
2026-07-26T03:01:02:     self.__threaded_polling(non_stop=non_stop, interval=interval, timeout=timeout, long_polling_timeout=long_polling_timeout,
2026-07-26T03:01:02:   File "/Users/aicommander/CascadeProjects/toolcalc/scripts/seo/.venv/lib/python3.9/site-packages/telebot/__init__.py", line 1273, in __threaded_polling
2026-07-26T03:01:02:     raise e
2026-07-26T03:01:02:   File "/Users/aicommander/CascadeProjects/toolcalc/scripts/seo/.venv/lib/python3.9/site-packages/telebot/__init__.py", line 1234, in __threaded_polling
2026-07-26T03:01:02:     polling_thread.raise_exceptions()
2026-07-26T03:01:02:   File "/Users/aicommander/CascadeProjects/toolcalc/scripts/seo/.venv/lib/python3.9/site-packages/telebot/util.py", line 115, in raise_exceptions
2026-07-26T03:01:02:     raise self.exception_info
2026-07-26T03:01:02:   File "/Users/aicommander/CascadeProjects/toolcalc/scripts/seo/.venv/lib/python3.9/site-packages/telebot/util.py", line 97, in run
2026-07-26T03:01:02:     task(*args, **kwargs)
2026-07-26T03:01:02:   File "/Users/aicommander/CascadeProjects/toolcalc/scripts/seo/.venv/lib/python3.9/site-packages/telebot/__init__.py", line 688, in __retrieve_updates
2026-07-26T03:01:02:     updates = self.get_updates(offset=(self.last_update_id + 1),
2026-07-26T03:01:02:   File "/Users/aicommander/CascadeProjects/toolcalc/scripts/seo/.venv/lib/python3.9/site-packages/telebot/__init__.py", line 660, in get_updates
2026-07-26T03:01:02:     json_updates = apihelper.get_updates(
2026-07-26T03:01:02:   File "/Users/aicommander/CascadeProjects/toolcalc/scripts/seo/.venv/lib/python3.9/site-packages/telebot/apihelper.py", line 339, in get_updates
2026-07-26T03:01:02:     return _make_request(token, method_url, params=payload)
2026-07-26T03:01:02:   File "/Users/aicommander/CascadeProjects/toolcalc/scripts/seo/.venv/lib/python3.9/site-packages/telebot/apihelper.py", line 162, in _make_request
2026-07-26T03:01:02:     result = _get_req_session().request(
2026-07-26T03:01:02:   File "/Users/aicommander/CascadeProjects/toolcalc/scripts/seo/.venv/lib/python3.9/site-packages/requests/sessions.py", line 589, in request
2026-07-26T03:01:02:     resp = self.send(prep, **send_kwargs)
2026-07-26T03:01:02:   File "/Users/aicommander/CascadeProjects/toolcalc/scripts/seo/.venv/lib/python3.9/site-packages/requests/sessions.py", line 703, in send
2026-07-26T03:01:02:     r = adapter.send(request, **kwargs)
2026-07-26T03:01:02:   File "/Users/aicommander/CascadeProjects/toolcalc/scripts/seo/.venv/lib/python3.9/site-packages/requests/adapters.py", line 690, in send
2026-07-26T03:01:02:     raise ReadTimeout(e, request=request)
2026-07-26T03:01:02: requests.exceptions.ReadTimeout: HTTPSConnectionPool(host='api.telegram.org', port=443): Read timed out. (read timeout=25)
2026-07-26T03:01:02: "
2026-07-26T03:01:25: 2026-07-26 03:01:25,790 (__init__.py:1115 MainThread) ERROR - TeleBot: "Infinity polling exception: HTTPSConnectionPool(host='api.telegram.org', port=443): Max retries exceeded with url: /bot8903604110:***********************************/getUpdates?offset=550404779&timeout=20 (Caused by ConnectTimeoutError(<HTTPSConnection(host='api.telegram.org', port=443) at 0x10ac96eb0>, 'Connection to api.telegram.org timed out. (connect timeout=20)'))"
2026-07-26T03:01:25: 2026-07-26 03:01:25,793 (__init__.py:1117 MainThread) ERROR - TeleBot: "Exception traceback:
2026-07-26T03:01:25: Traceback (most recent call last):
2026-07-26T03:01:25:   File "/Users/aicommander/CascadeProjects/toolcalc/scripts/seo/.venv/lib/python3.9/site-packages/urllib3/connection.py", line 204, in _new_conn
2026-07-26T03:01:25:     sock = connection.create_connection(
2026-07-26T03:01:25:   File "/Users/aicommander/CascadeProjects/toolcalc/scripts/seo/.venv/lib/python3.9/site-packages/urllib3/util/connection.py", line 85, in create_connection
2026-07-26T03:01:25:     raise err
2026-07-26T03:01:25:   File "/Users/aicommander/CascadeProjects/toolcalc/scripts/seo/.venv/lib/python3.9/site-packages/urllib3/util/connection.py", line 73, in create_connection
2026-07-26T03:01:25:     sock.connect(sa)
2026-07-26T03:01:25: socket.timeout: timed out
2026-07-26T03:01:25: 
2026-07-26T03:01:25: The above exception was the direct cause of the following exception:
2026-07-26T03:01:25: 
2026-07-26T03:01:25: Traceback (most recent call last):
2026-07-26T03:01:25:   File "/Users/aicommander/CascadeProjects/toolcalc/scripts/seo/.venv/lib/python3.9/site-packages/urllib3/connectionpool.py", line 787, in urlopen
2026-07-26T03:01:25:     response = self._make_request(
2026-07-26T03:01:25:   File "/Users/aicommander/CascadeProjects/toolcalc/scripts/seo/.venv/lib/python3.9/site-packages/urllib3/connectionpool.py", line 488, in _make_request
2026-07-26T03:01:25:     raise new_e
2026-07-26T03:01:25:   File "/Users/aicommander/CascadeProjects/toolcalc/scripts/seo/.venv/lib/python3.9/site-packages/urllib3/connectionpool.py", line 464, in _make_request
2026-07-26T03:01:25:     self._validate_conn(conn)
2026-07-26T03:01:25:   File "/Users/aicommander/CascadeProjects/toolcalc/scripts/seo/.venv/lib/python3.9/site-packages/urllib3/connectionpool.py", line 1093, in _validate_conn
2026-07-26T03:01:25:     conn.connect()
2026-07-26T03:01:25:   File "/Users/aicommander/CascadeProjects/toolcalc/scripts/seo/.venv/lib/python3.9/site-packages/urllib3/connection.py", line 759, in connect
2026-07-26T03:01:25:     self.sock = sock = self._new_conn()
2026-07-26T03:01:25:   File "/Users/aicommander/CascadeProjects/toolcalc/scripts/seo/.venv/lib/python3.9/site-packages/urllib3/connection.py", line 213, in _new_conn
2026-07-26T03:01:25:     raise ConnectTimeoutError(
2026-07-26T03:01:25: urllib3.exceptions.ConnectTimeoutError: (<HTTPSConnection(host='api.telegram.org', port=443) at 0x10ac96eb0>, 'Connection to api.telegram.org timed out. (connect timeout=20)')
2026-07-26T03:01:25: 
2026-07-26T03:01:25: The above exception was the direct cause of the following exception:
2026-07-26T03:01:25: 
2026-07-26T03:01:25: Traceback (most recent call last):
2026-07-26T03:01:25:   File "/Users/aicommander/CascadeProjects/toolcalc/scripts/seo/.venv/lib/python3.9/site-packages/requests/adapters.py", line 644, in send
2026-07-26T03:01:25:     resp = conn.urlopen(
2026-07-26T03:01:25:   File "/Users/aicommander/CascadeProjects/toolcalc/scripts/seo/.venv/lib/python3.9/site-packages/urllib3/connectionpool.py", line 841, in urlopen
2026-07-26T03:01:25:     retries = retries.increment(
2026-07-26T03:01:25:   File "/Users/aicommander/CascadeProjects/toolcalc/scripts/seo/.venv/lib/python3.9/site-packages/urllib3/util/retry.py", line 535, in increment
2026-07-26T03:01:25:     raise MaxRetryError(_pool, url, reason) from reason  # type: ignore[arg-type]
2026-07-26T03:01:25: urllib3.exceptions.MaxRetryError: HTTPSConnectionPool(host='api.telegram.org', port=443): Max retries exceeded with url: /bot8903604110:***********************************/getUpdates?offset=550404779&timeout=20 (Caused by ConnectTimeoutError(<HTTPSConnection(host='api.telegram.org', port=443) at 0x10ac96eb0>, 'Connection to api.telegram.org timed out. (connect timeout=20)'))
2026-07-26T03:01:25: 
2026-07-26T03:01:25: During handling of the above exception, another exception occurred:
2026-07-26T03:01:25: 
2026-07-26T03:01:25: Traceback (most recent call last):
2026-07-26T03:01:25:   File "/Users/aicommander/CascadeProjects/toolcalc/scripts/seo/.venv/lib/python3.9/site-packages/telebot/__init__.py", line 1110, in infinity_polling
2026-07-26T03:01:25:     self.polling(non_stop=True, timeout=timeout, long_polling_timeout=long_polling_timeout,
2026-07-26T03:01:25:   File "/Users/aicommander/CascadeProjects/toolcalc/scripts/seo/.venv/lib/python3.9/site-packages/telebot/__init__.py", line 1198, in polling
2026-07-26T03:01:25:     self.__threaded_polling(non_stop=non_stop, interval=interval, timeout=timeout, long_polling_timeout=long_polling_timeout,
2026-07-26T03:01:25:   File "/Users/aicommander/CascadeProjects/toolcalc/scripts/seo/.venv/lib/python3.9/site-packages/telebot/__init__.py", line 1273, in __threaded_polling
2026-07-26T03:01:25:     raise e
2026-07-26T03:01:25:   File "/Users/aicommander/CascadeProjects/toolcalc/scripts/seo/.venv/lib/python3.9/site-packages/telebot/__init__.py", line 1234, in __threaded_polling
2026-07-26T03:01:25:     polling_thread.raise_exceptions()
2026-07-26T03:01:25:   File "/Users/aicommander/CascadeProjects/toolcalc/scripts/seo/.venv/lib/python3.9/site-packages/telebot/util.py", line 115, in raise_exceptions
2026-07-26T03:01:25:     raise self.exception_info
2026-07-26T03:01:25:   File "/Users/aicommander/CascadeProjects/toolcalc/scripts/seo/.venv/lib/python3.9/site-packages/telebot/util.py", line 97, in run
2026-07-26T03:01:25:     task(*args, **kwargs)
2026-07-26T03:01:25:   File "/Users/aicommander/CascadeProjects/toolcalc/scripts/seo/.venv/lib/python3.9/site-packages/telebot/__init__.py", line 688, in __retrieve_updates
2026-07-26T03:01:25:     updates = self.get_updates(offset=(self.last_update_id + 1),
2026-07-26T03:01:25:   File "/Users/aicommander/CascadeProjects/toolcalc/scripts/seo/.venv/lib/python3.9/site-packages/telebot/__init__.py", line 660, in get_updates
2026-07-26T03:01:25:     json_updates = apihelper.get_updates(
2026-07-26T03:01:25:   File "/Users/aicommander/CascadeProjects/toolcalc/scripts/seo/.venv/lib/python3.9/site-packages/telebot/apihelper.py", line 339, in get_updates
2026-07-26T03:01:25:     return _make_request(token, method_url, params=payload)
2026-07-26T03:01:25:   File "/Users/aicommander/CascadeProjects/toolcalc/scripts/seo/.venv/lib/python3.9/site-packages/telebot/apihelper.py", line 162, in _make_request
2026-07-26T03:01:25:     result = _get_req_session().request(
2026-07-26T03:01:25:   File "/Users/aicommander/CascadeProjects/toolcalc/scripts/seo/.venv/lib/python3.9/site-packages/requests/sessions.py", line 589, in request
2026-07-26T03:01:25:     resp = self.send(prep, **send_kwargs)
2026-07-26T03:01:25:   File "/Users/aicommander/CascadeProjects/toolcalc/scripts/seo/.venv/lib/python3.9/site-packages/requests/sessions.py", line 703, in send
2026-07-26T03:01:25:     r = adapter.send(request, **kwargs)
2026-07-26T03:01:25:   File "/Users/aicommander/CascadeProjects/toolcalc/scripts/seo/.venv/lib/python3.9/site-packages/requests/adapters.py", line 665, in send
2026-07-26T03:01:25:     raise ConnectTimeout(e, request=request)
2026-07-26T03:01:25: requests.exceptions.ConnectTimeout: HTTPSConnectionPool(host='api.telegram.org', port=443): Max retries exceeded with url: /bot8903604110:***********************************/getUpdates?offset=550404779&timeout=20 (Caused by ConnectTimeoutError(<HTTPSConnection(host='api.telegram.org', port=443) at 0x10ac96eb0>, 'Connection to api.telegram.org timed out. (connect timeout=20)'))
2026-07-26T03:01:25: "
2026-07-26T03:01:48: 2026-07-26 03:01:48,950 (__init__.py:1115 MainThread) ERROR - TeleBot: "Infinity polling exception: HTTPSConnectionPool(host='api.telegram.org', port=443): Max retries exceeded with url: /bot8903604110:***********************************/getUpdates?offset=550404779&timeout=20 (Caused by ConnectTimeoutError(<HTTPSConnection(host='api.telegram.org', port=443) at 0x10ac79d60>, 'Connection to api.telegram.org timed out. (connect timeout=20)'))"
2026-07-26T03:01:48: 2026-07-26 03:01:48,951 (__init__.py:1117 MainThread) ERROR - TeleBot: "Exception traceback:
2026-07-26T03:01:48: Traceback (most recent call last):
2026-07-26T03:01:48:   File "/Users/aicommander/CascadeProjects/toolcalc/scripts/seo/.venv/lib/python3.9/site-packages/urllib3/connection.py", line 204, in _new_conn
2026-07-26T03:01:48:     sock = connection.create_connection(
2026-07-26T03:01:48:   File "/Users/aicommander/CascadeProjects/toolcalc/scripts/seo/.venv/lib/python3.9/site-packages/urllib3/util/connection.py", line 85, in create_connection
2026-07-26T03:01:48:     raise err
2026-07-26T03:01:48:   File "/Users/aicommander/CascadeProjects/toolcalc/scripts/seo/.venv/lib/python3.9/site-packages/urllib3/util/connection.py", line 73, in create_connection
2026-07-26T03:01:48:     sock.connect(sa)
2026-07-26T03:01:48: socket.timeout: timed out
2026-07-26T03:01:48: 
2026-07-26T03:01:48: The above exception was the direct cause of the following exception:
2026-07-26T03:01:48: 
2026-07-26T03:01:48: Traceback (most recent call last):
2026-07-26T03:01:48:   File "/Users/aicommander/CascadeProjects/toolcalc/scripts/seo/.venv/lib/python3.9/site-packages/urllib3/connectionpool.py", line 787, in urlopen
2026-07-26T03:01:48:     response = self._make_request(
2026-07-26T03:01:48:   File "/Users/aicommander/CascadeProjects/toolcalc/scripts/seo/.venv/lib/python3.9/site-packages/urllib3/connectionpool.py", line 488, in _make_request
2026-07-26T03:01:48:     raise new_e
2026-07-26T03:01:48:   File "/Users/aicommander/CascadeProjects/toolcalc/scripts/seo/.venv/lib/python3.9/site-packages/urllib3/connectionpool.py", line 464, in _make_request
2026-07-26T03:01:48:     self._validate_conn(conn)
2026-07-26T03:01:48:   File "/Users/aicommander/CascadeProjects/toolcalc/scripts/seo/.venv/lib/python3.9/site-packages/urllib3/connectionpool.py", line 1093, in _validate_conn
2026-07-26T03:01:48:     conn.connect()
2026-07-26T03:01:48:   File "/Users/aicommander/CascadeProjects/toolcalc/scripts/seo/.venv/lib/python3.9/site-packages/urllib3/connection.py", line 759, in connect
2026-07-26T03:01:48:     self.sock = sock = self._new_conn()
2026-07-26T03:01:48:   File "/Users/aicommander/CascadeProjects/toolcalc/scripts/seo/.venv/lib/python3.9/site-packages/urllib3/connection.py", line 213, in _new_conn
2026-07-26T03:01:48:     raise ConnectTimeoutError(
2026-07-26T03:01:48: urllib3.exceptions.ConnectTimeoutError: (<HTTPSConnection(host='api.telegram.org', port=443) at 0x10ac79d60>, 'Connection to api.telegram.org timed out. (connect timeout=20)')
2026-07-26T03:01:48: 
2026-07-26T03:01:48: The above exception was the direct cause of the following exception:
2026-07-26T03:01:48: 
2026-07-26T03:01:48: Traceback (most recent call last):
2026-07-26T03:01:48:   File "/Users/aicommander/CascadeProjects/toolcalc/scripts/seo/.venv/lib/python3.9/site-packages/requests/adapters.py", line 644, in send
2026-07-26T03:01:48:     resp = conn.urlopen(
2026-07-26T03:01:48:   File "/Users/aicommander/CascadeProjects/toolcalc/scripts/seo/.venv/lib/python3.9/site-packages/urllib3/connectionpool.py", line 841, in urlopen
2026-07-26T03:01:48:     retries = retries.increment(
2026-07-26T03:01:48:   File "/Users/aicommander/CascadeProjects/toolcalc/scripts/seo/.venv/lib/python3.9/site-packages/urllib3/util/retry.py", line 535, in increment
2026-07-26T03:01:48:     raise MaxRetryError(_pool, url, reason) from reason  # type: ignore[arg-type]
2026-07-26T03:01:48: urllib3.exceptions.MaxRetryError: HTTPSConnectionPool(host='api.telegram.org', port=443): Max retries exceeded with url: /bot8903604110:***********************************/getUpdates?offset=550404779&timeout=20 (Caused by ConnectTimeoutError(<HTTPSConnection(host='api.telegram.org', port=443) at 0x10ac79d60>, 'Connection to api.telegram.org timed out. (connect timeout=20)'))
2026-07-26T03:01:48: 
2026-07-26T03:01:48: During handling of the above exception, another exception occurred:
2026-07-26T03:01:48: 
2026-07-26T03:01:48: Traceback (most recent call last):
2026-07-26T03:01:48:   File "/Users/aicommander/CascadeProjects/toolcalc/scripts/seo/.venv/lib/python3.9/site-packages/telebot/__init__.py", line 1110, in infinity_polling
2026-07-26T03:01:48:     self.polling(non_stop=True, timeout=timeout, long_polling_timeout=long_polling_timeout,
2026-07-26T03:01:48:   File "/Users/aicommander/CascadeProjects/toolcalc/scripts/seo/.venv/lib/python3.9/site-packages/telebot/__init__.py", line 1198, in polling
2026-07-26T03:01:48:     self.__threaded_polling(non_stop=non_stop, interval=interval, timeout=timeout, long_polling_timeout=long_polling_timeout,
2026-07-26T03:01:48:   File "/Users/aicommander/CascadeProjects/toolcalc/scripts/seo/.venv/lib/python3.9/site-packages/telebot/__init__.py", line 1273, in __threaded_polling
2026-07-26T03:01:48:     raise e
2026-07-26T03:01:48:   File "/Users/aicommander/CascadeProjects/toolcalc/scripts/seo/.venv/lib/python3.9/site-packages/telebot/__init__.py", line 1234, in __threaded_polling
2026-07-26T03:01:48:     polling_thread.raise_exceptions()
2026-07-26T03:01:48:   File "/Users/aicommander/CascadeProjects/toolcalc/scripts/seo/.venv/lib/python3.9/site-packages/telebot/util.py", line 115, in raise_exceptions
2026-07-26T03:01:48:     raise self.exception_info
2026-07-26T03:01:48:   File "/Users/aicommander/CascadeProjects/toolcalc/scripts/seo/.venv/lib/python3.9/site-packages/telebot/util.py", line 97, in run
2026-07-26T03:01:48:     task(*args, **kwargs)
2026-07-26T03:01:48:   File "/Users/aicommander/CascadeProjects/toolcalc/scripts/seo/.venv/lib/python3.9/site-packages/telebot/__init__.py", line 688, in __retrieve_updates
2026-07-26T03:01:48:     updates = self.get_updates(offset=(self.last_update_id + 1),
2026-07-26T03:01:48:   File "/Users/aicommander/CascadeProjects/toolcalc/scripts/seo/.venv/lib/python3.9/site-packages/telebot/__init__.py", line 660, in get_updates
2026-07-26T03:01:48:     json_updates = apihelper.get_updates(
2026-07-26T03:01:48:   File "/Users/aicommander/CascadeProjects/toolcalc/scripts/seo/.venv/lib/python3.9/site-packages/telebot/apihelper.py", line 339, in get_updates
2026-07-26T03:01:48:     return _make_request(token, method_url, params=payload)
2026-07-26T03:01:48:   File "/Users/aicommander/CascadeProjects/toolcalc/scripts/seo/.venv/lib/python3.9/site-packages/telebot/apihelper.py", line 162, in _make_request
2026-07-26T03:01:48:     result = _get_req_session().request(
2026-07-26T03:01:48:   File "/Users/aicommander/CascadeProjects/toolcalc/scripts/seo/.venv/lib/python3.9/site-packages/requests/sessions.py", line 589, in request
2026-07-26T03:01:48:     resp = self.send(prep, **send_kwargs)
2026-07-26T03:01:48:   File "/Users/aicommander/CascadeProjects/toolcalc/scripts/seo/.venv/lib/python3.9/site-packages/requests/sessions.py", line 703, in send
2026-07-26T03:01:48:     r = adapter.send(request, **kwargs)
2026-07-26T03:01:48:   File "/Users/aicommander/CascadeProjects/toolcalc/scripts/seo/.venv/lib/python3.9/site-packages/requests/adapters.py", line 665, in send
2026-07-26T03:01:48:     raise ConnectTimeout(e, request=request)
2026-07-26T03:01:48: requests.exceptions.ConnectTimeout: HTTPSConnectionPool(host='api.telegram.org', port=443): Max retries exceeded with url: /bot8903604110:***********************************/getUpdates?offset=550404779&timeout=20 (Caused by ConnectTimeoutError(<HTTPSConnection(host='api.telegram.org', port=443) at 0x10ac79d60>, 'Connection to api.telegram.org timed out. (connect timeout=20)'))
2026-07-26T03:01:48: "
2026-07-26T23:03:50: 2026-07-26 23:03:50,759 (__init__.py:1115 MainThread) ERROR - TeleBot: "Infinity polling exception: HTTPSConnectionPool(host='api.telegram.org', port=443): Read timed out. (read timeout=25)"
2026-07-26T23:03:50: 2026-07-26 23:03:50,761 (__init__.py:1117 MainThread) ERROR - TeleBot: "Exception traceback:
2026-07-26T23:03:50: Traceback (most recent call last):
2026-07-26T23:03:50:   File "/Users/aicommander/CascadeProjects/toolcalc/scripts/seo/.venv/lib/python3.9/site-packages/urllib3/connectionpool.py", line 534, in _make_request
2026-07-26T23:03:50:     response = conn.getresponse()
2026-07-26T23:03:50:   File "/Users/aicommander/CascadeProjects/toolcalc/scripts/seo/.venv/lib/python3.9/site-packages/urllib3/connection.py", line 571, in getresponse
2026-07-26T23:03:50:     httplib_response = super().getresponse()
2026-07-26T23:03:50:   File "/Library/Developer/CommandLineTools/Library/Frameworks/Python3.framework/Versions/3.9/lib/python3.9/http/client.py", line 1349, in getresponse
2026-07-26T23:03:50:     response.begin()
2026-07-26T23:03:50:   File "/Library/Developer/CommandLineTools/Library/Frameworks/Python3.framework/Versions/3.9/lib/python3.9/http/client.py", line 316, in begin
2026-07-26T23:03:50:     version, status, reason = self._read_status()
2026-07-26T23:03:50:   File "/Library/Developer/CommandLineTools/Library/Frameworks/Python3.framework/Versions/3.9/lib/python3.9/http/client.py", line 277, in _read_status
2026-07-26T23:03:50:     line = str(self.fp.readline(_MAXLINE + 1), "iso-8859-1")
2026-07-26T23:03:50:   File "/Library/Developer/CommandLineTools/Library/Frameworks/Python3.framework/Versions/3.9/lib/python3.9/socket.py", line 704, in readinto
2026-07-26T23:03:50:     return self._sock.recv_into(b)
2026-07-26T23:03:50:   File "/Library/Developer/CommandLineTools/Library/Frameworks/Python3.framework/Versions/3.9/lib/python3.9/ssl.py", line 1241, in recv_into
2026-07-26T23:03:50:     return self.read(nbytes, buffer)
2026-07-26T23:03:50:   File "/Library/Developer/CommandLineTools/Library/Frameworks/Python3.framework/Versions/3.9/lib/python3.9/ssl.py", line 1099, in read
2026-07-26T23:03:50:     return self._sslobj.read(len, buffer)
2026-07-26T23:03:50: socket.timeout: The read operation timed out
2026-07-26T23:03:50: 
2026-07-26T23:03:50: The above exception was the direct cause of the following exception:
2026-07-26T23:03:50: 
2026-07-26T23:03:50: Traceback (most recent call last):
2026-07-26T23:03:50:   File "/Users/aicommander/CascadeProjects/toolcalc/scripts/seo/.venv/lib/python3.9/site-packages/requests/adapters.py", line 644, in send
2026-07-26T23:03:50:     resp = conn.urlopen(
2026-07-26T23:03:50:   File "/Users/aicommander/CascadeProjects/toolcalc/scripts/seo/.venv/lib/python3.9/site-packages/urllib3/connectionpool.py", line 841, in urlopen
2026-07-26T23:03:50:     retries = retries.increment(
2026-07-26T23:03:50:   File "/Users/aicommander/CascadeProjects/toolcalc/scripts/seo/.venv/lib/python3.9/site-packages/urllib3/util/retry.py", line 490, in increment
2026-07-26T23:03:50:     raise reraise(type(error), error, _stacktrace)
2026-07-26T23:03:50:   File "/Users/aicommander/CascadeProjects/toolcalc/scripts/seo/.venv/lib/python3.9/site-packages/urllib3/util/util.py", line 39, in reraise
2026-07-26T23:03:50:     raise value
2026-07-26T23:03:50:   File "/Users/aicommander/CascadeProjects/toolcalc/scripts/seo/.venv/lib/python3.9/site-packages/urllib3/connectionpool.py", line 787, in urlopen
2026-07-26T23:03:50:     response = self._make_request(
2026-07-26T23:03:50:   File "/Users/aicommander/CascadeProjects/toolcalc/scripts/seo/.venv/lib/python3.9/site-packages/urllib3/connectionpool.py", line 536, in _make_request
2026-07-26T23:03:50:     self._raise_timeout(err=e, url=url, timeout_value=read_timeout)
2026-07-26T23:03:50:   File "/Users/aicommander/CascadeProjects/toolcalc/scripts/seo/.venv/lib/python3.9/site-packages/urllib3/connectionpool.py", line 367, in _raise_timeout
2026-07-26T23:03:50:     raise ReadTimeoutError(
2026-07-26T23:03:50: urllib3.exceptions.ReadTimeoutError: HTTPSConnectionPool(host='api.telegram.org', port=443): Read timed out. (read timeout=25)
2026-07-26T23:03:50: 
2026-07-26T23:03:50: During handling of the above exception, another exception occurred:
2026-07-26T23:03:50: 
2026-07-26T23:03:50: Traceback (most recent call last):
2026-07-26T23:03:50:   File "/Users/aicommander/CascadeProjects/toolcalc/scripts/seo/.venv/lib/python3.9/site-packages/telebot/__init__.py", line 1110, in infinity_polling
2026-07-26T23:03:50:     self.polling(non_stop=True, timeout=timeout, long_polling_timeout=long_polling_timeout,
2026-07-26T23:03:50:   File "/Users/aicommander/CascadeProjects/toolcalc/scripts/seo/.venv/lib/python3.9/site-packages/telebot/__init__.py", line 1198, in polling
2026-07-26T23:03:50:     self.__threaded_polling(non_stop=non_stop, interval=interval, timeout=timeout, long_polling_timeout=long_polling_timeout,
2026-07-26T23:03:50:   File "/Users/aicommander/CascadeProjects/toolcalc/scripts/seo/.venv/lib/python3.9/site-packages/telebot/__init__.py", line 1273, in __threaded_polling
2026-07-26T23:03:50:     raise e
2026-07-26T23:03:50:   File "/Users/aicommander/CascadeProjects/toolcalc/scripts/seo/.venv/lib/python3.9/site-packages/telebot/__init__.py", line 1234, in __threaded_polling
2026-07-26T23:03:50:     polling_thread.raise_exceptions()
2026-07-26T23:03:50:   File "/Users/aicommander/CascadeProjects/toolcalc/scripts/seo/.venv/lib/python3.9/site-packages/telebot/util.py", line 115, in raise_exceptions
2026-07-26T23:03:50:     raise self.exception_info
2026-07-26T23:03:50:   File "/Users/aicommander/CascadeProjects/toolcalc/scripts/seo/.venv/lib/python3.9/site-packages/telebot/util.py", line 97, in run
2026-07-26T23:03:50:     task(*args, **kwargs)
2026-07-26T23:03:50:   File "/Users/aicommander/CascadeProjects/toolcalc/scripts/seo/.venv/lib/python3.9/site-packages/telebot/__init__.py", line 688, in __retrieve_updates
2026-07-26T23:03:50:     updates = self.get_updates(offset=(self.last_update_id + 1),
2026-07-26T23:03:50:   File "/Users/aicommander/CascadeProjects/toolcalc/scripts/seo/.venv/lib/python3.9/site-packages/telebot/__init__.py", line 660, in get_updates
2026-07-26T23:03:50:     json_updates = apihelper.get_updates(
2026-07-26T23:03:50:   File "/Users/aicommander/CascadeProjects/toolcalc/scripts/seo/.venv/lib/python3.9/site-packages/telebot/apihelper.py", line 339, in get_updates
2026-07-26T23:03:50:     return _make_request(token, method_url, params=payload)
2026-07-26T23:03:50:   File "/Users/aicommander/CascadeProjects/toolcalc/scripts/seo/.venv/lib/python3.9/site-packages/telebot/apihelper.py", line 162, in _make_request
2026-07-26T23:03:50:     result = _get_req_session().request(
2026-07-26T23:03:50:   File "/Users/aicommander/CascadeProjects/toolcalc/scripts/seo/.venv/lib/python3.9/site-packages/requests/sessions.py", line 589, in request
2026-07-26T23:03:50:     resp = self.send(prep, **send_kwargs)
2026-07-26T23:03:50:   File "/Users/aicommander/CascadeProjects/toolcalc/scripts/seo/.venv/lib/python3.9/site-packages/requests/sessions.py", line 703, in send
2026-07-26T23:03:50:     r = adapter.send(request, **kwargs)
2026-07-26T23:03:50:   File "/Users/aicommander/CascadeProjects/toolcalc/scripts/seo/.venv/lib/python3.9/site-packages/requests/adapters.py", line 690, in send
2026-07-26T23:03:50:     raise ReadTimeout(e, request=request)
2026-07-26T23:03:50: requests.exceptions.ReadTimeout: HTTPSConnectionPool(host='api.telegram.org', port=443): Read timed out. (read timeout=25)
2026-07-26T23:03:50: "
2026-07-26T23:12:29: 2026-07-26 23:12:29,069 (__init__.py:1115 MainThread) ERROR - TeleBot: "Infinity polling exception: HTTPSConnectionPool(host='api.telegram.org', port=443): Read timed out. (read timeout=25)"
2026-07-26T23:12:29: 2026-07-26 23:12:29,070 (__init__.py:1117 MainThread) ERROR - TeleBot: "Exception traceback:
2026-07-26T23:12:29: Traceback (most recent call last):
2026-07-26T23:12:29:   File "/Users/aicommander/CascadeProjects/toolcalc/scripts/seo/.venv/lib/python3.9/site-packages/urllib3/connectionpool.py", line 534, in _make_request
2026-07-26T23:12:29:     response = conn.getresponse()
2026-07-26T23:12:29:   File "/Users/aicommander/CascadeProjects/toolcalc/scripts/seo/.venv/lib/python3.9/site-packages/urllib3/connection.py", line 571, in getresponse
2026-07-26T23:12:29:     httplib_response = super().getresponse()
2026-07-26T23:12:29:   File "/Library/Developer/CommandLineTools/Library/Frameworks/Python3.framework/Versions/3.9/lib/python3.9/http/client.py", line 1349, in getresponse
2026-07-26T23:12:29:     response.begin()
2026-07-26T23:12:29:   File "/Library/Developer/CommandLineTools/Library/Frameworks/Python3.framework/Versions/3.9/lib/python3.9/http/client.py", line 316, in begin
2026-07-26T23:12:29:     version, status, reason = self._read_status()
2026-07-26T23:12:29:   File "/Library/Developer/CommandLineTools/Library/Frameworks/Python3.framework/Versions/3.9/lib/python3.9/http/client.py", line 277, in _read_status
2026-07-26T23:12:29:     line = str(self.fp.readline(_MAXLINE + 1), "iso-8859-1")
2026-07-26T23:12:29:   File "/Library/Developer/CommandLineTools/Library/Frameworks/Python3.framework/Versions/3.9/lib/python3.9/socket.py", line 704, in readinto
2026-07-26T23:12:29:     return self._sock.recv_into(b)
2026-07-26T23:12:29:   File "/Library/Developer/CommandLineTools/Library/Frameworks/Python3.framework/Versions/3.9/lib/python3.9/ssl.py", line 1241, in recv_into
2026-07-26T23:12:29:     return self.read(nbytes, buffer)
2026-07-26T23:12:29:   File "/Library/Developer/CommandLineTools/Library/Frameworks/Python3.framework/Versions/3.9/lib/python3.9/ssl.py", line 1099, in read
2026-07-26T23:12:29:     return self._sslobj.read(len, buffer)
2026-07-26T23:12:29: socket.timeout: The read operation timed out
2026-07-26T23:12:29: 
2026-07-26T23:12:29: The above exception was the direct cause of the following exception:
2026-07-26T23:12:29: 
2026-07-26T23:12:29: Traceback (most recent call last):
2026-07-26T23:12:29:   File "/Users/aicommander/CascadeProjects/toolcalc/scripts/seo/.venv/lib/python3.9/site-packages/requests/adapters.py", line 644, in send
2026-07-26T23:12:29:     resp = conn.urlopen(
2026-07-26T23:12:29:   File "/Users/aicommander/CascadeProjects/toolcalc/scripts/seo/.venv/lib/python3.9/site-packages/urllib3/connectionpool.py", line 841, in urlopen
2026-07-26T23:12:29:     retries = retries.increment(
2026-07-26T23:12:29:   File "/Users/aicommander/CascadeProjects/toolcalc/scripts/seo/.venv/lib/python3.9/site-packages/urllib3/util/retry.py", line 490, in increment
2026-07-26T23:12:29:     raise reraise(type(error), error, _stacktrace)
2026-07-26T23:12:29:   File "/Users/aicommander/CascadeProjects/toolcalc/scripts/seo/.venv/lib/python3.9/site-packages/urllib3/util/util.py", line 39, in reraise
2026-07-26T23:12:29:     raise value
2026-07-26T23:12:29:   File "/Users/aicommander/CascadeProjects/toolcalc/scripts/seo/.venv/lib/python3.9/site-packages/urllib3/connectionpool.py", line 787, in urlopen
2026-07-26T23:12:29:     response = self._make_request(
2026-07-26T23:12:29:   File "/Users/aicommander/CascadeProjects/toolcalc/scripts/seo/.venv/lib/python3.9/site-packages/urllib3/connectionpool.py", line 536, in _make_request
2026-07-26T23:12:29:     self._raise_timeout(err=e, url=url, timeout_value=read_timeout)
2026-07-26T23:12:29:   File "/Users/aicommander/CascadeProjects/toolcalc/scripts/seo/.venv/lib/python3.9/site-packages/urllib3/connectionpool.py", line 367, in _raise_timeout
2026-07-26T23:12:29:     raise ReadTimeoutError(
2026-07-26T23:12:29: urllib3.exceptions.ReadTimeoutError: HTTPSConnectionPool(host='api.telegram.org', port=443): Read timed out. (read timeout=25)
2026-07-26T23:12:29: 
2026-07-26T23:12:29: During handling of the above exception, another exception occurred:
2026-07-26T23:12:29: 
2026-07-26T23:12:29: Traceback (most recent call last):
2026-07-26T23:12:29:   File "/Users/aicommander/CascadeProjects/toolcalc/scripts/seo/.venv/lib/python3.9/site-packages/telebot/__init__.py", line 1110, in infinity_polling
2026-07-26T23:12:29:     self.polling(non_stop=True, timeout=timeout, long_polling_timeout=long_polling_timeout,
2026-07-26T23:12:29:   File "/Users/aicommander/CascadeProjects/toolcalc/scripts/seo/.venv/lib/python3.9/site-packages/telebot/__init__.py", line 1198, in polling
2026-07-26T23:12:29:     self.__threaded_polling(non_stop=non_stop, interval=interval, timeout=timeout, long_polling_timeout=long_polling_timeout,
2026-07-26T23:12:29:   File "/Users/aicommander/CascadeProjects/toolcalc/scripts/seo/.venv/lib/python3.9/site-packages/telebot/__init__.py", line 1273, in __threaded_polling
2026-07-26T23:12:29:     raise e
2026-07-26T23:12:29:   File "/Users/aicommander/CascadeProjects/toolcalc/scripts/seo/.venv/lib/python3.9/site-packages/telebot/__init__.py", line 1234, in __threaded_polling
2026-07-26T23:12:29:     polling_thread.raise_exceptions()
2026-07-26T23:12:29:   File "/Users/aicommander/CascadeProjects/toolcalc/scripts/seo/.venv/lib/python3.9/site-packages/telebot/util.py", line 115, in raise_exceptions
2026-07-26T23:12:29:     raise self.exception_info
2026-07-26T23:12:29:   File "/Users/aicommander/CascadeProjects/toolcalc/scripts/seo/.venv/lib/python3.9/site-packages/telebot/util.py", line 97, in run
2026-07-26T23:12:29:     task(*args, **kwargs)
2026-07-26T23:12:29:   File "/Users/aicommander/CascadeProjects/toolcalc/scripts/seo/.venv/lib/python3.9/site-packages/telebot/__init__.py", line 688, in __retrieve_updates
2026-07-26T23:12:29:     updates = self.get_updates(offset=(self.last_update_id + 1),
2026-07-26T23:12:29:   File "/Users/aicommander/CascadeProjects/toolcalc/scripts/seo/.venv/lib/python3.9/site-packages/telebot/__init__.py", line 660, in get_updates
2026-07-26T23:12:29:     json_updates = apihelper.get_updates(
2026-07-26T23:12:29:   File "/Users/aicommander/CascadeProjects/toolcalc/scripts/seo/.venv/lib/python3.9/site-packages/telebot/apihelper.py", line 339, in get_updates
2026-07-26T23:12:29:     return _make_request(token, method_url, params=payload)
2026-07-26T23:12:29:   File "/Users/aicommander/CascadeProjects/toolcalc/scripts/seo/.venv/lib/python3.9/site-packages/telebot/apihelper.py", line 162, in _make_request
2026-07-26T23:12:29:     result = _get_req_session().request(
2026-07-26T23:12:29:   File "/Users/aicommander/CascadeProjects/toolcalc/scripts/seo/.venv/lib/python3.9/site-packages/requests/sessions.py", line 589, in request
2026-07-26T23:12:29:     resp = self.send(prep, **send_kwargs)
2026-07-26T23:12:29:   File "/Users/aicommander/CascadeProjects/toolcalc/scripts/seo/.venv/lib/python3.9/site-packages/requests/sessions.py", line 703, in send
2026-07-26T23:12:29:     r = adapter.send(request, **kwargs)
2026-07-26T23:12:29:   File "/Users/aicommander/CascadeProjects/toolcalc/scripts/seo/.venv/lib/python3.9/site-packages/requests/adapters.py", line 690, in send
2026-07-26T23:12:29:     raise ReadTimeout(e, request=request)
2026-07-26T23:12:29: requests.exceptions.ReadTimeout: HTTPSConnectionPool(host='api.telegram.org', port=443): Read timed out. (read timeout=25)
2026-07-26T23:12:29: "
2026-07-27T00:34:46: 2026-07-27 00:34:46,861 (__init__.py:1115 MainThread) ERROR - TeleBot: "Infinity polling exception: HTTPSConnectionPool(host='api.telegram.org', port=443): Read timed out. (read timeout=25)"
2026-07-27T00:34:46: 2026-07-27 00:34:46,863 (__init__.py:1117 MainThread) ERROR - TeleBot: "Exception traceback:
2026-07-27T00:34:46: Traceback (most recent call last):
2026-07-27T00:34:46:   File "/Users/aicommander/CascadeProjects/toolcalc/scripts/seo/.venv/lib/python3.9/site-packages/urllib3/connectionpool.py", line 534, in _make_request
2026-07-27T00:34:46:     response = conn.getresponse()
2026-07-27T00:34:46:   File "/Users/aicommander/CascadeProjects/toolcalc/scripts/seo/.venv/lib/python3.9/site-packages/urllib3/connection.py", line 571, in getresponse
2026-07-27T00:34:46:     httplib_response = super().getresponse()
2026-07-27T00:34:46:   File "/Library/Developer/CommandLineTools/Library/Frameworks/Python3.framework/Versions/3.9/lib/python3.9/http/client.py", line 1349, in getresponse
2026-07-27T00:34:46:     response.begin()
2026-07-27T00:34:46:   File "/Library/Developer/CommandLineTools/Library/Frameworks/Python3.framework/Versions/3.9/lib/python3.9/http/client.py", line 316, in begin
2026-07-27T00:34:46:     version, status, reason = self._read_status()
2026-07-27T00:34:46:   File "/Library/Developer/CommandLineTools/Library/Frameworks/Python3.framework/Versions/3.9/lib/python3.9/http/client.py", line 277, in _read_status
2026-07-27T00:34:46:     line = str(self.fp.readline(_MAXLINE + 1), "iso-8859-1")
2026-07-27T00:34:46:   File "/Library/Developer/CommandLineTools/Library/Frameworks/Python3.framework/Versions/3.9/lib/python3.9/socket.py", line 704, in readinto
2026-07-27T00:34:46:     return self._sock.recv_into(b)
2026-07-27T00:34:46:   File "/Library/Developer/CommandLineTools/Library/Frameworks/Python3.framework/Versions/3.9/lib/python3.9/ssl.py", line 1241, in recv_into
2026-07-27T00:34:46:     return self.read(nbytes, buffer)
2026-07-27T00:34:46:   File "/Library/Developer/CommandLineTools/Library/Frameworks/Python3.framework/Versions/3.9/lib/python3.9/ssl.py", line 1099, in read
2026-07-27T00:34:46:     return self._sslobj.read(len, buffer)
2026-07-27T00:34:46: socket.timeout: The read operation timed out
2026-07-27T00:34:46: 
2026-07-27T00:34:46: The above exception was the direct cause of the following exception:
2026-07-27T00:34:46: 
2026-07-27T00:34:46: Traceback (most recent call last):
2026-07-27T00:34:46:   File "/Users/aicommander/CascadeProjects/toolcalc/scripts/seo/.venv/lib/python3.9/site-packages/requests/adapters.py", line 644, in send
2026-07-27T00:34:46:     resp = conn.urlopen(
2026-07-27T00:34:46:   File "/Users/aicommander/CascadeProjects/toolcalc/scripts/seo/.venv/lib/python3.9/site-packages/urllib3/connectionpool.py", line 841, in urlopen
2026-07-27T00:34:46:     retries = retries.increment(
2026-07-27T00:34:46:   File "/Users/aicommander/CascadeProjects/toolcalc/scripts/seo/.venv/lib/python3.9/site-packages/urllib3/util/retry.py", line 490, in increment
2026-07-27T00:34:46:     raise reraise(type(error), error, _stacktrace)
2026-07-27T00:34:46:   File "/Users/aicommander/CascadeProjects/toolcalc/scripts/seo/.venv/lib/python3.9/site-packages/urllib3/util/util.py", line 39, in reraise
2026-07-27T00:34:46:     raise value
2026-07-27T00:34:46:   File "/Users/aicommander/CascadeProjects/toolcalc/scripts/seo/.venv/lib/python3.9/site-packages/urllib3/connectionpool.py", line 787, in urlopen
2026-07-27T00:34:46:     response = self._make_request(
2026-07-27T00:34:46:   File "/Users/aicommander/CascadeProjects/toolcalc/scripts/seo/.venv/lib/python3.9/site-packages/urllib3/connectionpool.py", line 536, in _make_request
2026-07-27T00:34:46:     self._raise_timeout(err=e, url=url, timeout_value=read_timeout)
2026-07-27T00:34:46:   File "/Users/aicommander/CascadeProjects/toolcalc/scripts/seo/.venv/lib/python3.9/site-packages/urllib3/connectionpool.py", line 367, in _raise_timeout
2026-07-27T00:34:46:     raise ReadTimeoutError(
2026-07-27T00:34:46: urllib3.exceptions.ReadTimeoutError: HTTPSConnectionPool(host='api.telegram.org', port=443): Read timed out. (read timeout=25)
2026-07-27T00:34:46: 
2026-07-27T00:34:46: During handling of the above exception, another exception occurred:
2026-07-27T00:34:46: 
2026-07-27T00:34:46: Traceback (most recent call last):
2026-07-27T00:34:46:   File "/Users/aicommander/CascadeProjects/toolcalc/scripts/seo/.venv/lib/python3.9/site-packages/telebot/__init__.py", line 1110, in infinity_polling
2026-07-27T00:34:46:     self.polling(non_stop=True, timeout=timeout, long_polling_timeout=long_polling_timeout,
2026-07-27T00:34:46:   File "/Users/aicommander/CascadeProjects/toolcalc/scripts/seo/.venv/lib/python3.9/site-packages/telebot/__init__.py", line 1198, in polling
2026-07-27T00:34:46:     self.__threaded_polling(non_stop=non_stop, interval=interval, timeout=timeout, long_polling_timeout=long_polling_timeout,
2026-07-27T00:34:46:   File "/Users/aicommander/CascadeProjects/toolcalc/scripts/seo/.venv/lib/python3.9/site-packages/telebot/__init__.py", line 1273, in __threaded_polling
2026-07-27T00:34:46:     raise e
2026-07-27T00:34:46:   File "/Users/aicommander/CascadeProjects/toolcalc/scripts/seo/.venv/lib/python3.9/site-packages/telebot/__init__.py", line 1234, in __threaded_polling
2026-07-27T00:34:46:     polling_thread.raise_exceptions()
2026-07-27T00:34:46:   File "/Users/aicommander/CascadeProjects/toolcalc/scripts/seo/.venv/lib/python3.9/site-packages/telebot/util.py", line 115, in raise_exceptions
2026-07-27T00:34:46:     raise self.exception_info
2026-07-27T00:34:46:   File "/Users/aicommander/CascadeProjects/toolcalc/scripts/seo/.venv/lib/python3.9/site-packages/telebot/util.py", line 97, in run
2026-07-27T00:34:46:     task(*args, **kwargs)
2026-07-27T00:34:46:   File "/Users/aicommander/CascadeProjects/toolcalc/scripts/seo/.venv/lib/python3.9/site-packages/telebot/__init__.py", line 688, in __retrieve_updates
2026-07-27T00:34:46:     updates = self.get_updates(offset=(self.last_update_id + 1),
2026-07-27T00:34:46:   File "/Users/aicommander/CascadeProjects/toolcalc/scripts/seo/.venv/lib/python3.9/site-packages/telebot/__init__.py", line 660, in get_updates
2026-07-27T00:34:46:     json_updates = apihelper.get_updates(
2026-07-27T00:34:46:   File "/Users/aicommander/CascadeProjects/toolcalc/scripts/seo/.venv/lib/python3.9/site-packages/telebot/apihelper.py", line 339, in get_updates
2026-07-27T00:34:46:     return _make_request(token, method_url, params=payload)
2026-07-27T00:34:46:   File "/Users/aicommander/CascadeProjects/toolcalc/scripts/seo/.venv/lib/python3.9/site-packages/telebot/apihelper.py", line 162, in _make_request
2026-07-27T00:34:46:     result = _get_req_session().request(
2026-07-27T00:34:46:   File "/Users/aicommander/CascadeProjects/toolcalc/scripts/seo/.venv/lib/python3.9/site-packages/requests/sessions.py", line 589, in request
2026-07-27T00:34:46:     resp = self.send(prep, **send_kwargs)
2026-07-27T00:34:46:   File "/Users/aicommander/CascadeProjects/toolcalc/scripts/seo/.venv/lib/python3.9/site-packages/requests/sessions.py", line 703, in send
2026-07-27T00:34:46:     r = adapter.send(request, **kwargs)
2026-07-27T00:34:46:   File "/Users/aicommander/CascadeProjects/toolcalc/scripts/seo/.venv/lib/python3.9/site-packages/requests/adapters.py", line 690, in send
2026-07-27T00:34:46:     raise ReadTimeout(e, request=request)
2026-07-27T00:34:46: requests.exceptions.ReadTimeout: HTTPSConnectionPool(host='api.telegram.org', port=443): Read timed out. (read timeout=25)
2026-07-27T00:34:46: "
2026-07-27T00:38:22: 2026-07-27 00:38:22,366 (__init__.py:1115 MainThread) ERROR - TeleBot: "Infinity polling exception: HTTPSConnectionPool(host='api.telegram.org', port=443): Read timed out. (read timeout=25)"
2026-07-27T00:38:22: 2026-07-27 00:38:22,366 (__init__.py:1117 MainThread) ERROR - TeleBot: "Exception traceback:
2026-07-27T00:38:22: Traceback (most recent call last):
2026-07-27T00:38:22:   File "/Users/aicommander/CascadeProjects/toolcalc/scripts/seo/.venv/lib/python3.9/site-packages/urllib3/connectionpool.py", line 534, in _make_request
2026-07-27T00:38:22:     response = conn.getresponse()
2026-07-27T00:38:22:   File "/Users/aicommander/CascadeProjects/toolcalc/scripts/seo/.venv/lib/python3.9/site-packages/urllib3/connection.py", line 571, in getresponse
2026-07-27T00:38:22:     httplib_response = super().getresponse()
2026-07-27T00:38:22:   File "/Library/Developer/CommandLineTools/Library/Frameworks/Python3.framework/Versions/3.9/lib/python3.9/http/client.py", line 1349, in getresponse
2026-07-27T00:38:22:     response.begin()
2026-07-27T00:38:22:   File "/Library/Developer/CommandLineTools/Library/Frameworks/Python3.framework/Versions/3.9/lib/python3.9/http/client.py", line 316, in begin
2026-07-27T00:38:22:     version, status, reason = self._read_status()
2026-07-27T00:38:22:   File "/Library/Developer/CommandLineTools/Library/Frameworks/Python3.framework/Versions/3.9/lib/python3.9/http/client.py", line 277, in _read_status
2026-07-27T00:38:22:     line = str(self.fp.readline(_MAXLINE + 1), "iso-8859-1")
2026-07-27T00:38:22:   File "/Library/Developer/CommandLineTools/Library/Frameworks/Python3.framework/Versions/3.9/lib/python3.9/socket.py", line 704, in readinto
2026-07-27T00:38:22:     return self._sock.recv_into(b)
2026-07-27T00:38:22:   File "/Library/Developer/CommandLineTools/Library/Frameworks/Python3.framework/Versions/3.9/lib/python3.9/ssl.py", line 1241, in recv_into
2026-07-27T00:38:22:     return self.read(nbytes, buffer)
2026-07-27T00:38:22:   File "/Library/Developer/CommandLineTools/Library/Frameworks/Python3.framework/Versions/3.9/lib/python3.9/ssl.py", line 1099, in read
2026-07-27T00:38:22:     return self._sslobj.read(len, buffer)
2026-07-27T00:38:22: socket.timeout: The read operation timed out
2026-07-27T00:38:22: 
2026-07-27T00:38:22: The above exception was the direct cause of the following exception:
2026-07-27T00:38:22: 
2026-07-27T00:38:22: Traceback (most recent call last):
2026-07-27T00:38:22:   File "/Users/aicommander/CascadeProjects/toolcalc/scripts/seo/.venv/lib/python3.9/site-packages/requests/adapters.py", line 644, in send
2026-07-27T00:38:22:     resp = conn.urlopen(
2026-07-27T00:38:22:   File "/Users/aicommander/CascadeProjects/toolcalc/scripts/seo/.venv/lib/python3.9/site-packages/urllib3/connectionpool.py", line 841, in urlopen
2026-07-27T00:38:22:     retries = retries.increment(
2026-07-27T00:38:22:   File "/Users/aicommander/CascadeProjects/toolcalc/scripts/seo/.venv/lib/python3.9/site-packages/urllib3/util/retry.py", line 490, in increment
2026-07-27T00:38:22:     raise reraise(type(error), error, _stacktrace)
2026-07-27T00:38:22:   File "/Users/aicommander/CascadeProjects/toolcalc/scripts/seo/.venv/lib/python3.9/site-packages/urllib3/util/util.py", line 39, in reraise
2026-07-27T00:38:22:     raise value
2026-07-27T00:38:22:   File "/Users/aicommander/CascadeProjects/toolcalc/scripts/seo/.venv/lib/python3.9/site-packages/urllib3/connectionpool.py", line 787, in urlopen
2026-07-27T00:38:22:     response = self._make_request(
2026-07-27T00:38:22:   File "/Users/aicommander/CascadeProjects/toolcalc/scripts/seo/.venv/lib/python3.9/site-packages/urllib3/connectionpool.py", line 536, in _make_request
2026-07-27T00:38:22:     self._raise_timeout(err=e, url=url, timeout_value=read_timeout)
2026-07-27T00:38:22:   File "/Users/aicommander/CascadeProjects/toolcalc/scripts/seo/.venv/lib/python3.9/site-packages/urllib3/connectionpool.py", line 367, in _raise_timeout
2026-07-27T00:38:22:     raise ReadTimeoutError(
2026-07-27T00:38:22: urllib3.exceptions.ReadTimeoutError: HTTPSConnectionPool(host='api.telegram.org', port=443): Read timed out. (read timeout=25)
2026-07-27T00:38:22: 
2026-07-27T00:38:22: During handling of the above exception, another exception occurred:
2026-07-27T00:38:22: 
2026-07-27T00:38:22: Traceback (most recent call last):
2026-07-27T00:38:22:   File "/Users/aicommander/CascadeProjects/toolcalc/scripts/seo/.venv/lib/python3.9/site-packages/telebot/__init__.py", line 1110, in infinity_polling
2026-07-27T00:38:22:     self.polling(non_stop=True, timeout=timeout, long_polling_timeout=long_polling_timeout,
2026-07-27T00:38:22:   File "/Users/aicommander/CascadeProjects/toolcalc/scripts/seo/.venv/lib/python3.9/site-packages/telebot/__init__.py", line 1198, in polling
2026-07-27T00:38:22:     self.__threaded_polling(non_stop=non_stop, interval=interval, timeout=timeout, long_polling_timeout=long_polling_timeout,
2026-07-27T00:38:22:   File "/Users/aicommander/CascadeProjects/toolcalc/scripts/seo/.venv/lib/python3.9/site-packages/telebot/__init__.py", line 1273, in __threaded_polling
2026-07-27T00:38:22:     raise e
2026-07-27T00:38:22:   File "/Users/aicommander/CascadeProjects/toolcalc/scripts/seo/.venv/lib/python3.9/site-packages/telebot/__init__.py", line 1234, in __threaded_polling
2026-07-27T00:38:22:     polling_thread.raise_exceptions()
2026-07-27T00:38:22:   File "/Users/aicommander/CascadeProjects/toolcalc/scripts/seo/.venv/lib/python3.9/site-packages/telebot/util.py", line 115, in raise_exceptions
2026-07-27T00:38:22:     raise self.exception_info
2026-07-27T00:38:22:   File "/Users/aicommander/CascadeProjects/toolcalc/scripts/seo/.venv/lib/python3.9/site-packages/telebot/util.py", line 97, in run
2026-07-27T00:38:22:     task(*args, **kwargs)
2026-07-27T00:38:22:   File "/Users/aicommander/CascadeProjects/toolcalc/scripts/seo/.venv/lib/python3.9/site-packages/telebot/__init__.py", line 688, in __retrieve_updates
2026-07-27T00:38:22:     updates = self.get_updates(offset=(self.last_update_id + 1),
2026-07-27T00:38:22:   File "/Users/aicommander/CascadeProjects/toolcalc/scripts/seo/.venv/lib/python3.9/site-packages/telebot/__init__.py", line 660, in get_updates
2026-07-27T00:38:22:     json_updates = apihelper.get_updates(
2026-07-27T00:38:22:   File "/Users/aicommander/CascadeProjects/toolcalc/scripts/seo/.venv/lib/python3.9/site-packages/telebot/apihelper.py", line 339, in get_updates
2026-07-27T00:38:22:     return _make_request(token, method_url, params=payload)
2026-07-27T00:38:22:   File "/Users/aicommander/CascadeProjects/toolcalc/scripts/seo/.venv/lib/python3.9/site-packages/telebot/apihelper.py", line 162, in _make_request
2026-07-27T00:38:22:     result = _get_req_session().request(
2026-07-27T00:38:22:   File "/Users/aicommander/CascadeProjects/toolcalc/scripts/seo/.venv/lib/python3.9/site-packages/requests/sessions.py", line 589, in request
2026-07-27T00:38:22:     resp = self.send(prep, **send_kwargs)
2026-07-27T00:38:22:   File "/Users/aicommander/CascadeProjects/toolcalc/scripts/seo/.venv/lib/python3.9/site-packages/requests/sessions.py", line 703, in send
2026-07-27T00:38:22:     r = adapter.send(request, **kwargs)
2026-07-27T00:38:22:   File "/Users/aicommander/CascadeProjects/toolcalc/scripts/seo/.venv/lib/python3.9/site-packages/requests/adapters.py", line 690, in send
2026-07-27T00:38:22:     raise ReadTimeout(e, request=request)
2026-07-27T00:38:22: requests.exceptions.ReadTimeout: HTTPSConnectionPool(host='api.telegram.org', port=443): Read timed out. (read timeout=25)
2026-07-27T00:38:22: "
2026-07-27T03:00:54: 2026-07-27 03:00:54,254 (__init__.py:1115 MainThread) ERROR - TeleBot: "Infinity polling exception: HTTPSConnectionPool(host='api.telegram.org', port=443): Read timed out. (read timeout=25)"
2026-07-27T03:00:54: 2026-07-27 03:00:54,254 (__init__.py:1117 MainThread) ERROR - TeleBot: "Exception traceback:
2026-07-27T03:00:54: Traceback (most recent call last):
2026-07-27T03:00:54:   File "/Users/aicommander/CascadeProjects/toolcalc/scripts/seo/.venv/lib/python3.9/site-packages/urllib3/connectionpool.py", line 534, in _make_request
2026-07-27T03:00:54:     response = conn.getresponse()
2026-07-27T03:00:54:   File "/Users/aicommander/CascadeProjects/toolcalc/scripts/seo/.venv/lib/python3.9/site-packages/urllib3/connection.py", line 571, in getresponse
2026-07-27T03:00:54:     httplib_response = super().getresponse()
2026-07-27T03:00:54:   File "/Library/Developer/CommandLineTools/Library/Frameworks/Python3.framework/Versions/3.9/lib/python3.9/http/client.py", line 1349, in getresponse
2026-07-27T03:00:54:     response.begin()
2026-07-27T03:00:54:   File "/Library/Developer/CommandLineTools/Library/Frameworks/Python3.framework/Versions/3.9/lib/python3.9/http/client.py", line 316, in begin
2026-07-27T03:00:54:     version, status, reason = self._read_status()
2026-07-27T03:00:54:   File "/Library/Developer/CommandLineTools/Library/Frameworks/Python3.framework/Versions/3.9/lib/python3.9/http/client.py", line 277, in _read_status
2026-07-27T03:00:54:     line = str(self.fp.readline(_MAXLINE + 1), "iso-8859-1")
2026-07-27T03:00:54:   File "/Library/Developer/CommandLineTools/Library/Frameworks/Python3.framework/Versions/3.9/lib/python3.9/socket.py", line 704, in readinto
2026-07-27T03:00:54:     return self._sock.recv_into(b)
2026-07-27T03:00:54:   File "/Library/Developer/CommandLineTools/Library/Frameworks/Python3.framework/Versions/3.9/lib/python3.9/ssl.py", line 1241, in recv_into
2026-07-27T03:00:54:     return self.read(nbytes, buffer)
2026-07-27T03:00:54:   File "/Library/Developer/CommandLineTools/Library/Frameworks/Python3.framework/Versions/3.9/lib/python3.9/ssl.py", line 1099, in read
2026-07-27T03:00:54:     return self._sslobj.read(len, buffer)
2026-07-27T03:00:54: socket.timeout: The read operation timed out
2026-07-27T03:00:54: 
2026-07-27T03:00:54: The above exception was the direct cause of the following exception:
2026-07-27T03:00:54: 
2026-07-27T03:00:54: Traceback (most recent call last):
2026-07-27T03:00:54:   File "/Users/aicommander/CascadeProjects/toolcalc/scripts/seo/.venv/lib/python3.9/site-packages/requests/adapters.py", line 644, in send
2026-07-27T03:00:54:     resp = conn.urlopen(
2026-07-27T03:00:54:   File "/Users/aicommander/CascadeProjects/toolcalc/scripts/seo/.venv/lib/python3.9/site-packages/urllib3/connectionpool.py", line 841, in urlopen
2026-07-27T03:00:54:     retries = retries.increment(
2026-07-27T03:00:54:   File "/Users/aicommander/CascadeProjects/toolcalc/scripts/seo/.venv/lib/python3.9/site-packages/urllib3/util/retry.py", line 490, in increment
2026-07-27T03:00:54:     raise reraise(type(error), error, _stacktrace)
2026-07-27T03:00:54:   File "/Users/aicommander/CascadeProjects/toolcalc/scripts/seo/.venv/lib/python3.9/site-packages/urllib3/util/util.py", line 39, in reraise
2026-07-27T03:00:54:     raise value
2026-07-27T03:00:54:   File "/Users/aicommander/CascadeProjects/toolcalc/scripts/seo/.venv/lib/python3.9/site-packages/urllib3/connectionpool.py", line 787, in urlopen
2026-07-27T03:00:54:     response = self._make_request(
2026-07-27T03:00:54:   File "/Users/aicommander/CascadeProjects/toolcalc/scripts/seo/.venv/lib/python3.9/site-packages/urllib3/connectionpool.py", line 536, in _make_request
2026-07-27T03:00:54:     self._raise_timeout(err=e, url=url, timeout_value=read_timeout)
2026-07-27T03:00:54:   File "/Users/aicommander/CascadeProjects/toolcalc/scripts/seo/.venv/lib/python3.9/site-packages/urllib3/connectionpool.py", line 367, in _raise_timeout
2026-07-27T03:00:54:     raise ReadTimeoutError(
2026-07-27T03:00:54: urllib3.exceptions.ReadTimeoutError: HTTPSConnectionPool(host='api.telegram.org', port=443): Read timed out. (read timeout=25)
2026-07-27T03:00:54: 
2026-07-27T03:00:54: During handling of the above exception, another exception occurred:
2026-07-27T03:00:54: 
2026-07-27T03:00:54: Traceback (most recent call last):
2026-07-27T03:00:54:   File "/Users/aicommander/CascadeProjects/toolcalc/scripts/seo/.venv/lib/python3.9/site-packages/telebot/__init__.py", line 1110, in infinity_polling
2026-07-27T03:00:54:     self.polling(non_stop=True, timeout=timeout, long_polling_timeout=long_polling_timeout,
2026-07-27T03:00:54:   File "/Users/aicommander/CascadeProjects/toolcalc/scripts/seo/.venv/lib/python3.9/site-packages/telebot/__init__.py", line 1198, in polling
2026-07-27T03:00:54:     self.__threaded_polling(non_stop=non_stop, interval=interval, timeout=timeout, long_polling_timeout=long_polling_timeout,
2026-07-27T03:00:54:   File "/Users/aicommander/CascadeProjects/toolcalc/scripts/seo/.venv/lib/python3.9/site-packages/telebot/__init__.py", line 1273, in __threaded_polling
2026-07-27T03:00:54:     raise e
2026-07-27T03:00:54:   File "/Users/aicommander/CascadeProjects/toolcalc/scripts/seo/.venv/lib/python3.9/site-packages/telebot/__init__.py", line 1234, in __threaded_polling
2026-07-27T03:00:54:     polling_thread.raise_exceptions()
2026-07-27T03:00:54:   File "/Users/aicommander/CascadeProjects/toolcalc/scripts/seo/.venv/lib/python3.9/site-packages/telebot/util.py", line 115, in raise_exceptions
2026-07-27T03:00:54:     raise self.exception_info
2026-07-27T03:00:54:   File "/Users/aicommander/CascadeProjects/toolcalc/scripts/seo/.venv/lib/python3.9/site-packages/telebot/util.py", line 97, in run
2026-07-27T03:00:54:     task(*args, **kwargs)
2026-07-27T03:00:54:   File "/Users/aicommander/CascadeProjects/toolcalc/scripts/seo/.venv/lib/python3.9/site-packages/telebot/__init__.py", line 688, in __retrieve_updates
2026-07-27T03:00:54:     updates = self.get_updates(offset=(self.last_update_id + 1),
2026-07-27T03:00:54:   File "/Users/aicommander/CascadeProjects/toolcalc/scripts/seo/.venv/lib/python3.9/site-packages/telebot/__init__.py", line 660, in get_updates
2026-07-27T03:00:54:     json_updates = apihelper.get_updates(
2026-07-27T03:00:54:   File "/Users/aicommander/CascadeProjects/toolcalc/scripts/seo/.venv/lib/python3.9/site-packages/telebot/apihelper.py", line 339, in get_updates
2026-07-27T03:00:54:     return _make_request(token, method_url, params=payload)
2026-07-27T03:00:54:   File "/Users/aicommander/CascadeProjects/toolcalc/scripts/seo/.venv/lib/python3.9/site-packages/telebot/apihelper.py", line 162, in _make_request
2026-07-27T03:00:54:     result = _get_req_session().request(
2026-07-27T03:00:54:   File "/Users/aicommander/CascadeProjects/toolcalc/scripts/seo/.venv/lib/python3.9/site-packages/requests/sessions.py", line 589, in request
2026-07-27T03:00:54:     resp = self.send(prep, **send_kwargs)
2026-07-27T03:00:54:   File "/Users/aicommander/CascadeProjects/toolcalc/scripts/seo/.venv/lib/python3.9/site-packages/requests/sessions.py", line 703, in send
2026-07-27T03:00:54:     r = adapter.send(request, **kwargs)
2026-07-27T03:00:54:   File "/Users/aicommander/CascadeProjects/toolcalc/scripts/seo/.venv/lib/python3.9/site-packages/requests/adapters.py", line 690, in send
2026-07-27T03:00:54:     raise ReadTimeout(e, request=request)
2026-07-27T03:00:54: requests.exceptions.ReadTimeout: HTTPSConnectionPool(host='api.telegram.org', port=443): Read timed out. (read timeout=25)
2026-07-27T03:00:54: "
2026-07-27T03:01:17: 2026-07-27 03:01:17,403 (__init__.py:1115 MainThread) ERROR - TeleBot: "Infinity polling exception: HTTPSConnectionPool(host='api.telegram.org', port=443): Max retries exceeded with url: /bot8903604110:***********************************/getUpdates?offset=550404779&timeout=20 (Caused by ConnectTimeoutError(<HTTPSConnection(host='api.telegram.org', port=443) at 0x10ac60d00>, 'Connection to api.telegram.org timed out. (connect timeout=20)'))"
2026-07-27T03:01:17: 2026-07-27 03:01:17,404 (__init__.py:1117 MainThread) ERROR - TeleBot: "Exception traceback:
2026-07-27T03:01:17: Traceback (most recent call last):
2026-07-27T03:01:17:   File "/Users/aicommander/CascadeProjects/toolcalc/scripts/seo/.venv/lib/python3.9/site-packages/urllib3/connection.py", line 204, in _new_conn
2026-07-27T03:01:17:     sock = connection.create_connection(
2026-07-27T03:01:17:   File "/Users/aicommander/CascadeProjects/toolcalc/scripts/seo/.venv/lib/python3.9/site-packages/urllib3/util/connection.py", line 85, in create_connection
2026-07-27T03:01:17:     raise err
2026-07-27T03:01:17:   File "/Users/aicommander/CascadeProjects/toolcalc/scripts/seo/.venv/lib/python3.9/site-packages/urllib3/util/connection.py", line 73, in create_connection
2026-07-27T03:01:17:     sock.connect(sa)
2026-07-27T03:01:17: socket.timeout: timed out
2026-07-27T03:01:17: 
2026-07-27T03:01:17: The above exception was the direct cause of the following exception:
2026-07-27T03:01:17: 
2026-07-27T03:01:17: Traceback (most recent call last):
2026-07-27T03:01:17:   File "/Users/aicommander/CascadeProjects/toolcalc/scripts/seo/.venv/lib/python3.9/site-packages/urllib3/connectionpool.py", line 787, in urlopen
2026-07-27T03:01:17:     response = self._make_request(
2026-07-27T03:01:17:   File "/Users/aicommander/CascadeProjects/toolcalc/scripts/seo/.venv/lib/python3.9/site-packages/urllib3/connectionpool.py", line 488, in _make_request
2026-07-27T03:01:17:     raise new_e
2026-07-27T03:01:17:   File "/Users/aicommander/CascadeProjects/toolcalc/scripts/seo/.venv/lib/python3.9/site-packages/urllib3/connectionpool.py", line 464, in _make_request
2026-07-27T03:01:17:     self._validate_conn(conn)
2026-07-27T03:01:17:   File "/Users/aicommander/CascadeProjects/toolcalc/scripts/seo/.venv/lib/python3.9/site-packages/urllib3/connectionpool.py", line 1093, in _validate_conn
2026-07-27T03:01:17:     conn.connect()
2026-07-27T03:01:17:   File "/Users/aicommander/CascadeProjects/toolcalc/scripts/seo/.venv/lib/python3.9/site-packages/urllib3/connection.py", line 759, in connect
2026-07-27T03:01:17:     self.sock = sock = self._new_conn()
2026-07-27T03:01:17:   File "/Users/aicommander/CascadeProjects/toolcalc/scripts/seo/.venv/lib/python3.9/site-packages/urllib3/connection.py", line 213, in _new_conn
2026-07-27T03:01:17:     raise ConnectTimeoutError(
2026-07-27T03:01:17: urllib3.exceptions.ConnectTimeoutError: (<HTTPSConnection(host='api.telegram.org', port=443) at 0x10ac60d00>, 'Connection to api.telegram.org timed out. (connect timeout=20)')
2026-07-27T03:01:17: 
2026-07-27T03:01:17: The above exception was the direct cause of the following exception:
2026-07-27T03:01:17: 
2026-07-27T03:01:17: Traceback (most recent call last):
2026-07-27T03:01:17:   File "/Users/aicommander/CascadeProjects/toolcalc/scripts/seo/.venv/lib/python3.9/site-packages/requests/adapters.py", line 644, in send
2026-07-27T03:01:17:     resp = conn.urlopen(
2026-07-27T03:01:17:   File "/Users/aicommander/CascadeProjects/toolcalc/scripts/seo/.venv/lib/python3.9/site-packages/urllib3/connectionpool.py", line 841, in urlopen
2026-07-27T03:01:17:     retries = retries.increment(
2026-07-27T03:01:17:   File "/Users/aicommander/CascadeProjects/toolcalc/scripts/seo/.venv/lib/python3.9/site-packages/urllib3/util/retry.py", line 535, in increment
2026-07-27T03:01:17:     raise MaxRetryError(_pool, url, reason) from reason  # type: ignore[arg-type]
2026-07-27T03:01:17: urllib3.exceptions.MaxRetryError: HTTPSConnectionPool(host='api.telegram.org', port=443): Max retries exceeded with url: /bot8903604110:***********************************/getUpdates?offset=550404779&timeout=20 (Caused by ConnectTimeoutError(<HTTPSConnection(host='api.telegram.org', port=443) at 0x10ac60d00>, 'Connection to api.telegram.org timed out. (connect timeout=20)'))
2026-07-27T03:01:17: 
2026-07-27T03:01:17: During handling of the above exception, another exception occurred:
2026-07-27T03:01:17: 
2026-07-27T03:01:17: Traceback (most recent call last):
2026-07-27T03:01:17:   File "/Users/aicommander/CascadeProjects/toolcalc/scripts/seo/.venv/lib/python3.9/site-packages/telebot/__init__.py", line 1110, in infinity_polling
2026-07-27T03:01:17:     self.polling(non_stop=True, timeout=timeout, long_polling_timeout=long_polling_timeout,
2026-07-27T03:01:17:   File "/Users/aicommander/CascadeProjects/toolcalc/scripts/seo/.venv/lib/python3.9/site-packages/telebot/__init__.py", line 1198, in polling
2026-07-27T03:01:17:     self.__threaded_polling(non_stop=non_stop, interval=interval, timeout=timeout, long_polling_timeout=long_polling_timeout,
2026-07-27T03:01:17:   File "/Users/aicommander/CascadeProjects/toolcalc/scripts/seo/.venv/lib/python3.9/site-packages/telebot/__init__.py", line 1273, in __threaded_polling
2026-07-27T03:01:17:     raise e
2026-07-27T03:01:17:   File "/Users/aicommander/CascadeProjects/toolcalc/scripts/seo/.venv/lib/python3.9/site-packages/telebot/__init__.py", line 1234, in __threaded_polling
2026-07-27T03:01:17:     polling_thread.raise_exceptions()
2026-07-27T03:01:17:   File "/Users/aicommander/CascadeProjects/toolcalc/scripts/seo/.venv/lib/python3.9/site-packages/telebot/util.py", line 115, in raise_exceptions
2026-07-27T03:01:17:     raise self.exception_info
2026-07-27T03:01:17:   File "/Users/aicommander/CascadeProjects/toolcalc/scripts/seo/.venv/lib/python3.9/site-packages/telebot/util.py", line 97, in run
2026-07-27T03:01:17:     task(*args, **kwargs)
2026-07-27T03:01:17:   File "/Users/aicommander/CascadeProjects/toolcalc/scripts/seo/.venv/lib/python3.9/site-packages/telebot/__init__.py", line 688, in __retrieve_updates
2026-07-27T03:01:17:     updates = self.get_updates(offset=(self.last_update_id + 1),
2026-07-27T03:01:17:   File "/Users/aicommander/CascadeProjects/toolcalc/scripts/seo/.venv/lib/python3.9/site-packages/telebot/__init__.py", line 660, in get_updates
2026-07-27T03:01:17:     json_updates = apihelper.get_updates(
2026-07-27T03:01:17:   File "/Users/aicommander/CascadeProjects/toolcalc/scripts/seo/.venv/lib/python3.9/site-packages/telebot/apihelper.py", line 339, in get_updates
2026-07-27T03:01:17:     return _make_request(token, method_url, params=payload)
2026-07-27T03:01:17:   File "/Users/aicommander/CascadeProjects/toolcalc/scripts/seo/.venv/lib/python3.9/site-packages/telebot/apihelper.py", line 162, in _make_request
2026-07-27T03:01:17:     result = _get_req_session().request(
2026-07-27T03:01:17:   File "/Users/aicommander/CascadeProjects/toolcalc/scripts/seo/.venv/lib/python3.9/site-packages/requests/sessions.py", line 589, in request
2026-07-27T03:01:17:     resp = self.send(prep, **send_kwargs)
2026-07-27T03:01:17:   File "/Users/aicommander/CascadeProjects/toolcalc/scripts/seo/.venv/lib/python3.9/site-packages/requests/sessions.py", line 703, in send
2026-07-27T03:01:17:     r = adapter.send(request, **kwargs)
2026-07-27T03:01:17:   File "/Users/aicommander/CascadeProjects/toolcalc/scripts/seo/.venv/lib/python3.9/site-packages/requests/adapters.py", line 665, in send
2026-07-27T03:01:17:     raise ConnectTimeout(e, request=request)
2026-07-27T03:01:17: requests.exceptions.ConnectTimeout: HTTPSConnectionPool(host='api.telegram.org', port=443): Max retries exceeded with url: /bot8903604110:***********************************/getUpdates?offset=550404779&timeout=20 (Caused by ConnectTimeoutError(<HTTPSConnection(host='api.telegram.org', port=443) at 0x10ac60d00>, 'Connection to api.telegram.org timed out. (connect timeout=20)'))
2026-07-27T03:01:17: "
2026-07-27T03:01:40: 2026-07-27 03:01:40,547 (__init__.py:1115 MainThread) ERROR - TeleBot: "Infinity polling exception: HTTPSConnectionPool(host='api.telegram.org', port=443): Max retries exceeded with url: /bot8903604110:***********************************/getUpdates?offset=550404779&timeout=20 (Caused by ConnectTimeoutError(<HTTPSConnection(host='api.telegram.org', port=443) at 0x10ac65640>, 'Connection to api.telegram.org timed out. (connect timeout=20)'))"
2026-07-27T03:01:40: 2026-07-27 03:01:40,548 (__init__.py:1117 MainThread) ERROR - TeleBot: "Exception traceback:
2026-07-27T03:01:40: Traceback (most recent call last):
2026-07-27T03:01:40:   File "/Users/aicommander/CascadeProjects/toolcalc/scripts/seo/.venv/lib/python3.9/site-packages/urllib3/connection.py", line 204, in _new_conn
2026-07-27T03:01:40:     sock = connection.create_connection(
2026-07-27T03:01:40:   File "/Users/aicommander/CascadeProjects/toolcalc/scripts/seo/.venv/lib/python3.9/site-packages/urllib3/util/connection.py", line 85, in create_connection
2026-07-27T03:01:40:     raise err
2026-07-27T03:01:40:   File "/Users/aicommander/CascadeProjects/toolcalc/scripts/seo/.venv/lib/python3.9/site-packages/urllib3/util/connection.py", line 73, in create_connection
2026-07-27T03:01:40:     sock.connect(sa)
2026-07-27T03:01:40: socket.timeout: timed out
2026-07-27T03:01:40: 
2026-07-27T03:01:40: The above exception was the direct cause of the following exception:
2026-07-27T03:01:40: 
2026-07-27T03:01:40: Traceback (most recent call last):
2026-07-27T03:01:40:   File "/Users/aicommander/CascadeProjects/toolcalc/scripts/seo/.venv/lib/python3.9/site-packages/urllib3/connectionpool.py", line 787, in urlopen
2026-07-27T03:01:40:     response = self._make_request(
2026-07-27T03:01:40:   File "/Users/aicommander/CascadeProjects/toolcalc/scripts/seo/.venv/lib/python3.9/site-packages/urllib3/connectionpool.py", line 488, in _make_request
2026-07-27T03:01:40:     raise new_e
2026-07-27T03:01:40:   File "/Users/aicommander/CascadeProjects/toolcalc/scripts/seo/.venv/lib/python3.9/site-packages/urllib3/connectionpool.py", line 464, in _make_request
2026-07-27T03:01:40:     self._validate_conn(conn)
2026-07-27T03:01:40:   File "/Users/aicommander/CascadeProjects/toolcalc/scripts/seo/.venv/lib/python3.9/site-packages/urllib3/connectionpool.py", line 1093, in _validate_conn
2026-07-27T03:01:40:     conn.connect()
2026-07-27T03:01:40:   File "/Users/aicommander/CascadeProjects/toolcalc/scripts/seo/.venv/lib/python3.9/site-packages/urllib3/connection.py", line 759, in connect
2026-07-27T03:01:40:     self.sock = sock = self._new_conn()
2026-07-27T03:01:40:   File "/Users/aicommander/CascadeProjects/toolcalc/scripts/seo/.venv/lib/python3.9/site-packages/urllib3/connection.py", line 213, in _new_conn
2026-07-27T03:01:40:     raise ConnectTimeoutError(
2026-07-27T03:01:40: urllib3.exceptions.ConnectTimeoutError: (<HTTPSConnection(host='api.telegram.org', port=443) at 0x10ac65640>, 'Connection to api.telegram.org timed out. (connect timeout=20)')
2026-07-27T03:01:40: 
2026-07-27T03:01:40: The above exception was the direct cause of the following exception:
2026-07-27T03:01:40: 
2026-07-27T03:01:40: Traceback (most recent call last):
2026-07-27T03:01:40:   File "/Users/aicommander/CascadeProjects/toolcalc/scripts/seo/.venv/lib/python3.9/site-packages/requests/adapters.py", line 644, in send
2026-07-27T03:01:40:     resp = conn.urlopen(
2026-07-27T03:01:40:   File "/Users/aicommander/CascadeProjects/toolcalc/scripts/seo/.venv/lib/python3.9/site-packages/urllib3/connectionpool.py", line 841, in urlopen
2026-07-27T03:01:40:     retries = retries.increment(
2026-07-27T03:01:40:   File "/Users/aicommander/CascadeProjects/toolcalc/scripts/seo/.venv/lib/python3.9/site-packages/urllib3/util/retry.py", line 535, in increment
2026-07-27T03:01:40:     raise MaxRetryError(_pool, url, reason) from reason  # type: ignore[arg-type]
2026-07-27T03:01:40: urllib3.exceptions.MaxRetryError: HTTPSConnectionPool(host='api.telegram.org', port=443): Max retries exceeded with url: /bot8903604110:***********************************/getUpdates?offset=550404779&timeout=20 (Caused by ConnectTimeoutError(<HTTPSConnection(host='api.telegram.org', port=443) at 0x10ac65640>, 'Connection to api.telegram.org timed out. (connect timeout=20)'))
2026-07-27T03:01:40: 
2026-07-27T03:01:40: During handling of the above exception, another exception occurred:
2026-07-27T03:01:40: 
2026-07-27T03:01:40: Traceback (most recent call last):
2026-07-27T03:01:40:   File "/Users/aicommander/CascadeProjects/toolcalc/scripts/seo/.venv/lib/python3.9/site-packages/telebot/__init__.py", line 1110, in infinity_polling
2026-07-27T03:01:40:     self.polling(non_stop=True, timeout=timeout, long_polling_timeout=long_polling_timeout,
2026-07-27T03:01:40:   File "/Users/aicommander/CascadeProjects/toolcalc/scripts/seo/.venv/lib/python3.9/site-packages/telebot/__init__.py", line 1198, in polling
2026-07-27T03:01:40:     self.__threaded_polling(non_stop=non_stop, interval=interval, timeout=timeout, long_polling_timeout=long_polling_timeout,
2026-07-27T03:01:40:   File "/Users/aicommander/CascadeProjects/toolcalc/scripts/seo/.venv/lib/python3.9/site-packages/telebot/__init__.py", line 1273, in __threaded_polling
2026-07-27T03:01:40:     raise e
2026-07-27T03:01:40:   File "/Users/aicommander/CascadeProjects/toolcalc/scripts/seo/.venv/lib/python3.9/site-packages/telebot/__init__.py", line 1234, in __threaded_polling
2026-07-27T03:01:40:     polling_thread.raise_exceptions()
2026-07-27T03:01:40:   File "/Users/aicommander/CascadeProjects/toolcalc/scripts/seo/.venv/lib/python3.9/site-packages/telebot/util.py", line 115, in raise_exceptions
2026-07-27T03:01:40:     raise self.exception_info
2026-07-27T03:01:40:   File "/Users/aicommander/CascadeProjects/toolcalc/scripts/seo/.venv/lib/python3.9/site-packages/telebot/util.py", line 97, in run
2026-07-27T03:01:40:     task(*args, **kwargs)
2026-07-27T03:01:40:   File "/Users/aicommander/CascadeProjects/toolcalc/scripts/seo/.venv/lib/python3.9/site-packages/telebot/__init__.py", line 688, in __retrieve_updates
2026-07-27T03:01:40:     updates = self.get_updates(offset=(self.last_update_id + 1),
2026-07-27T03:01:40:   File "/Users/aicommander/CascadeProjects/toolcalc/scripts/seo/.venv/lib/python3.9/site-packages/telebot/__init__.py", line 660, in get_updates
2026-07-27T03:01:40:     json_updates = apihelper.get_updates(
2026-07-27T03:01:40:   File "/Users/aicommander/CascadeProjects/toolcalc/scripts/seo/.venv/lib/python3.9/site-packages/telebot/apihelper.py", line 339, in get_updates
2026-07-27T03:01:40:     return _make_request(token, method_url, params=payload)
2026-07-27T03:01:40:   File "/Users/aicommander/CascadeProjects/toolcalc/scripts/seo/.venv/lib/python3.9/site-packages/telebot/apihelper.py", line 162, in _make_request
2026-07-27T03:01:40:     result = _get_req_session().request(
2026-07-27T03:01:40:   File "/Users/aicommander/CascadeProjects/toolcalc/scripts/seo/.venv/lib/python3.9/site-packages/requests/sessions.py", line 589, in request
2026-07-27T03:01:40:     resp = self.send(prep, **send_kwargs)
2026-07-27T03:01:40:   File "/Users/aicommander/CascadeProjects/toolcalc/scripts/seo/.venv/lib/python3.9/site-packages/requests/sessions.py", line 703, in send
2026-07-27T03:01:40:     r = adapter.send(request, **kwargs)
2026-07-27T03:01:40:   File "/Users/aicommander/CascadeProjects/toolcalc/scripts/seo/.venv/lib/python3.9/site-packages/requests/adapters.py", line 665, in send
2026-07-27T03:01:40:     raise ConnectTimeout(e, request=request)
2026-07-27T03:01:40: requests.exceptions.ConnectTimeout: HTTPSConnectionPool(host='api.telegram.org', port=443): Max retries exceeded with url: /bot8903604110:***********************************/getUpdates?offset=550404779&timeout=20 (Caused by ConnectTimeoutError(<HTTPSConnection(host='api.telegram.org', port=443) at 0x10ac65640>, 'Connection to api.telegram.org timed out. (connect timeout=20)'))
2026-07-27T03:01:40: "
2026-07-27T05:13:33: 2026-07-27 05:13:33,079 (__init__.py:1115 MainThread) ERROR - TeleBot: "Infinity polling exception: HTTPSConnectionPool(host='api.telegram.org', port=443): Read timed out. (read timeout=25)"
2026-07-27T05:13:33: 2026-07-27 05:13:33,081 (__init__.py:1117 MainThread) ERROR - TeleBot: "Exception traceback:
2026-07-27T05:13:33: Traceback (most recent call last):
2026-07-27T05:13:33:   File "/Users/aicommander/CascadeProjects/toolcalc/scripts/seo/.venv/lib/python3.9/site-packages/urllib3/connectionpool.py", line 534, in _make_request
2026-07-27T05:13:33:     response = conn.getresponse()
2026-07-27T05:13:33:   File "/Users/aicommander/CascadeProjects/toolcalc/scripts/seo/.venv/lib/python3.9/site-packages/urllib3/connection.py", line 571, in getresponse
2026-07-27T05:13:33:     httplib_response = super().getresponse()
2026-07-27T05:13:33:   File "/Library/Developer/CommandLineTools/Library/Frameworks/Python3.framework/Versions/3.9/lib/python3.9/http/client.py", line 1349, in getresponse
2026-07-27T05:13:33:     response.begin()
2026-07-27T05:13:33:   File "/Library/Developer/CommandLineTools/Library/Frameworks/Python3.framework/Versions/3.9/lib/python3.9/http/client.py", line 316, in begin
2026-07-27T05:13:33:     version, status, reason = self._read_status()
2026-07-27T05:13:33:   File "/Library/Developer/CommandLineTools/Library/Frameworks/Python3.framework/Versions/3.9/lib/python3.9/http/client.py", line 277, in _read_status
2026-07-27T05:13:33:     line = str(self.fp.readline(_MAXLINE + 1), "iso-8859-1")
2026-07-27T05:13:33:   File "/Library/Developer/CommandLineTools/Library/Frameworks/Python3.framework/Versions/3.9/lib/python3.9/socket.py", line 704, in readinto
2026-07-27T05:13:33:     return self._sock.recv_into(b)
2026-07-27T05:13:33:   File "/Library/Developer/CommandLineTools/Library/Frameworks/Python3.framework/Versions/3.9/lib/python3.9/ssl.py", line 1241, in recv_into
2026-07-27T05:13:33:     return self.read(nbytes, buffer)
2026-07-27T05:13:33:   File "/Library/Developer/CommandLineTools/Library/Frameworks/Python3.framework/Versions/3.9/lib/python3.9/ssl.py", line 1099, in read
2026-07-27T05:13:33:     return self._sslobj.read(len, buffer)
2026-07-27T05:13:33: socket.timeout: The read operation timed out
2026-07-27T05:13:33: 
2026-07-27T05:13:33: The above exception was the direct cause of the following exception:
2026-07-27T05:13:33: 
2026-07-27T05:13:33: Traceback (most recent call last):
2026-07-27T05:13:33:   File "/Users/aicommander/CascadeProjects/toolcalc/scripts/seo/.venv/lib/python3.9/site-packages/requests/adapters.py", line 644, in send
2026-07-27T05:13:33:     resp = conn.urlopen(
2026-07-27T05:13:33:   File "/Users/aicommander/CascadeProjects/toolcalc/scripts/seo/.venv/lib/python3.9/site-packages/urllib3/connectionpool.py", line 841, in urlopen
2026-07-27T05:13:33:     retries = retries.increment(
2026-07-27T05:13:33:   File "/Users/aicommander/CascadeProjects/toolcalc/scripts/seo/.venv/lib/python3.9/site-packages/urllib3/util/retry.py", line 490, in increment
2026-07-27T05:13:33:     raise reraise(type(error), error, _stacktrace)
2026-07-27T05:13:33:   File "/Users/aicommander/CascadeProjects/toolcalc/scripts/seo/.venv/lib/python3.9/site-packages/urllib3/util/util.py", line 39, in reraise
2026-07-27T05:13:33:     raise value
2026-07-27T05:13:33:   File "/Users/aicommander/CascadeProjects/toolcalc/scripts/seo/.venv/lib/python3.9/site-packages/urllib3/connectionpool.py", line 787, in urlopen
2026-07-27T05:13:33:     response = self._make_request(
2026-07-27T05:13:33:   File "/Users/aicommander/CascadeProjects/toolcalc/scripts/seo/.venv/lib/python3.9/site-packages/urllib3/connectionpool.py", line 536, in _make_request
2026-07-27T05:13:33:     self._raise_timeout(err=e, url=url, timeout_value=read_timeout)
2026-07-27T05:13:33:   File "/Users/aicommander/CascadeProjects/toolcalc/scripts/seo/.venv/lib/python3.9/site-packages/urllib3/connectionpool.py", line 367, in _raise_timeout
2026-07-27T05:13:33:     raise ReadTimeoutError(
2026-07-27T05:13:33: urllib3.exceptions.ReadTimeoutError: HTTPSConnectionPool(host='api.telegram.org', port=443): Read timed out. (read timeout=25)
2026-07-27T05:13:33: 
2026-07-27T05:13:33: During handling of the above exception, another exception occurred:
2026-07-27T05:13:33: 
2026-07-27T05:13:33: Traceback (most recent call last):
2026-07-27T05:13:33:   File "/Users/aicommander/CascadeProjects/toolcalc/scripts/seo/.venv/lib/python3.9/site-packages/telebot/__init__.py", line 1110, in infinity_polling
2026-07-27T05:13:33:     self.polling(non_stop=True, timeout=timeout, long_polling_timeout=long_polling_timeout,
2026-07-27T05:13:33:   File "/Users/aicommander/CascadeProjects/toolcalc/scripts/seo/.venv/lib/python3.9/site-packages/telebot/__init__.py", line 1198, in polling
2026-07-27T05:13:33:     self.__threaded_polling(non_stop=non_stop, interval=interval, timeout=timeout, long_polling_timeout=long_polling_timeout,
2026-07-27T05:13:33:   File "/Users/aicommander/CascadeProjects/toolcalc/scripts/seo/.venv/lib/python3.9/site-packages/telebot/__init__.py", line 1273, in __threaded_polling
2026-07-27T05:13:33:     raise e
2026-07-27T05:13:33:   File "/Users/aicommander/CascadeProjects/toolcalc/scripts/seo/.venv/lib/python3.9/site-packages/telebot/__init__.py", line 1234, in __threaded_polling
2026-07-27T05:13:33:     polling_thread.raise_exceptions()
2026-07-27T05:13:33:   File "/Users/aicommander/CascadeProjects/toolcalc/scripts/seo/.venv/lib/python3.9/site-packages/telebot/util.py", line 115, in raise_exceptions
2026-07-27T05:13:33:     raise self.exception_info
2026-07-27T05:13:33:   File "/Users/aicommander/CascadeProjects/toolcalc/scripts/seo/.venv/lib/python3.9/site-packages/telebot/util.py", line 97, in run
2026-07-27T05:13:33:     task(*args, **kwargs)
2026-07-27T05:13:33:   File "/Users/aicommander/CascadeProjects/toolcalc/scripts/seo/.venv/lib/python3.9/site-packages/telebot/__init__.py", line 688, in __retrieve_updates
2026-07-27T05:13:33:     updates = self.get_updates(offset=(self.last_update_id + 1),
2026-07-27T05:13:33:   File "/Users/aicommander/CascadeProjects/toolcalc/scripts/seo/.venv/lib/python3.9/site-packages/telebot/__init__.py", line 660, in get_updates
2026-07-27T05:13:33:     json_updates = apihelper.get_updates(
2026-07-27T05:13:33:   File "/Users/aicommander/CascadeProjects/toolcalc/scripts/seo/.venv/lib/python3.9/site-packages/telebot/apihelper.py", line 339, in get_updates
2026-07-27T05:13:33:     return _make_request(token, method_url, params=payload)
2026-07-27T05:13:33:   File "/Users/aicommander/CascadeProjects/toolcalc/scripts/seo/.venv/lib/python3.9/site-packages/telebot/apihelper.py", line 162, in _make_request
2026-07-27T05:13:33:     result = _get_req_session().request(
2026-07-27T05:13:33:   File "/Users/aicommander/CascadeProjects/toolcalc/scripts/seo/.venv/lib/python3.9/site-packages/requests/sessions.py", line 589, in request
2026-07-27T05:13:33:     resp = self.send(prep, **send_kwargs)
2026-07-27T05:13:33:   File "/Users/aicommander/CascadeProjects/toolcalc/scripts/seo/.venv/lib/python3.9/site-packages/requests/sessions.py", line 703, in send
2026-07-27T05:13:33:     r = adapter.send(request, **kwargs)
2026-07-27T05:13:33:   File "/Users/aicommander/CascadeProjects/toolcalc/scripts/seo/.venv/lib/python3.9/site-packages/requests/adapters.py", line 690, in send
2026-07-27T05:13:33:     raise ReadTimeout(e, request=request)
2026-07-27T05:13:33: requests.exceptions.ReadTimeout: HTTPSConnectionPool(host='api.telegram.org', port=443): Read timed out. (read timeout=25)
2026-07-27T05:13:33: "
2026-07-28T03:00:32: 2026-07-28 03:00:32,819 (__init__.py:1115 MainThread) ERROR - TeleBot: "Infinity polling exception: HTTPSConnectionPool(host='api.telegram.org', port=443): Read timed out. (read timeout=25)"
2026-07-28T03:00:32: 2026-07-28 03:00:32,822 (__init__.py:1117 MainThread) ERROR - TeleBot: "Exception traceback:
2026-07-28T03:00:32: Traceback (most recent call last):
2026-07-28T03:00:32:   File "/Users/aicommander/CascadeProjects/toolcalc/scripts/seo/.venv/lib/python3.9/site-packages/urllib3/connectionpool.py", line 534, in _make_request
2026-07-28T03:00:32:     response = conn.getresponse()
2026-07-28T03:00:32:   File "/Users/aicommander/CascadeProjects/toolcalc/scripts/seo/.venv/lib/python3.9/site-packages/urllib3/connection.py", line 571, in getresponse
2026-07-28T03:00:32:     httplib_response = super().getresponse()
2026-07-28T03:00:32:   File "/Library/Developer/CommandLineTools/Library/Frameworks/Python3.framework/Versions/3.9/lib/python3.9/http/client.py", line 1349, in getresponse
2026-07-28T03:00:32:     response.begin()
2026-07-28T03:00:32:   File "/Library/Developer/CommandLineTools/Library/Frameworks/Python3.framework/Versions/3.9/lib/python3.9/http/client.py", line 316, in begin
2026-07-28T03:00:32:     version, status, reason = self._read_status()
2026-07-28T03:00:32:   File "/Library/Developer/CommandLineTools/Library/Frameworks/Python3.framework/Versions/3.9/lib/python3.9/http/client.py", line 277, in _read_status
2026-07-28T03:00:32:     line = str(self.fp.readline(_MAXLINE + 1), "iso-8859-1")
2026-07-28T03:00:32:   File "/Library/Developer/CommandLineTools/Library/Frameworks/Python3.framework/Versions/3.9/lib/python3.9/socket.py", line 704, in readinto
2026-07-28T03:00:32:     return self._sock.recv_into(b)
2026-07-28T03:00:32:   File "/Library/Developer/CommandLineTools/Library/Frameworks/Python3.framework/Versions/3.9/lib/python3.9/ssl.py", line 1241, in recv_into
2026-07-28T03:00:32:     return self.read(nbytes, buffer)
2026-07-28T03:00:32:   File "/Library/Developer/CommandLineTools/Library/Frameworks/Python3.framework/Versions/3.9/lib/python3.9/ssl.py", line 1099, in read
2026-07-28T03:00:32:     return self._sslobj.read(len, buffer)
2026-07-28T03:00:32: socket.timeout: The read operation timed out
2026-07-28T03:00:32: 
2026-07-28T03:00:32: The above exception was the direct cause of the following exception:
2026-07-28T03:00:32: 
2026-07-28T03:00:32: Traceback (most recent call last):
2026-07-28T03:00:32:   File "/Users/aicommander/CascadeProjects/toolcalc/scripts/seo/.venv/lib/python3.9/site-packages/requests/adapters.py", line 644, in send
2026-07-28T03:00:32:     resp = conn.urlopen(
2026-07-28T03:00:32:   File "/Users/aicommander/CascadeProjects/toolcalc/scripts/seo/.venv/lib/python3.9/site-packages/urllib3/connectionpool.py", line 841, in urlopen
2026-07-28T03:00:32:     retries = retries.increment(
2026-07-28T03:00:32:   File "/Users/aicommander/CascadeProjects/toolcalc/scripts/seo/.venv/lib/python3.9/site-packages/urllib3/util/retry.py", line 490, in increment
2026-07-28T03:00:32:     raise reraise(type(error), error, _stacktrace)
2026-07-28T03:00:32:   File "/Users/aicommander/CascadeProjects/toolcalc/scripts/seo/.venv/lib/python3.9/site-packages/urllib3/util/util.py", line 39, in reraise
2026-07-28T03:00:32:     raise value
2026-07-28T03:00:32:   File "/Users/aicommander/CascadeProjects/toolcalc/scripts/seo/.venv/lib/python3.9/site-packages/urllib3/connectionpool.py", line 787, in urlopen
2026-07-28T03:00:32:     response = self._make_request(
2026-07-28T03:00:32:   File "/Users/aicommander/CascadeProjects/toolcalc/scripts/seo/.venv/lib/python3.9/site-packages/urllib3/connectionpool.py", line 536, in _make_request
2026-07-28T03:00:32:     self._raise_timeout(err=e, url=url, timeout_value=read_timeout)
2026-07-28T03:00:32:   File "/Users/aicommander/CascadeProjects/toolcalc/scripts/seo/.venv/lib/python3.9/site-packages/urllib3/connectionpool.py", line 367, in _raise_timeout
2026-07-28T03:00:32:     raise ReadTimeoutError(
2026-07-28T03:00:32: urllib3.exceptions.ReadTimeoutError: HTTPSConnectionPool(host='api.telegram.org', port=443): Read timed out. (read timeout=25)
2026-07-28T03:00:32: 
2026-07-28T03:00:32: During handling of the above exception, another exception occurred:
2026-07-28T03:00:32: 
2026-07-28T03:00:32: Traceback (most recent call last):
2026-07-28T03:00:32:   File "/Users/aicommander/CascadeProjects/toolcalc/scripts/seo/.venv/lib/python3.9/site-packages/telebot/__init__.py", line 1110, in infinity_polling
2026-07-28T03:00:32:     self.polling(non_stop=True, timeout=timeout, long_polling_timeout=long_polling_timeout,
2026-07-28T03:00:32:   File "/Users/aicommander/CascadeProjects/toolcalc/scripts/seo/.venv/lib/python3.9/site-packages/telebot/__init__.py", line 1198, in polling
2026-07-28T03:00:32:     self.__threaded_polling(non_stop=non_stop, interval=interval, timeout=timeout, long_polling_timeout=long_polling_timeout,
2026-07-28T03:00:32:   File "/Users/aicommander/CascadeProjects/toolcalc/scripts/seo/.venv/lib/python3.9/site-packages/telebot/__init__.py", line 1273, in __threaded_polling
2026-07-28T03:00:32:     raise e
2026-07-28T03:00:32:   File "/Users/aicommander/CascadeProjects/toolcalc/scripts/seo/.venv/lib/python3.9/site-packages/telebot/__init__.py", line 1234, in __threaded_polling
2026-07-28T03:00:32:     polling_thread.raise_exceptions()
2026-07-28T03:00:32:   File "/Users/aicommander/CascadeProjects/toolcalc/scripts/seo/.venv/lib/python3.9/site-packages/telebot/util.py", line 115, in raise_exceptions
2026-07-28T03:00:32:     raise self.exception_info
2026-07-28T03:00:32:   File "/Users/aicommander/CascadeProjects/toolcalc/scripts/seo/.venv/lib/python3.9/site-packages/telebot/util.py", line 97, in run
2026-07-28T03:00:32:     task(*args, **kwargs)
2026-07-28T03:00:32:   File "/Users/aicommander/CascadeProjects/toolcalc/scripts/seo/.venv/lib/python3.9/site-packages/telebot/__init__.py", line 688, in __retrieve_updates
2026-07-28T03:00:32:     updates = self.get_updates(offset=(self.last_update_id + 1),
2026-07-28T03:00:32:   File "/Users/aicommander/CascadeProjects/toolcalc/scripts/seo/.venv/lib/python3.9/site-packages/telebot/__init__.py", line 660, in get_updates
2026-07-28T03:00:32:     json_updates = apihelper.get_updates(
2026-07-28T03:00:32:   File "/Users/aicommander/CascadeProjects/toolcalc/scripts/seo/.venv/lib/python3.9/site-packages/telebot/apihelper.py", line 339, in get_updates
2026-07-28T03:00:32:     return _make_request(token, method_url, params=payload)
2026-07-28T03:00:32:   File "/Users/aicommander/CascadeProjects/toolcalc/scripts/seo/.venv/lib/python3.9/site-packages/telebot/apihelper.py", line 162, in _make_request
2026-07-28T03:00:32:     result = _get_req_session().request(
2026-07-28T03:00:32:   File "/Users/aicommander/CascadeProjects/toolcalc/scripts/seo/.venv/lib/python3.9/site-packages/requests/sessions.py", line 589, in request
2026-07-28T03:00:32:     resp = self.send(prep, **send_kwargs)
2026-07-28T03:00:32:   File "/Users/aicommander/CascadeProjects/toolcalc/scripts/seo/.venv/lib/python3.9/site-packages/requests/sessions.py", line 703, in send
2026-07-28T03:00:32:     r = adapter.send(request, **kwargs)
2026-07-28T03:00:32:   File "/Users/aicommander/CascadeProjects/toolcalc/scripts/seo/.venv/lib/python3.9/site-packages/requests/adapters.py", line 690, in send
2026-07-28T03:00:32:     raise ReadTimeout(e, request=request)
2026-07-28T03:00:32: requests.exceptions.ReadTimeout: HTTPSConnectionPool(host='api.telegram.org', port=443): Read timed out. (read timeout=25)
2026-07-28T03:00:32: "
2026-07-28T03:00:55: 2026-07-28 03:00:55,994 (__init__.py:1115 MainThread) ERROR - TeleBot: "Infinity polling exception: HTTPSConnectionPool(host='api.telegram.org', port=443): Max retries exceeded with url: /bot8903604110:***********************************/getUpdates?offset=550404779&timeout=20 (Caused by ConnectTimeoutError(<HTTPSConnection(host='api.telegram.org', port=443) at 0x10a9e0a30>, 'Connection to api.telegram.org timed out. (connect timeout=20)'))"
2026-07-28T03:00:55: 2026-07-28 03:00:55,995 (__init__.py:1117 MainThread) ERROR - TeleBot: "Exception traceback:
2026-07-28T03:00:55: Traceback (most recent call last):
2026-07-28T03:00:55:   File "/Users/aicommander/CascadeProjects/toolcalc/scripts/seo/.venv/lib/python3.9/site-packages/urllib3/connection.py", line 204, in _new_conn
2026-07-28T03:00:55:     sock = connection.create_connection(
2026-07-28T03:00:55:   File "/Users/aicommander/CascadeProjects/toolcalc/scripts/seo/.venv/lib/python3.9/site-packages/urllib3/util/connection.py", line 85, in create_connection
2026-07-28T03:00:55:     raise err
2026-07-28T03:00:55:   File "/Users/aicommander/CascadeProjects/toolcalc/scripts/seo/.venv/lib/python3.9/site-packages/urllib3/util/connection.py", line 73, in create_connection
2026-07-28T03:00:55:     sock.connect(sa)
2026-07-28T03:00:55: socket.timeout: timed out
2026-07-28T03:00:55: 
2026-07-28T03:00:55: The above exception was the direct cause of the following exception:
2026-07-28T03:00:55: 
2026-07-28T03:00:55: Traceback (most recent call last):
2026-07-28T03:00:55:   File "/Users/aicommander/CascadeProjects/toolcalc/scripts/seo/.venv/lib/python3.9/site-packages/urllib3/connectionpool.py", line 787, in urlopen
2026-07-28T03:00:55:     response = self._make_request(
2026-07-28T03:00:55:   File "/Users/aicommander/CascadeProjects/toolcalc/scripts/seo/.venv/lib/python3.9/site-packages/urllib3/connectionpool.py", line 488, in _make_request
2026-07-28T03:00:55:     raise new_e
2026-07-28T03:00:55:   File "/Users/aicommander/CascadeProjects/toolcalc/scripts/seo/.venv/lib/python3.9/site-packages/urllib3/connectionpool.py", line 464, in _make_request
2026-07-28T03:00:55:     self._validate_conn(conn)
2026-07-28T03:00:55:   File "/Users/aicommander/CascadeProjects/toolcalc/scripts/seo/.venv/lib/python3.9/site-packages/urllib3/connectionpool.py", line 1093, in _validate_conn
2026-07-28T03:00:55:     conn.connect()
2026-07-28T03:00:55:   File "/Users/aicommander/CascadeProjects/toolcalc/scripts/seo/.venv/lib/python3.9/site-packages/urllib3/connection.py", line 759, in connect
2026-07-28T03:00:55:     self.sock = sock = self._new_conn()
2026-07-28T03:00:55:   File "/Users/aicommander/CascadeProjects/toolcalc/scripts/seo/.venv/lib/python3.9/site-packages/urllib3/connection.py", line 213, in _new_conn
2026-07-28T03:00:55:     raise ConnectTimeoutError(
2026-07-28T03:00:55: urllib3.exceptions.ConnectTimeoutError: (<HTTPSConnection(host='api.telegram.org', port=443) at 0x10a9e0a30>, 'Connection to api.telegram.org timed out. (connect timeout=20)')
2026-07-28T03:00:55: 
2026-07-28T03:00:55: The above exception was the direct cause of the following exception:
2026-07-28T03:00:55: 
2026-07-28T03:00:55: Traceback (most recent call last):
2026-07-28T03:00:55:   File "/Users/aicommander/CascadeProjects/toolcalc/scripts/seo/.venv/lib/python3.9/site-packages/requests/adapters.py", line 644, in send
2026-07-28T03:00:55:     resp = conn.urlopen(
2026-07-28T03:00:55:   File "/Users/aicommander/CascadeProjects/toolcalc/scripts/seo/.venv/lib/python3.9/site-packages/urllib3/connectionpool.py", line 841, in urlopen
2026-07-28T03:00:55:     retries = retries.increment(
2026-07-28T03:00:55:   File "/Users/aicommander/CascadeProjects/toolcalc/scripts/seo/.venv/lib/python3.9/site-packages/urllib3/util/retry.py", line 535, in increment
2026-07-28T03:00:55:     raise MaxRetryError(_pool, url, reason) from reason  # type: ignore[arg-type]
2026-07-28T03:00:55: urllib3.exceptions.MaxRetryError: HTTPSConnectionPool(host='api.telegram.org', port=443): Max retries exceeded with url: /bot8903604110:***********************************/getUpdates?offset=550404779&timeout=20 (Caused by ConnectTimeoutError(<HTTPSConnection(host='api.telegram.org', port=443) at 0x10a9e0a30>, 'Connection to api.telegram.org timed out. (connect timeout=20)'))
2026-07-28T03:00:55: 
2026-07-28T03:00:55: During handling of the above exception, another exception occurred:
2026-07-28T03:00:55: 
2026-07-28T03:00:55: Traceback (most recent call last):
2026-07-28T03:00:55:   File "/Users/aicommander/CascadeProjects/toolcalc/scripts/seo/.venv/lib/python3.9/site-packages/telebot/__init__.py", line 1110, in infinity_polling
2026-07-28T03:00:55:     self.polling(non_stop=True, timeout=timeout, long_polling_timeout=long_polling_timeout,
2026-07-28T03:00:55:   File "/Users/aicommander/CascadeProjects/toolcalc/scripts/seo/.venv/lib/python3.9/site-packages/telebot/__init__.py", line 1198, in polling
2026-07-28T03:00:55:     self.__threaded_polling(non_stop=non_stop, interval=interval, timeout=timeout, long_polling_timeout=long_polling_timeout,
2026-07-28T03:00:55:   File "/Users/aicommander/CascadeProjects/toolcalc/scripts/seo/.venv/lib/python3.9/site-packages/telebot/__init__.py", line 1273, in __threaded_polling
2026-07-28T03:00:55:     raise e
2026-07-28T03:00:55:   File "/Users/aicommander/CascadeProjects/toolcalc/scripts/seo/.venv/lib/python3.9/site-packages/telebot/__init__.py", line 1234, in __threaded_polling
2026-07-28T03:00:55:     polling_thread.raise_exceptions()
2026-07-28T03:00:55:   File "/Users/aicommander/CascadeProjects/toolcalc/scripts/seo/.venv/lib/python3.9/site-packages/telebot/util.py", line 115, in raise_exceptions
2026-07-28T03:00:55:     raise self.exception_info
2026-07-28T03:00:55:   File "/Users/aicommander/CascadeProjects/toolcalc/scripts/seo/.venv/lib/python3.9/site-packages/telebot/util.py", line 97, in run
2026-07-28T03:00:55:     task(*args, **kwargs)
2026-07-28T03:00:55:   File "/Users/aicommander/CascadeProjects/toolcalc/scripts/seo/.venv/lib/python3.9/site-packages/telebot/__init__.py", line 688, in __retrieve_updates
2026-07-28T03:00:55:     updates = self.get_updates(offset=(self.last_update_id + 1),
2026-07-28T03:00:55:   File "/Users/aicommander/CascadeProjects/toolcalc/scripts/seo/.venv/lib/python3.9/site-packages/telebot/__init__.py", line 660, in get_updates
2026-07-28T03:00:55:     json_updates = apihelper.get_updates(
2026-07-28T03:00:55:   File "/Users/aicommander/CascadeProjects/toolcalc/scripts/seo/.venv/lib/python3.9/site-packages/telebot/apihelper.py", line 339, in get_updates
2026-07-28T03:00:55:     return _make_request(token, method_url, params=payload)
2026-07-28T03:00:55:   File "/Users/aicommander/CascadeProjects/toolcalc/scripts/seo/.venv/lib/python3.9/site-packages/telebot/apihelper.py", line 162, in _make_request
2026-07-28T03:00:55:     result = _get_req_session().request(
2026-07-28T03:00:55:   File "/Users/aicommander/CascadeProjects/toolcalc/scripts/seo/.venv/lib/python3.9/site-packages/requests/sessions.py", line 589, in request
2026-07-28T03:00:55:     resp = self.send(prep, **send_kwargs)
2026-07-28T03:00:55:   File "/Users/aicommander/CascadeProjects/toolcalc/scripts/seo/.venv/lib/python3.9/site-packages/requests/sessions.py", line 703, in send
2026-07-28T03:00:55:     r = adapter.send(request, **kwargs)
2026-07-28T03:00:55:   File "/Users/aicommander/CascadeProjects/toolcalc/scripts/seo/.venv/lib/python3.9/site-packages/requests/adapters.py", line 665, in send
2026-07-28T03:00:55:     raise ConnectTimeout(e, request=request)
2026-07-28T03:00:55: requests.exceptions.ConnectTimeout: HTTPSConnectionPool(host='api.telegram.org', port=443): Max retries exceeded with url: /bot8903604110:***********************************/getUpdates?offset=550404779&timeout=20 (Caused by ConnectTimeoutError(<HTTPSConnection(host='api.telegram.org', port=443) at 0x10a9e0a30>, 'Connection to api.telegram.org timed out. (connect timeout=20)'))
2026-07-28T03:00:55: "
2026-07-28T03:01:19: 2026-07-28 03:01:19,158 (__init__.py:1115 MainThread) ERROR - TeleBot: "Infinity polling exception: HTTPSConnectionPool(host='api.telegram.org', port=443): Max retries exceeded with url: /bot8903604110:***********************************/getUpdates?offset=550404779&timeout=20 (Caused by ConnectTimeoutError(<HTTPSConnection(host='api.telegram.org', port=443) at 0x10ac962b0>, 'Connection to api.telegram.org timed out. (connect timeout=20)'))"
2026-07-28T03:01:19: 2026-07-28 03:01:19,159 (__init__.py:1117 MainThread) ERROR - TeleBot: "Exception traceback:
2026-07-28T03:01:19: Traceback (most recent call last):
2026-07-28T03:01:19:   File "/Users/aicommander/CascadeProjects/toolcalc/scripts/seo/.venv/lib/python3.9/site-packages/urllib3/connection.py", line 204, in _new_conn
2026-07-28T03:01:19:     sock = connection.create_connection(
2026-07-28T03:01:19:   File "/Users/aicommander/CascadeProjects/toolcalc/scripts/seo/.venv/lib/python3.9/site-packages/urllib3/util/connection.py", line 85, in create_connection
2026-07-28T03:01:19:     raise err
2026-07-28T03:01:19:   File "/Users/aicommander/CascadeProjects/toolcalc/scripts/seo/.venv/lib/python3.9/site-packages/urllib3/util/connection.py", line 73, in create_connection
2026-07-28T03:01:19:     sock.connect(sa)
2026-07-28T03:01:19: socket.timeout: timed out
2026-07-28T03:01:19: 
2026-07-28T03:01:19: The above exception was the direct cause of the following exception:
2026-07-28T03:01:19: 
2026-07-28T03:01:19: Traceback (most recent call last):
2026-07-28T03:01:19:   File "/Users/aicommander/CascadeProjects/toolcalc/scripts/seo/.venv/lib/python3.9/site-packages/urllib3/connectionpool.py", line 787, in urlopen
2026-07-28T03:01:19:     response = self._make_request(
2026-07-28T03:01:19:   File "/Users/aicommander/CascadeProjects/toolcalc/scripts/seo/.venv/lib/python3.9/site-packages/urllib3/connectionpool.py", line 488, in _make_request
2026-07-28T03:01:19:     raise new_e
2026-07-28T03:01:19:   File "/Users/aicommander/CascadeProjects/toolcalc/scripts/seo/.venv/lib/python3.9/site-packages/urllib3/connectionpool.py", line 464, in _make_request
2026-07-28T03:01:19:     self._validate_conn(conn)
2026-07-28T03:01:19:   File "/Users/aicommander/CascadeProjects/toolcalc/scripts/seo/.venv/lib/python3.9/site-packages/urllib3/connectionpool.py", line 1093, in _validate_conn
2026-07-28T03:01:19:     conn.connect()
2026-07-28T03:01:19:   File "/Users/aicommander/CascadeProjects/toolcalc/scripts/seo/.venv/lib/python3.9/site-packages/urllib3/connection.py", line 759, in connect
2026-07-28T03:01:19:     self.sock = sock = self._new_conn()
2026-07-28T03:01:19:   File "/Users/aicommander/CascadeProjects/toolcalc/scripts/seo/.venv/lib/python3.9/site-packages/urllib3/connection.py", line 213, in _new_conn
2026-07-28T03:01:19:     raise ConnectTimeoutError(
2026-07-28T03:01:19: urllib3.exceptions.ConnectTimeoutError: (<HTTPSConnection(host='api.telegram.org', port=443) at 0x10ac962b0>, 'Connection to api.telegram.org timed out. (connect timeout=20)')
2026-07-28T03:01:19: 
2026-07-28T03:01:19: The above exception was the direct cause of the following exception:
2026-07-28T03:01:19: 
2026-07-28T03:01:19: Traceback (most recent call last):
2026-07-28T03:01:19:   File "/Users/aicommander/CascadeProjects/toolcalc/scripts/seo/.venv/lib/python3.9/site-packages/requests/adapters.py", line 644, in send
2026-07-28T03:01:19:     resp = conn.urlopen(
2026-07-28T03:01:19:   File "/Users/aicommander/CascadeProjects/toolcalc/scripts/seo/.venv/lib/python3.9/site-packages/urllib3/connectionpool.py", line 841, in urlopen
2026-07-28T03:01:19:     retries = retries.increment(
2026-07-28T03:01:19:   File "/Users/aicommander/CascadeProjects/toolcalc/scripts/seo/.venv/lib/python3.9/site-packages/urllib3/util/retry.py", line 535, in increment
2026-07-28T03:01:19:     raise MaxRetryError(_pool, url, reason) from reason  # type: ignore[arg-type]
2026-07-28T03:01:19: urllib3.exceptions.MaxRetryError: HTTPSConnectionPool(host='api.telegram.org', port=443): Max retries exceeded with url: /bot8903604110:***********************************/getUpdates?offset=550404779&timeout=20 (Caused by ConnectTimeoutError(<HTTPSConnection(host='api.telegram.org', port=443) at 0x10ac962b0>, 'Connection to api.telegram.org timed out. (connect timeout=20)'))
2026-07-28T03:01:19: 
2026-07-28T03:01:19: During handling of the above exception, another exception occurred:
2026-07-28T03:01:19: 
2026-07-28T03:01:19: Traceback (most recent call last):
2026-07-28T03:01:19:   File "/Users/aicommander/CascadeProjects/toolcalc/scripts/seo/.venv/lib/python3.9/site-packages/telebot/__init__.py", line 1110, in infinity_polling
2026-07-28T03:01:19:     self.polling(non_stop=True, timeout=timeout, long_polling_timeout=long_polling_timeout,
2026-07-28T03:01:19:   File "/Users/aicommander/CascadeProjects/toolcalc/scripts/seo/.venv/lib/python3.9/site-packages/telebot/__init__.py", line 1198, in polling
2026-07-28T03:01:19:     self.__threaded_polling(non_stop=non_stop, interval=interval, timeout=timeout, long_polling_timeout=long_polling_timeout,
2026-07-28T03:01:19:   File "/Users/aicommander/CascadeProjects/toolcalc/scripts/seo/.venv/lib/python3.9/site-packages/telebot/__init__.py", line 1273, in __threaded_polling
2026-07-28T03:01:19:     raise e
2026-07-28T03:01:19:   File "/Users/aicommander/CascadeProjects/toolcalc/scripts/seo/.venv/lib/python3.9/site-packages/telebot/__init__.py", line 1234, in __threaded_polling
2026-07-28T03:01:19:     polling_thread.raise_exceptions()
2026-07-28T03:01:19:   File "/Users/aicommander/CascadeProjects/toolcalc/scripts/seo/.venv/lib/python3.9/site-packages/telebot/util.py", line 115, in raise_exceptions
2026-07-28T03:01:19:     raise self.exception_info
2026-07-28T03:01:19:   File "/Users/aicommander/CascadeProjects/toolcalc/scripts/seo/.venv/lib/python3.9/site-packages/telebot/util.py", line 97, in run
2026-07-28T03:01:19:     task(*args, **kwargs)
2026-07-28T03:01:19:   File "/Users/aicommander/CascadeProjects/toolcalc/scripts/seo/.venv/lib/python3.9/site-packages/telebot/__init__.py", line 688, in __retrieve_updates
2026-07-28T03:01:19:     updates = self.get_updates(offset=(self.last_update_id + 1),
2026-07-28T03:01:19:   File "/Users/aicommander/CascadeProjects/toolcalc/scripts/seo/.venv/lib/python3.9/site-packages/telebot/__init__.py", line 660, in get_updates
2026-07-28T03:01:19:     json_updates = apihelper.get_updates(
2026-07-28T03:01:19:   File "/Users/aicommander/CascadeProjects/toolcalc/scripts/seo/.venv/lib/python3.9/site-packages/telebot/apihelper.py", line 339, in get_updates
2026-07-28T03:01:19:     return _make_request(token, method_url, params=payload)
2026-07-28T03:01:19:   File "/Users/aicommander/CascadeProjects/toolcalc/scripts/seo/.venv/lib/python3.9/site-packages/telebot/apihelper.py", line 162, in _make_request
2026-07-28T03:01:19:     result = _get_req_session().request(
2026-07-28T03:01:19:   File "/Users/aicommander/CascadeProjects/toolcalc/scripts/seo/.venv/lib/python3.9/site-packages/requests/sessions.py", line 589, in request
2026-07-28T03:01:19:     resp = self.send(prep, **send_kwargs)
2026-07-28T03:01:19:   File "/Users/aicommander/CascadeProjects/toolcalc/scripts/seo/.venv/lib/python3.9/site-packages/requests/sessions.py", line 703, in send
2026-07-28T03:01:19:     r = adapter.send(request, **kwargs)
2026-07-28T03:01:19:   File "/Users/aicommander/CascadeProjects/toolcalc/scripts/seo/.venv/lib/python3.9/site-packages/requests/adapters.py", line 665, in send
2026-07-28T03:01:19:     raise ConnectTimeout(e, request=request)
2026-07-28T03:01:19: requests.exceptions.ConnectTimeout: HTTPSConnectionPool(host='api.telegram.org', port=443): Max retries exceeded with url: /bot8903604110:***********************************/getUpdates?offset=550404779&timeout=20 (Caused by ConnectTimeoutError(<HTTPSConnection(host='api.telegram.org', port=443) at 0x10ac962b0>, 'Connection to api.telegram.org timed out. (connect timeout=20)'))
2026-07-28T03:01:19: "
2026-07-29T00:07:41: Python(4066) MallocStackLogging: can't turn off malloc stack logging because it was not enabled.
2026-07-29T01:12:09: 2026-07-29 01:12:08,993 (__init__.py:1115 MainThread) ERROR - TeleBot: "Infinity polling exception: HTTPSConnectionPool(host='api.telegram.org', port=443): Read timed out. (read timeout=25)"
2026-07-29T01:12:09: 2026-07-29 01:12:09,000 (__init__.py:1117 MainThread) ERROR - TeleBot: "Exception traceback:
2026-07-29T01:12:09: Traceback (most recent call last):
2026-07-29T01:12:09:   File "/Users/aicommander/CascadeProjects/toolcalc/scripts/seo/.venv/lib/python3.9/site-packages/urllib3/connectionpool.py", line 534, in _make_request
2026-07-29T01:12:09:     response = conn.getresponse()
2026-07-29T01:12:09:   File "/Users/aicommander/CascadeProjects/toolcalc/scripts/seo/.venv/lib/python3.9/site-packages/urllib3/connection.py", line 571, in getresponse
2026-07-29T01:12:09:     httplib_response = super().getresponse()
2026-07-29T01:12:09:   File "/Library/Developer/CommandLineTools/Library/Frameworks/Python3.framework/Versions/3.9/lib/python3.9/http/client.py", line 1349, in getresponse
2026-07-29T01:12:09:     response.begin()
2026-07-29T01:12:09:   File "/Library/Developer/CommandLineTools/Library/Frameworks/Python3.framework/Versions/3.9/lib/python3.9/http/client.py", line 316, in begin
2026-07-29T01:12:09:     version, status, reason = self._read_status()
2026-07-29T01:12:09:   File "/Library/Developer/CommandLineTools/Library/Frameworks/Python3.framework/Versions/3.9/lib/python3.9/http/client.py", line 277, in _read_status
2026-07-29T01:12:09:     line = str(self.fp.readline(_MAXLINE + 1), "iso-8859-1")
2026-07-29T01:12:09:   File "/Library/Developer/CommandLineTools/Library/Frameworks/Python3.framework/Versions/3.9/lib/python3.9/socket.py", line 704, in readinto
2026-07-29T01:12:09:     return self._sock.recv_into(b)
2026-07-29T01:12:09:   File "/Library/Developer/CommandLineTools/Library/Frameworks/Python3.framework/Versions/3.9/lib/python3.9/ssl.py", line 1241, in recv_into
2026-07-29T01:12:09:     return self.read(nbytes, buffer)
2026-07-29T01:12:09:   File "/Library/Developer/CommandLineTools/Library/Frameworks/Python3.framework/Versions/3.9/lib/python3.9/ssl.py", line 1099, in read
2026-07-29T01:12:09:     return self._sslobj.read(len, buffer)
2026-07-29T01:12:09: socket.timeout: The read operation timed out
2026-07-29T01:12:09: 
2026-07-29T01:12:09: The above exception was the direct cause of the following exception:
2026-07-29T01:12:09: 
2026-07-29T01:12:09: Traceback (most recent call last):
2026-07-29T01:12:09:   File "/Users/aicommander/CascadeProjects/toolcalc/scripts/seo/.venv/lib/python3.9/site-packages/requests/adapters.py", line 644, in send
2026-07-29T01:12:09:     resp = conn.urlopen(
2026-07-29T01:12:09:   File "/Users/aicommander/CascadeProjects/toolcalc/scripts/seo/.venv/lib/python3.9/site-packages/urllib3/connectionpool.py", line 841, in urlopen
2026-07-29T01:12:09:     retries = retries.increment(
2026-07-29T01:12:09:   File "/Users/aicommander/CascadeProjects/toolcalc/scripts/seo/.venv/lib/python3.9/site-packages/urllib3/util/retry.py", line 490, in increment
2026-07-29T01:12:09:     raise reraise(type(error), error, _stacktrace)
2026-07-29T01:12:09:   File "/Users/aicommander/CascadeProjects/toolcalc/scripts/seo/.venv/lib/python3.9/site-packages/urllib3/util/util.py", line 39, in reraise
2026-07-29T01:12:09:     raise value
2026-07-29T01:12:09:   File "/Users/aicommander/CascadeProjects/toolcalc/scripts/seo/.venv/lib/python3.9/site-packages/urllib3/connectionpool.py", line 787, in urlopen
2026-07-29T01:12:09:     response = self._make_request(
2026-07-29T01:12:09:   File "/Users/aicommander/CascadeProjects/toolcalc/scripts/seo/.venv/lib/python3.9/site-packages/urllib3/connectionpool.py", line 536, in _make_request
2026-07-29T01:12:09:     self._raise_timeout(err=e, url=url, timeout_value=read_timeout)
2026-07-29T01:12:09:   File "/Users/aicommander/CascadeProjects/toolcalc/scripts/seo/.venv/lib/python3.9/site-packages/urllib3/connectionpool.py", line 367, in _raise_timeout
2026-07-29T01:12:09:     raise ReadTimeoutError(
2026-07-29T01:12:09: urllib3.exceptions.ReadTimeoutError: HTTPSConnectionPool(host='api.telegram.org', port=443): Read timed out. (read timeout=25)
2026-07-29T01:12:09: 
2026-07-29T01:12:09: During handling of the above exception, another exception occurred:
2026-07-29T01:12:09: 
2026-07-29T01:12:09: Traceback (most recent call last):
2026-07-29T01:12:09:   File "/Users/aicommander/CascadeProjects/toolcalc/scripts/seo/.venv/lib/python3.9/site-packages/telebot/__init__.py", line 1110, in infinity_polling
2026-07-29T01:12:09:     self.polling(non_stop=True, timeout=timeout, long_polling_timeout=long_polling_timeout,
2026-07-29T01:12:09:   File "/Users/aicommander/CascadeProjects/toolcalc/scripts/seo/.venv/lib/python3.9/site-packages/telebot/__init__.py", line 1198, in polling
2026-07-29T01:12:09:     self.__threaded_polling(non_stop=non_stop, interval=interval, timeout=timeout, long_polling_timeout=long_polling_timeout,
2026-07-29T01:12:09:   File "/Users/aicommander/CascadeProjects/toolcalc/scripts/seo/.venv/lib/python3.9/site-packages/telebot/__init__.py", line 1273, in __threaded_polling
2026-07-29T01:12:09:     raise e
2026-07-29T01:12:09:   File "/Users/aicommander/CascadeProjects/toolcalc/scripts/seo/.venv/lib/python3.9/site-packages/telebot/__init__.py", line 1234, in __threaded_polling
2026-07-29T01:12:09:     polling_thread.raise_exceptions()
2026-07-29T01:12:09:   File "/Users/aicommander/CascadeProjects/toolcalc/scripts/seo/.venv/lib/python3.9/site-packages/telebot/util.py", line 115, in raise_exceptions
2026-07-29T01:12:09:     raise self.exception_info
2026-07-29T01:12:09:   File "/Users/aicommander/CascadeProjects/toolcalc/scripts/seo/.venv/lib/python3.9/site-packages/telebot/util.py", line 97, in run
2026-07-29T01:12:09:     task(*args, **kwargs)
2026-07-29T01:12:09:   File "/Users/aicommander/CascadeProjects/toolcalc/scripts/seo/.venv/lib/python3.9/site-packages/telebot/__init__.py", line 688, in __retrieve_updates
2026-07-29T01:12:09:     updates = self.get_updates(offset=(self.last_update_id + 1),
2026-07-29T01:12:09:   File "/Users/aicommander/CascadeProjects/toolcalc/scripts/seo/.venv/lib/python3.9/site-packages/telebot/__init__.py", line 660, in get_updates
2026-07-29T01:12:09:     json_updates = apihelper.get_updates(
2026-07-29T01:12:09:   File "/Users/aicommander/CascadeProjects/toolcalc/scripts/seo/.venv/lib/python3.9/site-packages/telebot/apihelper.py", line 339, in get_updates
2026-07-29T01:12:09:     return _make_request(token, method_url, params=payload)
2026-07-29T01:12:09:   File "/Users/aicommander/CascadeProjects/toolcalc/scripts/seo/.venv/lib/python3.9/site-packages/telebot/apihelper.py", line 162, in _make_request
2026-07-29T01:12:09:     result = _get_req_session().request(
2026-07-29T01:12:09:   File "/Users/aicommander/CascadeProjects/toolcalc/scripts/seo/.venv/lib/python3.9/site-packages/requests/sessions.py", line 589, in request
2026-07-29T01:12:09:     resp = self.send(prep, **send_kwargs)
2026-07-29T01:12:09:   File "/Users/aicommander/CascadeProjects/toolcalc/scripts/seo/.venv/lib/python3.9/site-packages/requests/sessions.py", line 703, in send
2026-07-29T01:12:09:     r = adapter.send(request, **kwargs)
2026-07-29T01:12:09:   File "/Users/aicommander/CascadeProjects/toolcalc/scripts/seo/.venv/lib/python3.9/site-packages/requests/adapters.py", line 690, in send
2026-07-29T01:12:09:     raise ReadTimeout(e, request=request)
2026-07-29T01:12:09: requests.exceptions.ReadTimeout: HTTPSConnectionPool(host='api.telegram.org', port=443): Read timed out. (read timeout=25)
2026-07-29T01:12:09: "
2026-07-29T01:12:57: 2026-07-29 01:12:57,874 (__init__.py:1115 MainThread) ERROR - TeleBot: "Infinity polling exception: HTTPSConnectionPool(host='api.telegram.org', port=443): Read timed out. (read timeout=25)"
2026-07-29T01:12:57: 2026-07-29 01:12:57,875 (__init__.py:1117 MainThread) ERROR - TeleBot: "Exception traceback:
2026-07-29T01:12:57: Traceback (most recent call last):
2026-07-29T01:12:57:   File "/Users/aicommander/CascadeProjects/toolcalc/scripts/seo/.venv/lib/python3.9/site-packages/urllib3/connectionpool.py", line 534, in _make_request
2026-07-29T01:12:57:     response = conn.getresponse()
2026-07-29T01:12:57:   File "/Users/aicommander/CascadeProjects/toolcalc/scripts/seo/.venv/lib/python3.9/site-packages/urllib3/connection.py", line 571, in getresponse
2026-07-29T01:12:57:     httplib_response = super().getresponse()
2026-07-29T01:12:57:   File "/Library/Developer/CommandLineTools/Library/Frameworks/Python3.framework/Versions/3.9/lib/python3.9/http/client.py", line 1349, in getresponse
2026-07-29T01:12:57:     response.begin()
2026-07-29T01:12:57:   File "/Library/Developer/CommandLineTools/Library/Frameworks/Python3.framework/Versions/3.9/lib/python3.9/http/client.py", line 316, in begin
2026-07-29T01:12:57:     version, status, reason = self._read_status()
2026-07-29T01:12:57:   File "/Library/Developer/CommandLineTools/Library/Frameworks/Python3.framework/Versions/3.9/lib/python3.9/http/client.py", line 277, in _read_status
2026-07-29T01:12:57:     line = str(self.fp.readline(_MAXLINE + 1), "iso-8859-1")
2026-07-29T01:12:57:   File "/Library/Developer/CommandLineTools/Library/Frameworks/Python3.framework/Versions/3.9/lib/python3.9/socket.py", line 704, in readinto
2026-07-29T01:12:57:     return self._sock.recv_into(b)
2026-07-29T01:12:57:   File "/Library/Developer/CommandLineTools/Library/Frameworks/Python3.framework/Versions/3.9/lib/python3.9/ssl.py", line 1241, in recv_into
2026-07-29T01:12:57:     return self.read(nbytes, buffer)
2026-07-29T01:12:57:   File "/Library/Developer/CommandLineTools/Library/Frameworks/Python3.framework/Versions/3.9/lib/python3.9/ssl.py", line 1099, in read
2026-07-29T01:12:57:     return self._sslobj.read(len, buffer)
2026-07-29T01:12:57: socket.timeout: The read operation timed out
2026-07-29T01:12:57: 
2026-07-29T01:12:57: The above exception was the direct cause of the following exception:
2026-07-29T01:12:57: 
2026-07-29T01:12:57: Traceback (most recent call last):
2026-07-29T01:12:57:   File "/Users/aicommander/CascadeProjects/toolcalc/scripts/seo/.venv/lib/python3.9/site-packages/requests/adapters.py", line 644, in send
2026-07-29T01:12:57:     resp = conn.urlopen(
2026-07-29T01:12:57:   File "/Users/aicommander/CascadeProjects/toolcalc/scripts/seo/.venv/lib/python3.9/site-packages/urllib3/connectionpool.py", line 841, in urlopen
2026-07-29T01:12:57:     retries = retries.increment(
2026-07-29T01:12:57:   File "/Users/aicommander/CascadeProjects/toolcalc/scripts/seo/.venv/lib/python3.9/site-packages/urllib3/util/retry.py", line 490, in increment
2026-07-29T01:12:57:     raise reraise(type(error), error, _stacktrace)
2026-07-29T01:12:57:   File "/Users/aicommander/CascadeProjects/toolcalc/scripts/seo/.venv/lib/python3.9/site-packages/urllib3/util/util.py", line 39, in reraise
2026-07-29T01:12:57:     raise value
2026-07-29T01:12:57:   File "/Users/aicommander/CascadeProjects/toolcalc/scripts/seo/.venv/lib/python3.9/site-packages/urllib3/connectionpool.py", line 787, in urlopen
2026-07-29T01:12:57:     response = self._make_request(
2026-07-29T01:12:57:   File "/Users/aicommander/CascadeProjects/toolcalc/scripts/seo/.venv/lib/python3.9/site-packages/urllib3/connectionpool.py", line 536, in _make_request
2026-07-29T01:12:57:     self._raise_timeout(err=e, url=url, timeout_value=read_timeout)
2026-07-29T01:12:57:   File "/Users/aicommander/CascadeProjects/toolcalc/scripts/seo/.venv/lib/python3.9/site-packages/urllib3/connectionpool.py", line 367, in _raise_timeout
2026-07-29T01:12:57:     raise ReadTimeoutError(
2026-07-29T01:12:57: urllib3.exceptions.ReadTimeoutError: HTTPSConnectionPool(host='api.telegram.org', port=443): Read timed out. (read timeout=25)
2026-07-29T01:12:57: 
2026-07-29T01:12:57: During handling of the above exception, another exception occurred:
2026-07-29T01:12:57: 
2026-07-29T01:12:57: Traceback (most recent call last):
2026-07-29T01:12:57:   File "/Users/aicommander/CascadeProjects/toolcalc/scripts/seo/.venv/lib/python3.9/site-packages/telebot/__init__.py", line 1110, in infinity_polling
2026-07-29T01:12:57:     self.polling(non_stop=True, timeout=timeout, long_polling_timeout=long_polling_timeout,
2026-07-29T01:12:57:   File "/Users/aicommander/CascadeProjects/toolcalc/scripts/seo/.venv/lib/python3.9/site-packages/telebot/__init__.py", line 1198, in polling
2026-07-29T01:12:57:     self.__threaded_polling(non_stop=non_stop, interval=interval, timeout=timeout, long_polling_timeout=long_polling_timeout,
2026-07-29T01:12:57:   File "/Users/aicommander/CascadeProjects/toolcalc/scripts/seo/.venv/lib/python3.9/site-packages/telebot/__init__.py", line 1273, in __threaded_polling
2026-07-29T01:12:57:     raise e
2026-07-29T01:12:57:   File "/Users/aicommander/CascadeProjects/toolcalc/scripts/seo/.venv/lib/python3.9/site-packages/telebot/__init__.py", line 1234, in __threaded_polling
2026-07-29T01:12:57:     polling_thread.raise_exceptions()
2026-07-29T01:12:57:   File "/Users/aicommander/CascadeProjects/toolcalc/scripts/seo/.venv/lib/python3.9/site-packages/telebot/util.py", line 115, in raise_exceptions
2026-07-29T01:12:57:     raise self.exception_info
2026-07-29T01:12:57:   File "/Users/aicommander/CascadeProjects/toolcalc/scripts/seo/.venv/lib/python3.9/site-packages/telebot/util.py", line 97, in run
2026-07-29T01:12:57:     task(*args, **kwargs)
2026-07-29T01:12:57:   File "/Users/aicommander/CascadeProjects/toolcalc/scripts/seo/.venv/lib/python3.9/site-packages/telebot/__init__.py", line 688, in __retrieve_updates
2026-07-29T01:12:57:     updates = self.get_updates(offset=(self.last_update_id + 1),
2026-07-29T01:12:57:   File "/Users/aicommander/CascadeProjects/toolcalc/scripts/seo/.venv/lib/python3.9/site-packages/telebot/__init__.py", line 660, in get_updates
2026-07-29T01:12:57:     json_updates = apihelper.get_updates(
2026-07-29T01:12:57:   File "/Users/aicommander/CascadeProjects/toolcalc/scripts/seo/.venv/lib/python3.9/site-packages/telebot/apihelper.py", line 339, in get_updates
2026-07-29T01:12:57:     return _make_request(token, method_url, params=payload)
2026-07-29T01:12:57:   File "/Users/aicommander/CascadeProjects/toolcalc/scripts/seo/.venv/lib/python3.9/site-packages/telebot/apihelper.py", line 162, in _make_request
2026-07-29T01:12:57:     result = _get_req_session().request(
2026-07-29T01:12:57:   File "/Users/aicommander/CascadeProjects/toolcalc/scripts/seo/.venv/lib/python3.9/site-packages/requests/sessions.py", line 589, in request
2026-07-29T01:12:57:     resp = self.send(prep, **send_kwargs)
2026-07-29T01:12:57:   File "/Users/aicommander/CascadeProjects/toolcalc/scripts/seo/.venv/lib/python3.9/site-packages/requests/sessions.py", line 703, in send
2026-07-29T01:12:57:     r = adapter.send(request, **kwargs)
2026-07-29T01:12:57:   File "/Users/aicommander/CascadeProjects/toolcalc/scripts/seo/.venv/lib/python3.9/site-packages/requests/adapters.py", line 690, in send
2026-07-29T01:12:57:     raise ReadTimeout(e, request=request)
2026-07-29T01:12:57: requests.exceptions.ReadTimeout: HTTPSConnectionPool(host='api.telegram.org', port=443): Read timed out. (read timeout=25)
2026-07-29T01:12:57: "
2026-07-29T01:13:26: 2026-07-29 01:13:26,540 (__init__.py:1115 MainThread) ERROR - TeleBot: "Infinity polling exception: HTTPSConnectionPool(host='api.telegram.org', port=443): Read timed out. (read timeout=25)"
2026-07-29T01:13:26: 2026-07-29 01:13:26,541 (__init__.py:1117 MainThread) ERROR - TeleBot: "Exception traceback:
2026-07-29T01:13:26: Traceback (most recent call last):
2026-07-29T01:13:26:   File "/Users/aicommander/CascadeProjects/toolcalc/scripts/seo/.venv/lib/python3.9/site-packages/urllib3/connectionpool.py", line 534, in _make_request
2026-07-29T01:13:26:     response = conn.getresponse()
2026-07-29T01:13:26:   File "/Users/aicommander/CascadeProjects/toolcalc/scripts/seo/.venv/lib/python3.9/site-packages/urllib3/connection.py", line 571, in getresponse
2026-07-29T01:13:26:     httplib_response = super().getresponse()
2026-07-29T01:13:26:   File "/Library/Developer/CommandLineTools/Library/Frameworks/Python3.framework/Versions/3.9/lib/python3.9/http/client.py", line 1349, in getresponse
2026-07-29T01:13:26:     response.begin()
2026-07-29T01:13:26:   File "/Library/Developer/CommandLineTools/Library/Frameworks/Python3.framework/Versions/3.9/lib/python3.9/http/client.py", line 316, in begin
2026-07-29T01:13:26:     version, status, reason = self._read_status()
2026-07-29T01:13:26:   File "/Library/Developer/CommandLineTools/Library/Frameworks/Python3.framework/Versions/3.9/lib/python3.9/http/client.py", line 277, in _read_status
2026-07-29T01:13:26:     line = str(self.fp.readline(_MAXLINE + 1), "iso-8859-1")
2026-07-29T01:13:26:   File "/Library/Developer/CommandLineTools/Library/Frameworks/Python3.framework/Versions/3.9/lib/python3.9/socket.py", line 704, in readinto
2026-07-29T01:13:26:     return self._sock.recv_into(b)
2026-07-29T01:13:26:   File "/Library/Developer/CommandLineTools/Library/Frameworks/Python3.framework/Versions/3.9/lib/python3.9/ssl.py", line 1241, in recv_into
2026-07-29T01:13:26:     return self.read(nbytes, buffer)
2026-07-29T01:13:26:   File "/Library/Developer/CommandLineTools/Library/Frameworks/Python3.framework/Versions/3.9/lib/python3.9/ssl.py", line 1099, in read
2026-07-29T01:13:26:     return self._sslobj.read(len, buffer)
2026-07-29T01:13:26: socket.timeout: The read operation timed out
2026-07-29T01:13:26: 
2026-07-29T01:13:26: The above exception was the direct cause of the following exception:
2026-07-29T01:13:26: 
2026-07-29T01:13:26: Traceback (most recent call last):
2026-07-29T01:13:26:   File "/Users/aicommander/CascadeProjects/toolcalc/scripts/seo/.venv/lib/python3.9/site-packages/requests/adapters.py", line 644, in send
2026-07-29T01:13:26:     resp = conn.urlopen(
2026-07-29T01:13:26:   File "/Users/aicommander/CascadeProjects/toolcalc/scripts/seo/.venv/lib/python3.9/site-packages/urllib3/connectionpool.py", line 841, in urlopen
2026-07-29T01:13:26:     retries = retries.increment(
2026-07-29T01:13:26:   File "/Users/aicommander/CascadeProjects/toolcalc/scripts/seo/.venv/lib/python3.9/site-packages/urllib3/util/retry.py", line 490, in increment
2026-07-29T01:13:26:     raise reraise(type(error), error, _stacktrace)
2026-07-29T01:13:26:   File "/Users/aicommander/CascadeProjects/toolcalc/scripts/seo/.venv/lib/python3.9/site-packages/urllib3/util/util.py", line 39, in reraise
2026-07-29T01:13:26:     raise value
2026-07-29T01:13:26:   File "/Users/aicommander/CascadeProjects/toolcalc/scripts/seo/.venv/lib/python3.9/site-packages/urllib3/connectionpool.py", line 787, in urlopen
2026-07-29T01:13:26:     response = self._make_request(
2026-07-29T01:13:26:   File "/Users/aicommander/CascadeProjects/toolcalc/scripts/seo/.venv/lib/python3.9/site-packages/urllib3/connectionpool.py", line 536, in _make_request
2026-07-29T01:13:26:     self._raise_timeout(err=e, url=url, timeout_value=read_timeout)
2026-07-29T01:13:26:   File "/Users/aicommander/CascadeProjects/toolcalc/scripts/seo/.venv/lib/python3.9/site-packages/urllib3/connectionpool.py", line 367, in _raise_timeout
2026-07-29T01:13:26:     raise ReadTimeoutError(
2026-07-29T01:13:26: urllib3.exceptions.ReadTimeoutError: HTTPSConnectionPool(host='api.telegram.org', port=443): Read timed out. (read timeout=25)
2026-07-29T01:13:26: 
2026-07-29T01:13:26: During handling of the above exception, another exception occurred:
2026-07-29T01:13:26: 
2026-07-29T01:13:26: Traceback (most recent call last):
2026-07-29T01:13:26:   File "/Users/aicommander/CascadeProjects/toolcalc/scripts/seo/.venv/lib/python3.9/site-packages/telebot/__init__.py", line 1110, in infinity_polling
2026-07-29T01:13:26:     self.polling(non_stop=True, timeout=timeout, long_polling_timeout=long_polling_timeout,
2026-07-29T01:13:26:   File "/Users/aicommander/CascadeProjects/toolcalc/scripts/seo/.venv/lib/python3.9/site-packages/telebot/__init__.py", line 1198, in polling
2026-07-29T01:13:26:     self.__threaded_polling(non_stop=non_stop, interval=interval, timeout=timeout, long_polling_timeout=long_polling_timeout,
2026-07-29T01:13:26:   File "/Users/aicommander/CascadeProjects/toolcalc/scripts/seo/.venv/lib/python3.9/site-packages/telebot/__init__.py", line 1273, in __threaded_polling
2026-07-29T01:13:26:     raise e
2026-07-29T01:13:26:   File "/Users/aicommander/CascadeProjects/toolcalc/scripts/seo/.venv/lib/python3.9/site-packages/telebot/__init__.py", line 1234, in __threaded_polling
2026-07-29T01:13:26:     polling_thread.raise_exceptions()
2026-07-29T01:13:26:   File "/Users/aicommander/CascadeProjects/toolcalc/scripts/seo/.venv/lib/python3.9/site-packages/telebot/util.py", line 115, in raise_exceptions
2026-07-29T01:13:26:     raise self.exception_info
2026-07-29T01:13:26:   File "/Users/aicommander/CascadeProjects/toolcalc/scripts/seo/.venv/lib/python3.9/site-packages/telebot/util.py", line 97, in run
2026-07-29T01:13:26:     task(*args, **kwargs)
2026-07-29T01:13:26:   File "/Users/aicommander/CascadeProjects/toolcalc/scripts/seo/.venv/lib/python3.9/site-packages/telebot/__init__.py", line 688, in __retrieve_updates
2026-07-29T01:13:26:     updates = self.get_updates(offset=(self.last_update_id + 1),
2026-07-29T01:13:26:   File "/Users/aicommander/CascadeProjects/toolcalc/scripts/seo/.venv/lib/python3.9/site-packages/telebot/__init__.py", line 660, in get_updates
2026-07-29T01:13:26:     json_updates = apihelper.get_updates(
2026-07-29T01:13:26:   File "/Users/aicommander/CascadeProjects/toolcalc/scripts/seo/.venv/lib/python3.9/site-packages/telebot/apihelper.py", line 339, in get_updates
2026-07-29T01:13:26:     return _make_request(token, method_url, params=payload)
2026-07-29T01:13:26:   File "/Users/aicommander/CascadeProjects/toolcalc/scripts/seo/.venv/lib/python3.9/site-packages/telebot/apihelper.py", line 162, in _make_request
2026-07-29T01:13:26:     result = _get_req_session().request(
2026-07-29T01:13:26:   File "/Users/aicommander/CascadeProjects/toolcalc/scripts/seo/.venv/lib/python3.9/site-packages/requests/sessions.py", line 589, in request
2026-07-29T01:13:26:     resp = self.send(prep, **send_kwargs)
2026-07-29T01:13:26:   File "/Users/aicommander/CascadeProjects/toolcalc/scripts/seo/.venv/lib/python3.9/site-packages/requests/sessions.py", line 703, in send
2026-07-29T01:13:26:     r = adapter.send(request, **kwargs)
2026-07-29T01:13:26:   File "/Users/aicommander/CascadeProjects/toolcalc/scripts/seo/.venv/lib/python3.9/site-packages/requests/adapters.py", line 690, in send
2026-07-29T01:13:26:     raise ReadTimeout(e, request=request)
2026-07-29T01:13:26: requests.exceptions.ReadTimeout: HTTPSConnectionPool(host='api.telegram.org', port=443): Read timed out. (read timeout=25)
2026-07-29T01:13:26: "
2026-07-29T03:00:27: 2026-07-29 03:00:27,535 (__init__.py:1115 MainThread) ERROR - TeleBot: "Infinity polling exception: HTTPSConnectionPool(host='api.telegram.org', port=443): Read timed out. (read timeout=25)"
2026-07-29T03:00:27: 2026-07-29 03:00:27,537 (__init__.py:1117 MainThread) ERROR - TeleBot: "Exception traceback:
2026-07-29T03:00:27: Traceback (most recent call last):
2026-07-29T03:00:27:   File "/Users/aicommander/CascadeProjects/toolcalc/scripts/seo/.venv/lib/python3.9/site-packages/urllib3/connectionpool.py", line 534, in _make_request
2026-07-29T03:00:27:     response = conn.getresponse()
2026-07-29T03:00:27:   File "/Users/aicommander/CascadeProjects/toolcalc/scripts/seo/.venv/lib/python3.9/site-packages/urllib3/connection.py", line 571, in getresponse
2026-07-29T03:00:27:     httplib_response = super().getresponse()
2026-07-29T03:00:27:   File "/Library/Developer/CommandLineTools/Library/Frameworks/Python3.framework/Versions/3.9/lib/python3.9/http/client.py", line 1349, in getresponse
2026-07-29T03:00:27:     response.begin()
2026-07-29T03:00:27:   File "/Library/Developer/CommandLineTools/Library/Frameworks/Python3.framework/Versions/3.9/lib/python3.9/http/client.py", line 316, in begin
2026-07-29T03:00:27:     version, status, reason = self._read_status()
2026-07-29T03:00:27:   File "/Library/Developer/CommandLineTools/Library/Frameworks/Python3.framework/Versions/3.9/lib/python3.9/http/client.py", line 277, in _read_status
2026-07-29T03:00:27:     line = str(self.fp.readline(_MAXLINE + 1), "iso-8859-1")
2026-07-29T03:00:27:   File "/Library/Developer/CommandLineTools/Library/Frameworks/Python3.framework/Versions/3.9/lib/python3.9/socket.py", line 704, in readinto
2026-07-29T03:00:27:     return self._sock.recv_into(b)
2026-07-29T03:00:27:   File "/Library/Developer/CommandLineTools/Library/Frameworks/Python3.framework/Versions/3.9/lib/python3.9/ssl.py", line 1241, in recv_into
2026-07-29T03:00:27:     return self.read(nbytes, buffer)
2026-07-29T03:00:27:   File "/Library/Developer/CommandLineTools/Library/Frameworks/Python3.framework/Versions/3.9/lib/python3.9/ssl.py", line 1099, in read
2026-07-29T03:00:27:     return self._sslobj.read(len, buffer)
2026-07-29T03:00:27: socket.timeout: The read operation timed out
2026-07-29T03:00:27: 
2026-07-29T03:00:27: The above exception was the direct cause of the following exception:
2026-07-29T03:00:27: 
2026-07-29T03:00:27: Traceback (most recent call last):
2026-07-29T03:00:27:   File "/Users/aicommander/CascadeProjects/toolcalc/scripts/seo/.venv/lib/python3.9/site-packages/requests/adapters.py", line 644, in send
2026-07-29T03:00:27:     resp = conn.urlopen(
2026-07-29T03:00:27:   File "/Users/aicommander/CascadeProjects/toolcalc/scripts/seo/.venv/lib/python3.9/site-packages/urllib3/connectionpool.py", line 841, in urlopen
2026-07-29T03:00:27:     retries = retries.increment(
2026-07-29T03:00:27:   File "/Users/aicommander/CascadeProjects/toolcalc/scripts/seo/.venv/lib/python3.9/site-packages/urllib3/util/retry.py", line 490, in increment
2026-07-29T03:00:27:     raise reraise(type(error), error, _stacktrace)
2026-07-29T03:00:27:   File "/Users/aicommander/CascadeProjects/toolcalc/scripts/seo/.venv/lib/python3.9/site-packages/urllib3/util/util.py", line 39, in reraise
2026-07-29T03:00:27:     raise value
2026-07-29T03:00:27:   File "/Users/aicommander/CascadeProjects/toolcalc/scripts/seo/.venv/lib/python3.9/site-packages/urllib3/connectionpool.py", line 787, in urlopen
2026-07-29T03:00:27:     response = self._make_request(
2026-07-29T03:00:27:   File "/Users/aicommander/CascadeProjects/toolcalc/scripts/seo/.venv/lib/python3.9/site-packages/urllib3/connectionpool.py", line 536, in _make_request
2026-07-29T03:00:27:     self._raise_timeout(err=e, url=url, timeout_value=read_timeout)
2026-07-29T03:00:27:   File "/Users/aicommander/CascadeProjects/toolcalc/scripts/seo/.venv/lib/python3.9/site-packages/urllib3/connectionpool.py", line 367, in _raise_timeout
2026-07-29T03:00:27:     raise ReadTimeoutError(
2026-07-29T03:00:27: urllib3.exceptions.ReadTimeoutError: HTTPSConnectionPool(host='api.telegram.org', port=443): Read timed out. (read timeout=25)
2026-07-29T03:00:27: 
2026-07-29T03:00:27: During handling of the above exception, another exception occurred:
2026-07-29T03:00:27: 
2026-07-29T03:00:27: Traceback (most recent call last):
2026-07-29T03:00:27:   File "/Users/aicommander/CascadeProjects/toolcalc/scripts/seo/.venv/lib/python3.9/site-packages/telebot/__init__.py", line 1110, in infinity_polling
2026-07-29T03:00:27:     self.polling(non_stop=True, timeout=timeout, long_polling_timeout=long_polling_timeout,
2026-07-29T03:00:27:   File "/Users/aicommander/CascadeProjects/toolcalc/scripts/seo/.venv/lib/python3.9/site-packages/telebot/__init__.py", line 1198, in polling
2026-07-29T03:00:27:     self.__threaded_polling(non_stop=non_stop, interval=interval, timeout=timeout, long_polling_timeout=long_polling_timeout,
2026-07-29T03:00:27:   File "/Users/aicommander/CascadeProjects/toolcalc/scripts/seo/.venv/lib/python3.9/site-packages/telebot/__init__.py", line 1273, in __threaded_polling
2026-07-29T03:00:27:     raise e
2026-07-29T03:00:27:   File "/Users/aicommander/CascadeProjects/toolcalc/scripts/seo/.venv/lib/python3.9/site-packages/telebot/__init__.py", line 1234, in __threaded_polling
2026-07-29T03:00:27:     polling_thread.raise_exceptions()
2026-07-29T03:00:27:   File "/Users/aicommander/CascadeProjects/toolcalc/scripts/seo/.venv/lib/python3.9/site-packages/telebot/util.py", line 115, in raise_exceptions
2026-07-29T03:00:27:     raise self.exception_info
2026-07-29T03:00:27:   File "/Users/aicommander/CascadeProjects/toolcalc/scripts/seo/.venv/lib/python3.9/site-packages/telebot/util.py", line 97, in run
2026-07-29T03:00:27:     task(*args, **kwargs)
2026-07-29T03:00:27:   File "/Users/aicommander/CascadeProjects/toolcalc/scripts/seo/.venv/lib/python3.9/site-packages/telebot/__init__.py", line 688, in __retrieve_updates
2026-07-29T03:00:27:     updates = self.get_updates(offset=(self.last_update_id + 1),
2026-07-29T03:00:27:   File "/Users/aicommander/CascadeProjects/toolcalc/scripts/seo/.venv/lib/python3.9/site-packages/telebot/__init__.py", line 660, in get_updates
2026-07-29T03:00:27:     json_updates = apihelper.get_updates(
2026-07-29T03:00:27:   File "/Users/aicommander/CascadeProjects/toolcalc/scripts/seo/.venv/lib/python3.9/site-packages/telebot/apihelper.py", line 339, in get_updates
2026-07-29T03:00:27:     return _make_request(token, method_url, params=payload)
2026-07-29T03:00:27:   File "/Users/aicommander/CascadeProjects/toolcalc/scripts/seo/.venv/lib/python3.9/site-packages/telebot/apihelper.py", line 162, in _make_request
2026-07-29T03:00:27:     result = _get_req_session().request(
2026-07-29T03:00:27:   File "/Users/aicommander/CascadeProjects/toolcalc/scripts/seo/.venv/lib/python3.9/site-packages/requests/sessions.py", line 589, in request
2026-07-29T03:00:27:     resp = self.send(prep, **send_kwargs)
2026-07-29T03:00:27:   File "/Users/aicommander/CascadeProjects/toolcalc/scripts/seo/.venv/lib/python3.9/site-packages/requests/sessions.py", line 703, in send
2026-07-29T03:00:27:     r = adapter.send(request, **kwargs)
2026-07-29T03:00:27:   File "/Users/aicommander/CascadeProjects/toolcalc/scripts/seo/.venv/lib/python3.9/site-packages/requests/adapters.py", line 690, in send
2026-07-29T03:00:27:     raise ReadTimeout(e, request=request)
2026-07-29T03:00:27: requests.exceptions.ReadTimeout: HTTPSConnectionPool(host='api.telegram.org', port=443): Read timed out. (read timeout=25)
2026-07-29T03:00:27: "
2026-07-29T03:00:50: 2026-07-29 03:00:50,721 (__init__.py:1115 MainThread) ERROR - TeleBot: "Infinity polling exception: HTTPSConnectionPool(host='api.telegram.org', port=443): Max retries exceeded with url: /bot8903604110:***********************************/getUpdates?offset=550404780&timeout=20 (Caused by ConnectTimeoutError(<HTTPSConnection(host='api.telegram.org', port=443) at 0x10ac653a0>, 'Connection to api.telegram.org timed out. (connect timeout=20)'))"
2026-07-29T03:00:50: 2026-07-29 03:00:50,722 (__init__.py:1117 MainThread) ERROR - TeleBot: "Exception traceback:
2026-07-29T03:00:50: Traceback (most recent call last):
2026-07-29T03:00:50:   File "/Users/aicommander/CascadeProjects/toolcalc/scripts/seo/.venv/lib/python3.9/site-packages/urllib3/connection.py", line 204, in _new_conn
2026-07-29T03:00:50:     sock = connection.create_connection(
2026-07-29T03:00:50:   File "/Users/aicommander/CascadeProjects/toolcalc/scripts/seo/.venv/lib/python3.9/site-packages/urllib3/util/connection.py", line 85, in create_connection
2026-07-29T03:00:50:     raise err
2026-07-29T03:00:50:   File "/Users/aicommander/CascadeProjects/toolcalc/scripts/seo/.venv/lib/python3.9/site-packages/urllib3/util/connection.py", line 73, in create_connection
2026-07-29T03:00:50:     sock.connect(sa)
2026-07-29T03:00:50: socket.timeout: timed out
2026-07-29T03:00:50: 
2026-07-29T03:00:50: The above exception was the direct cause of the following exception:
2026-07-29T03:00:50: 
2026-07-29T03:00:50: Traceback (most recent call last):
2026-07-29T03:00:50:   File "/Users/aicommander/CascadeProjects/toolcalc/scripts/seo/.venv/lib/python3.9/site-packages/urllib3/connectionpool.py", line 787, in urlopen
2026-07-29T03:00:50:     response = self._make_request(
2026-07-29T03:00:50:   File "/Users/aicommander/CascadeProjects/toolcalc/scripts/seo/.venv/lib/python3.9/site-packages/urllib3/connectionpool.py", line 488, in _make_request
2026-07-29T03:00:50:     raise new_e
2026-07-29T03:00:50:   File "/Users/aicommander/CascadeProjects/toolcalc/scripts/seo/.venv/lib/python3.9/site-packages/urllib3/connectionpool.py", line 464, in _make_request
2026-07-29T03:00:50:     self._validate_conn(conn)
2026-07-29T03:00:50:   File "/Users/aicommander/CascadeProjects/toolcalc/scripts/seo/.venv/lib/python3.9/site-packages/urllib3/connectionpool.py", line 1093, in _validate_conn
2026-07-29T03:00:50:     conn.connect()
2026-07-29T03:00:50:   File "/Users/aicommander/CascadeProjects/toolcalc/scripts/seo/.venv/lib/python3.9/site-packages/urllib3/connection.py", line 759, in connect
2026-07-29T03:00:50:     self.sock = sock = self._new_conn()
2026-07-29T03:00:50:   File "/Users/aicommander/CascadeProjects/toolcalc/scripts/seo/.venv/lib/python3.9/site-packages/urllib3/connection.py", line 213, in _new_conn
2026-07-29T03:00:50:     raise ConnectTimeoutError(
2026-07-29T03:00:50: urllib3.exceptions.ConnectTimeoutError: (<HTTPSConnection(host='api.telegram.org', port=443) at 0x10ac653a0>, 'Connection to api.telegram.org timed out. (connect timeout=20)')
2026-07-29T03:00:50: 
2026-07-29T03:00:50: The above exception was the direct cause of the following exception:
2026-07-29T03:00:50: 
2026-07-29T03:00:50: Traceback (most recent call last):
2026-07-29T03:00:50:   File "/Users/aicommander/CascadeProjects/toolcalc/scripts/seo/.venv/lib/python3.9/site-packages/requests/adapters.py", line 644, in send
2026-07-29T03:00:50:     resp = conn.urlopen(
2026-07-29T03:00:50:   File "/Users/aicommander/CascadeProjects/toolcalc/scripts/seo/.venv/lib/python3.9/site-packages/urllib3/connectionpool.py", line 841, in urlopen
2026-07-29T03:00:50:     retries = retries.increment(
2026-07-29T03:00:50:   File "/Users/aicommander/CascadeProjects/toolcalc/scripts/seo/.venv/lib/python3.9/site-packages/urllib3/util/retry.py", line 535, in increment
2026-07-29T03:00:50:     raise MaxRetryError(_pool, url, reason) from reason  # type: ignore[arg-type]
2026-07-29T03:00:50: urllib3.exceptions.MaxRetryError: HTTPSConnectionPool(host='api.telegram.org', port=443): Max retries exceeded with url: /bot8903604110:***********************************/getUpdates?offset=550404780&timeout=20 (Caused by ConnectTimeoutError(<HTTPSConnection(host='api.telegram.org', port=443) at 0x10ac653a0>, 'Connection to api.telegram.org timed out. (connect timeout=20)'))
2026-07-29T03:00:50: 
2026-07-29T03:00:50: During handling of the above exception, another exception occurred:
2026-07-29T03:00:50: 
2026-07-29T03:00:50: Traceback (most recent call last):
2026-07-29T03:00:50:   File "/Users/aicommander/CascadeProjects/toolcalc/scripts/seo/.venv/lib/python3.9/site-packages/telebot/__init__.py", line 1110, in infinity_polling
2026-07-29T03:00:50:     self.polling(non_stop=True, timeout=timeout, long_polling_timeout=long_polling_timeout,
2026-07-29T03:00:50:   File "/Users/aicommander/CascadeProjects/toolcalc/scripts/seo/.venv/lib/python3.9/site-packages/telebot/__init__.py", line 1198, in polling
2026-07-29T03:00:50:     self.__threaded_polling(non_stop=non_stop, interval=interval, timeout=timeout, long_polling_timeout=long_polling_timeout,
2026-07-29T03:00:50:   File "/Users/aicommander/CascadeProjects/toolcalc/scripts/seo/.venv/lib/python3.9/site-packages/telebot/__init__.py", line 1273, in __threaded_polling
2026-07-29T03:00:50:     raise e
2026-07-29T03:00:50:   File "/Users/aicommander/CascadeProjects/toolcalc/scripts/seo/.venv/lib/python3.9/site-packages/telebot/__init__.py", line 1234, in __threaded_polling
2026-07-29T03:00:50:     polling_thread.raise_exceptions()
2026-07-29T03:00:50:   File "/Users/aicommander/CascadeProjects/toolcalc/scripts/seo/.venv/lib/python3.9/site-packages/telebot/util.py", line 115, in raise_exceptions
2026-07-29T03:00:50:     raise self.exception_info
2026-07-29T03:00:50:   File "/Users/aicommander/CascadeProjects/toolcalc/scripts/seo/.venv/lib/python3.9/site-packages/telebot/util.py", line 97, in run
2026-07-29T03:00:50:     task(*args, **kwargs)
2026-07-29T03:00:50:   File "/Users/aicommander/CascadeProjects/toolcalc/scripts/seo/.venv/lib/python3.9/site-packages/telebot/__init__.py", line 688, in __retrieve_updates
2026-07-29T03:00:50:     updates = self.get_updates(offset=(self.last_update_id + 1),
2026-07-29T03:00:50:   File "/Users/aicommander/CascadeProjects/toolcalc/scripts/seo/.venv/lib/python3.9/site-packages/telebot/__init__.py", line 660, in get_updates
2026-07-29T03:00:50:     json_updates = apihelper.get_updates(
2026-07-29T03:00:50:   File "/Users/aicommander/CascadeProjects/toolcalc/scripts/seo/.venv/lib/python3.9/site-packages/telebot/apihelper.py", line 339, in get_updates
2026-07-29T03:00:50:     return _make_request(token, method_url, params=payload)
2026-07-29T03:00:50:   File "/Users/aicommander/CascadeProjects/toolcalc/scripts/seo/.venv/lib/python3.9/site-packages/telebot/apihelper.py", line 162, in _make_request
2026-07-29T03:00:50:     result = _get_req_session().request(
2026-07-29T03:00:50:   File "/Users/aicommander/CascadeProjects/toolcalc/scripts/seo/.venv/lib/python3.9/site-packages/requests/sessions.py", line 589, in request
2026-07-29T03:00:50:     resp = self.send(prep, **send_kwargs)
2026-07-29T03:00:50:   File "/Users/aicommander/CascadeProjects/toolcalc/scripts/seo/.venv/lib/python3.9/site-packages/requests/sessions.py", line 703, in send
2026-07-29T03:00:50:     r = adapter.send(request, **kwargs)
2026-07-29T03:00:50:   File "/Users/aicommander/CascadeProjects/toolcalc/scripts/seo/.venv/lib/python3.9/site-packages/requests/adapters.py", line 665, in send
2026-07-29T03:00:50:     raise ConnectTimeout(e, request=request)
2026-07-29T03:00:50: requests.exceptions.ConnectTimeout: HTTPSConnectionPool(host='api.telegram.org', port=443): Max retries exceeded with url: /bot8903604110:***********************************/getUpdates?offset=550404780&timeout=20 (Caused by ConnectTimeoutError(<HTTPSConnection(host='api.telegram.org', port=443) at 0x10ac653a0>, 'Connection to api.telegram.org timed out. (connect timeout=20)'))
2026-07-29T03:00:50: "
2026-07-29T03:01:13: 2026-07-29 03:01:13,899 (__init__.py:1115 MainThread) ERROR - TeleBot: "Infinity polling exception: HTTPSConnectionPool(host='api.telegram.org', port=443): Max retries exceeded with url: /bot8903604110:***********************************/getUpdates?offset=550404780&timeout=20 (Caused by ConnectTimeoutError(<HTTPSConnection(host='api.telegram.org', port=443) at 0x10ac96eb0>, 'Connection to api.telegram.org timed out. (connect timeout=20)'))"
2026-07-29T03:01:13: 2026-07-29 03:01:13,900 (__init__.py:1117 MainThread) ERROR - TeleBot: "Exception traceback:
2026-07-29T03:01:13: Traceback (most recent call last):
2026-07-29T03:01:13:   File "/Users/aicommander/CascadeProjects/toolcalc/scripts/seo/.venv/lib/python3.9/site-packages/urllib3/connection.py", line 204, in _new_conn
2026-07-29T03:01:13:     sock = connection.create_connection(
2026-07-29T03:01:13:   File "/Users/aicommander/CascadeProjects/toolcalc/scripts/seo/.venv/lib/python3.9/site-packages/urllib3/util/connection.py", line 85, in create_connection
2026-07-29T03:01:13:     raise err
2026-07-29T03:01:13:   File "/Users/aicommander/CascadeProjects/toolcalc/scripts/seo/.venv/lib/python3.9/site-packages/urllib3/util/connection.py", line 73, in create_connection
2026-07-29T03:01:13:     sock.connect(sa)
2026-07-29T03:01:13: socket.timeout: timed out
2026-07-29T03:01:13: 
2026-07-29T03:01:13: The above exception was the direct cause of the following exception:
2026-07-29T03:01:13: 
2026-07-29T03:01:13: Traceback (most recent call last):
2026-07-29T03:01:13:   File "/Users/aicommander/CascadeProjects/toolcalc/scripts/seo/.venv/lib/python3.9/site-packages/urllib3/connectionpool.py", line 787, in urlopen
2026-07-29T03:01:13:     response = self._make_request(
2026-07-29T03:01:13:   File "/Users/aicommander/CascadeProjects/toolcalc/scripts/seo/.venv/lib/python3.9/site-packages/urllib3/connectionpool.py", line 488, in _make_request
2026-07-29T03:01:13:     raise new_e
2026-07-29T03:01:13:   File "/Users/aicommander/CascadeProjects/toolcalc/scripts/seo/.venv/lib/python3.9/site-packages/urllib3/connectionpool.py", line 464, in _make_request
2026-07-29T03:01:13:     self._validate_conn(conn)
2026-07-29T03:01:13:   File "/Users/aicommander/CascadeProjects/toolcalc/scripts/seo/.venv/lib/python3.9/site-packages/urllib3/connectionpool.py", line 1093, in _validate_conn
2026-07-29T03:01:13:     conn.connect()
2026-07-29T03:01:13:   File "/Users/aicommander/CascadeProjects/toolcalc/scripts/seo/.venv/lib/python3.9/site-packages/urllib3/connection.py", line 759, in connect
2026-07-29T03:01:13:     self.sock = sock = self._new_conn()
2026-07-29T03:01:13:   File "/Users/aicommander/CascadeProjects/toolcalc/scripts/seo/.venv/lib/python3.9/site-packages/urllib3/connection.py", line 213, in _new_conn
2026-07-29T03:01:13:     raise ConnectTimeoutError(
2026-07-29T03:01:13: urllib3.exceptions.ConnectTimeoutError: (<HTTPSConnection(host='api.telegram.org', port=443) at 0x10ac96eb0>, 'Connection to api.telegram.org timed out. (connect timeout=20)')
2026-07-29T03:01:13: 
2026-07-29T03:01:13: The above exception was the direct cause of the following exception:
2026-07-29T03:01:13: 
2026-07-29T03:01:13: Traceback (most recent call last):
2026-07-29T03:01:13:   File "/Users/aicommander/CascadeProjects/toolcalc/scripts/seo/.venv/lib/python3.9/site-packages/requests/adapters.py", line 644, in send
2026-07-29T03:01:13:     resp = conn.urlopen(
2026-07-29T03:01:13:   File "/Users/aicommander/CascadeProjects/toolcalc/scripts/seo/.venv/lib/python3.9/site-packages/urllib3/connectionpool.py", line 841, in urlopen
2026-07-29T03:01:13:     retries = retries.increment(
2026-07-29T03:01:13:   File "/Users/aicommander/CascadeProjects/toolcalc/scripts/seo/.venv/lib/python3.9/site-packages/urllib3/util/retry.py", line 535, in increment
2026-07-29T03:01:13:     raise MaxRetryError(_pool, url, reason) from reason  # type: ignore[arg-type]
2026-07-29T03:01:13: urllib3.exceptions.MaxRetryError: HTTPSConnectionPool(host='api.telegram.org', port=443): Max retries exceeded with url: /bot8903604110:***********************************/getUpdates?offset=550404780&timeout=20 (Caused by ConnectTimeoutError(<HTTPSConnection(host='api.telegram.org', port=443) at 0x10ac96eb0>, 'Connection to api.telegram.org timed out. (connect timeout=20)'))
2026-07-29T03:01:13: 
2026-07-29T03:01:13: During handling of the above exception, another exception occurred:
2026-07-29T03:01:13: 
2026-07-29T03:01:13: Traceback (most recent call last):
2026-07-29T03:01:13:   File "/Users/aicommander/CascadeProjects/toolcalc/scripts/seo/.venv/lib/python3.9/site-packages/telebot/__init__.py", line 1110, in infinity_polling
2026-07-29T03:01:13:     self.polling(non_stop=True, timeout=timeout, long_polling_timeout=long_polling_timeout,
2026-07-29T03:01:13:   File "/Users/aicommander/CascadeProjects/toolcalc/scripts/seo/.venv/lib/python3.9/site-packages/telebot/__init__.py", line 1198, in polling
2026-07-29T03:01:13:     self.__threaded_polling(non_stop=non_stop, interval=interval, timeout=timeout, long_polling_timeout=long_polling_timeout,
2026-07-29T03:01:13:   File "/Users/aicommander/CascadeProjects/toolcalc/scripts/seo/.venv/lib/python3.9/site-packages/telebot/__init__.py", line 1273, in __threaded_polling
2026-07-29T03:01:13:     raise e
2026-07-29T03:01:13:   File "/Users/aicommander/CascadeProjects/toolcalc/scripts/seo/.venv/lib/python3.9/site-packages/telebot/__init__.py", line 1234, in __threaded_polling
2026-07-29T03:01:13:     polling_thread.raise_exceptions()
2026-07-29T03:01:13:   File "/Users/aicommander/CascadeProjects/toolcalc/scripts/seo/.venv/lib/python3.9/site-packages/telebot/util.py", line 115, in raise_exceptions
2026-07-29T03:01:13:     raise self.exception_info
2026-07-29T03:01:13:   File "/Users/aicommander/CascadeProjects/toolcalc/scripts/seo/.venv/lib/python3.9/site-packages/telebot/util.py", line 97, in run
2026-07-29T03:01:13:     task(*args, **kwargs)
2026-07-29T03:01:13:   File "/Users/aicommander/CascadeProjects/toolcalc/scripts/seo/.venv/lib/python3.9/site-packages/telebot/__init__.py", line 688, in __retrieve_updates
2026-07-29T03:01:13:     updates = self.get_updates(offset=(self.last_update_id + 1),
2026-07-29T03:01:13:   File "/Users/aicommander/CascadeProjects/toolcalc/scripts/seo/.venv/lib/python3.9/site-packages/telebot/__init__.py", line 660, in get_updates
2026-07-29T03:01:13:     json_updates = apihelper.get_updates(
2026-07-29T03:01:13:   File "/Users/aicommander/CascadeProjects/toolcalc/scripts/seo/.venv/lib/python3.9/site-packages/telebot/apihelper.py", line 339, in get_updates
2026-07-29T03:01:13:     return _make_request(token, method_url, params=payload)
2026-07-29T03:01:13:   File "/Users/aicommander/CascadeProjects/toolcalc/scripts/seo/.venv/lib/python3.9/site-packages/telebot/apihelper.py", line 162, in _make_request
2026-07-29T03:01:13:     result = _get_req_session().request(
2026-07-29T03:01:13:   File "/Users/aicommander/CascadeProjects/toolcalc/scripts/seo/.venv/lib/python3.9/site-packages/requests/sessions.py", line 589, in request
2026-07-29T03:01:13:     resp = self.send(prep, **send_kwargs)
2026-07-29T03:01:13:   File "/Users/aicommander/CascadeProjects/toolcalc/scripts/seo/.venv/lib/python3.9/site-packages/requests/sessions.py", line 703, in send
2026-07-29T03:01:13:     r = adapter.send(request, **kwargs)
2026-07-29T03:01:13:   File "/Users/aicommander/CascadeProjects/toolcalc/scripts/seo/.venv/lib/python3.9/site-packages/requests/adapters.py", line 665, in send
2026-07-29T03:01:13:     raise ConnectTimeout(e, request=request)
2026-07-29T03:01:13: requests.exceptions.ConnectTimeout: HTTPSConnectionPool(host='api.telegram.org', port=443): Max retries exceeded with url: /bot8903604110:***********************************/getUpdates?offset=550404780&timeout=20 (Caused by ConnectTimeoutError(<HTTPSConnection(host='api.telegram.org', port=443) at 0x10ac96eb0>, 'Connection to api.telegram.org timed out. (connect timeout=20)'))
2026-07-29T03:01:13: "
2026-07-30T03:00:32: 2026-07-30 03:00:32,718 (__init__.py:1115 MainThread) ERROR - TeleBot: "Infinity polling exception: HTTPSConnectionPool(host='api.telegram.org', port=443): Read timed out. (read timeout=25)"
2026-07-30T03:00:32: 2026-07-30 03:00:32,721 (__init__.py:1117 MainThread) ERROR - TeleBot: "Exception traceback:
2026-07-30T03:00:32: Traceback (most recent call last):
2026-07-30T03:00:32:   File "/Users/aicommander/CascadeProjects/toolcalc/scripts/seo/.venv/lib/python3.9/site-packages/urllib3/connectionpool.py", line 534, in _make_request
2026-07-30T03:00:32:     response = conn.getresponse()
2026-07-30T03:00:32:   File "/Users/aicommander/CascadeProjects/toolcalc/scripts/seo/.venv/lib/python3.9/site-packages/urllib3/connection.py", line 571, in getresponse
2026-07-30T03:00:32:     httplib_response = super().getresponse()
2026-07-30T03:00:32:   File "/Library/Developer/CommandLineTools/Library/Frameworks/Python3.framework/Versions/3.9/lib/python3.9/http/client.py", line 1349, in getresponse
2026-07-30T03:00:32:     response.begin()
2026-07-30T03:00:32:   File "/Library/Developer/CommandLineTools/Library/Frameworks/Python3.framework/Versions/3.9/lib/python3.9/http/client.py", line 316, in begin
2026-07-30T03:00:32:     version, status, reason = self._read_status()
2026-07-30T03:00:32:   File "/Library/Developer/CommandLineTools/Library/Frameworks/Python3.framework/Versions/3.9/lib/python3.9/http/client.py", line 277, in _read_status
2026-07-30T03:00:32:     line = str(self.fp.readline(_MAXLINE + 1), "iso-8859-1")
2026-07-30T03:00:32:   File "/Library/Developer/CommandLineTools/Library/Frameworks/Python3.framework/Versions/3.9/lib/python3.9/socket.py", line 704, in readinto
2026-07-30T03:00:32:     return self._sock.recv_into(b)
2026-07-30T03:00:32:   File "/Library/Developer/CommandLineTools/Library/Frameworks/Python3.framework/Versions/3.9/lib/python3.9/ssl.py", line 1241, in recv_into
2026-07-30T03:00:32:     return self.read(nbytes, buffer)
2026-07-30T03:00:32:   File "/Library/Developer/CommandLineTools/Library/Frameworks/Python3.framework/Versions/3.9/lib/python3.9/ssl.py", line 1099, in read
2026-07-30T03:00:32:     return self._sslobj.read(len, buffer)
2026-07-30T03:00:32: socket.timeout: The read operation timed out
2026-07-30T03:00:32: 
2026-07-30T03:00:32: The above exception was the direct cause of the following exception:
2026-07-30T03:00:32: 
2026-07-30T03:00:32: Traceback (most recent call last):
2026-07-30T03:00:32:   File "/Users/aicommander/CascadeProjects/toolcalc/scripts/seo/.venv/lib/python3.9/site-packages/requests/adapters.py", line 644, in send
2026-07-30T03:00:32:     resp = conn.urlopen(
2026-07-30T03:00:32:   File "/Users/aicommander/CascadeProjects/toolcalc/scripts/seo/.venv/lib/python3.9/site-packages/urllib3/connectionpool.py", line 841, in urlopen
2026-07-30T03:00:32:     retries = retries.increment(
2026-07-30T03:00:32:   File "/Users/aicommander/CascadeProjects/toolcalc/scripts/seo/.venv/lib/python3.9/site-packages/urllib3/util/retry.py", line 490, in increment
2026-07-30T03:00:32:     raise reraise(type(error), error, _stacktrace)
2026-07-30T03:00:32:   File "/Users/aicommander/CascadeProjects/toolcalc/scripts/seo/.venv/lib/python3.9/site-packages/urllib3/util/util.py", line 39, in reraise
2026-07-30T03:00:32:     raise value
2026-07-30T03:00:32:   File "/Users/aicommander/CascadeProjects/toolcalc/scripts/seo/.venv/lib/python3.9/site-packages/urllib3/connectionpool.py", line 787, in urlopen
2026-07-30T03:00:32:     response = self._make_request(
2026-07-30T03:00:32:   File "/Users/aicommander/CascadeProjects/toolcalc/scripts/seo/.venv/lib/python3.9/site-packages/urllib3/connectionpool.py", line 536, in _make_request
2026-07-30T03:00:32:     self._raise_timeout(err=e, url=url, timeout_value=read_timeout)
2026-07-30T03:00:32:   File "/Users/aicommander/CascadeProjects/toolcalc/scripts/seo/.venv/lib/python3.9/site-packages/urllib3/connectionpool.py", line 367, in _raise_timeout
2026-07-30T03:00:32:     raise ReadTimeoutError(
2026-07-30T03:00:32: urllib3.exceptions.ReadTimeoutError: HTTPSConnectionPool(host='api.telegram.org', port=443): Read timed out. (read timeout=25)
2026-07-30T03:00:32: 
2026-07-30T03:00:32: During handling of the above exception, another exception occurred:
2026-07-30T03:00:32: 
2026-07-30T03:00:32: Traceback (most recent call last):
2026-07-30T03:00:32:   File "/Users/aicommander/CascadeProjects/toolcalc/scripts/seo/.venv/lib/python3.9/site-packages/telebot/__init__.py", line 1110, in infinity_polling
2026-07-30T03:00:32:     self.polling(non_stop=True, timeout=timeout, long_polling_timeout=long_polling_timeout,
2026-07-30T03:00:32:   File "/Users/aicommander/CascadeProjects/toolcalc/scripts/seo/.venv/lib/python3.9/site-packages/telebot/__init__.py", line 1198, in polling
2026-07-30T03:00:32:     self.__threaded_polling(non_stop=non_stop, interval=interval, timeout=timeout, long_polling_timeout=long_polling_timeout,
2026-07-30T03:00:32:   File "/Users/aicommander/CascadeProjects/toolcalc/scripts/seo/.venv/lib/python3.9/site-packages/telebot/__init__.py", line 1273, in __threaded_polling
2026-07-30T03:00:32:     raise e
2026-07-30T03:00:32:   File "/Users/aicommander/CascadeProjects/toolcalc/scripts/seo/.venv/lib/python3.9/site-packages/telebot/__init__.py", line 1234, in __threaded_polling
2026-07-30T03:00:32:     polling_thread.raise_exceptions()
2026-07-30T03:00:32:   File "/Users/aicommander/CascadeProjects/toolcalc/scripts/seo/.venv/lib/python3.9/site-packages/telebot/util.py", line 115, in raise_exceptions
2026-07-30T03:00:32:     raise self.exception_info
2026-07-30T03:00:32:   File "/Users/aicommander/CascadeProjects/toolcalc/scripts/seo/.venv/lib/python3.9/site-packages/telebot/util.py", line 97, in run
2026-07-30T03:00:32:     task(*args, **kwargs)
2026-07-30T03:00:32:   File "/Users/aicommander/CascadeProjects/toolcalc/scripts/seo/.venv/lib/python3.9/site-packages/telebot/__init__.py", line 688, in __retrieve_updates
2026-07-30T03:00:32:     updates = self.get_updates(offset=(self.last_update_id + 1),
2026-07-30T03:00:32:   File "/Users/aicommander/CascadeProjects/toolcalc/scripts/seo/.venv/lib/python3.9/site-packages/telebot/__init__.py", line 660, in get_updates
2026-07-30T03:00:32:     json_updates = apihelper.get_updates(
2026-07-30T03:00:32:   File "/Users/aicommander/CascadeProjects/toolcalc/scripts/seo/.venv/lib/python3.9/site-packages/telebot/apihelper.py", line 339, in get_updates
2026-07-30T03:00:32:     return _make_request(token, method_url, params=payload)
2026-07-30T03:00:32:   File "/Users/aicommander/CascadeProjects/toolcalc/scripts/seo/.venv/lib/python3.9/site-packages/telebot/apihelper.py", line 162, in _make_request
2026-07-30T03:00:32:     result = _get_req_session().request(
2026-07-30T03:00:32:   File "/Users/aicommander/CascadeProjects/toolcalc/scripts/seo/.venv/lib/python3.9/site-packages/requests/sessions.py", line 589, in request
2026-07-30T03:00:32:     resp = self.send(prep, **send_kwargs)
2026-07-30T03:00:32:   File "/Users/aicommander/CascadeProjects/toolcalc/scripts/seo/.venv/lib/python3.9/site-packages/requests/sessions.py", line 703, in send
2026-07-30T03:00:32:     r = adapter.send(request, **kwargs)
2026-07-30T03:00:32:   File "/Users/aicommander/CascadeProjects/toolcalc/scripts/seo/.venv/lib/python3.9/site-packages/requests/adapters.py", line 690, in send
2026-07-30T03:00:32:     raise ReadTimeout(e, request=request)
2026-07-30T03:00:32: requests.exceptions.ReadTimeout: HTTPSConnectionPool(host='api.telegram.org', port=443): Read timed out. (read timeout=25)
2026-07-30T03:00:32: "
2026-07-30T03:00:55: 2026-07-30 03:00:55,866 (__init__.py:1115 MainThread) ERROR - TeleBot: "Infinity polling exception: HTTPSConnectionPool(host='api.telegram.org', port=443): Max retries exceeded with url: /bot8903604110:***********************************/getUpdates?offset=550404780&timeout=20 (Caused by ConnectTimeoutError(<HTTPSConnection(host='api.telegram.org', port=443) at 0x10ac60e80>, 'Connection to api.telegram.org timed out. (connect timeout=20)'))"
2026-07-30T03:00:55: 2026-07-30 03:00:55,866 (__init__.py:1117 MainThread) ERROR - TeleBot: "Exception traceback:
2026-07-30T03:00:55: Traceback (most recent call last):
2026-07-30T03:00:55:   File "/Users/aicommander/CascadeProjects/toolcalc/scripts/seo/.venv/lib/python3.9/site-packages/urllib3/connection.py", line 204, in _new_conn
2026-07-30T03:00:55:     sock = connection.create_connection(
2026-07-30T03:00:55:   File "/Users/aicommander/CascadeProjects/toolcalc/scripts/seo/.venv/lib/python3.9/site-packages/urllib3/util/connection.py", line 85, in create_connection
2026-07-30T03:00:55:     raise err
2026-07-30T03:00:55:   File "/Users/aicommander/CascadeProjects/toolcalc/scripts/seo/.venv/lib/python3.9/site-packages/urllib3/util/connection.py", line 73, in create_connection
2026-07-30T03:00:55:     sock.connect(sa)
2026-07-30T03:00:55: socket.timeout: timed out
2026-07-30T03:00:55: 
2026-07-30T03:00:55: The above exception was the direct cause of the following exception:
2026-07-30T03:00:55: 
2026-07-30T03:00:55: Traceback (most recent call last):
2026-07-30T03:00:55:   File "/Users/aicommander/CascadeProjects/toolcalc/scripts/seo/.venv/lib/python3.9/site-packages/urllib3/connectionpool.py", line 787, in urlopen
2026-07-30T03:00:55:     response = self._make_request(
2026-07-30T03:00:55:   File "/Users/aicommander/CascadeProjects/toolcalc/scripts/seo/.venv/lib/python3.9/site-packages/urllib3/connectionpool.py", line 488, in _make_request
2026-07-30T03:00:55:     raise new_e
2026-07-30T03:00:55:   File "/Users/aicommander/CascadeProjects/toolcalc/scripts/seo/.venv/lib/python3.9/site-packages/urllib3/connectionpool.py", line 464, in _make_request
2026-07-30T03:00:55:     self._validate_conn(conn)
2026-07-30T03:00:55:   File "/Users/aicommander/CascadeProjects/toolcalc/scripts/seo/.venv/lib/python3.9/site-packages/urllib3/connectionpool.py", line 1093, in _validate_conn
2026-07-30T03:00:55:     conn.connect()
2026-07-30T03:00:55:   File "/Users/aicommander/CascadeProjects/toolcalc/scripts/seo/.venv/lib/python3.9/site-packages/urllib3/connection.py", line 759, in connect
2026-07-30T03:00:55:     self.sock = sock = self._new_conn()
2026-07-30T03:00:55:   File "/Users/aicommander/CascadeProjects/toolcalc/scripts/seo/.venv/lib/python3.9/site-packages/urllib3/connection.py", line 213, in _new_conn
2026-07-30T03:00:55:     raise ConnectTimeoutError(
2026-07-30T03:00:55: urllib3.exceptions.ConnectTimeoutError: (<HTTPSConnection(host='api.telegram.org', port=443) at 0x10ac60e80>, 'Connection to api.telegram.org timed out. (connect timeout=20)')
2026-07-30T03:00:55: 
2026-07-30T03:00:55: The above exception was the direct cause of the following exception:
2026-07-30T03:00:55: 
2026-07-30T03:00:55: Traceback (most recent call last):
2026-07-30T03:00:55:   File "/Users/aicommander/CascadeProjects/toolcalc/scripts/seo/.venv/lib/python3.9/site-packages/requests/adapters.py", line 644, in send
2026-07-30T03:00:55:     resp = conn.urlopen(
2026-07-30T03:00:55:   File "/Users/aicommander/CascadeProjects/toolcalc/scripts/seo/.venv/lib/python3.9/site-packages/urllib3/connectionpool.py", line 841, in urlopen
2026-07-30T03:00:55:     retries = retries.increment(
2026-07-30T03:00:55:   File "/Users/aicommander/CascadeProjects/toolcalc/scripts/seo/.venv/lib/python3.9/site-packages/urllib3/util/retry.py", line 535, in increment
2026-07-30T03:00:55:     raise MaxRetryError(_pool, url, reason) from reason  # type: ignore[arg-type]
2026-07-30T03:00:55: urllib3.exceptions.MaxRetryError: HTTPSConnectionPool(host='api.telegram.org', port=443): Max retries exceeded with url: /bot8903604110:***********************************/getUpdates?offset=550404780&timeout=20 (Caused by ConnectTimeoutError(<HTTPSConnection(host='api.telegram.org', port=443) at 0x10ac60e80>, 'Connection to api.telegram.org timed out. (connect timeout=20)'))
2026-07-30T03:00:55: 
2026-07-30T03:00:55: During handling of the above exception, another exception occurred:
2026-07-30T03:00:55: 
2026-07-30T03:00:55: Traceback (most recent call last):
2026-07-30T03:00:55:   File "/Users/aicommander/CascadeProjects/toolcalc/scripts/seo/.venv/lib/python3.9/site-packages/telebot/__init__.py", line 1110, in infinity_polling
2026-07-30T03:00:55:     self.polling(non_stop=True, timeout=timeout, long_polling_timeout=long_polling_timeout,
2026-07-30T03:00:55:   File "/Users/aicommander/CascadeProjects/toolcalc/scripts/seo/.venv/lib/python3.9/site-packages/telebot/__init__.py", line 1198, in polling
2026-07-30T03:00:55:     self.__threaded_polling(non_stop=non_stop, interval=interval, timeout=timeout, long_polling_timeout=long_polling_timeout,
2026-07-30T03:00:55:   File "/Users/aicommander/CascadeProjects/toolcalc/scripts/seo/.venv/lib/python3.9/site-packages/telebot/__init__.py", line 1273, in __threaded_polling
2026-07-30T03:00:55:     raise e
2026-07-30T03:00:55:   File "/Users/aicommander/CascadeProjects/toolcalc/scripts/seo/.venv/lib/python3.9/site-packages/telebot/__init__.py", line 1234, in __threaded_polling
2026-07-30T03:00:55:     polling_thread.raise_exceptions()
2026-07-30T03:00:55:   File "/Users/aicommander/CascadeProjects/toolcalc/scripts/seo/.venv/lib/python3.9/site-packages/telebot/util.py", line 115, in raise_exceptions
2026-07-30T03:00:55:     raise self.exception_info
2026-07-30T03:00:55:   File "/Users/aicommander/CascadeProjects/toolcalc/scripts/seo/.venv/lib/python3.9/site-packages/telebot/util.py", line 97, in run
2026-07-30T03:00:55:     task(*args, **kwargs)
2026-07-30T03:00:55:   File "/Users/aicommander/CascadeProjects/toolcalc/scripts/seo/.venv/lib/python3.9/site-packages/telebot/__init__.py", line 688, in __retrieve_updates
2026-07-30T03:00:55:     updates = self.get_updates(offset=(self.last_update_id + 1),
2026-07-30T03:00:55:   File "/Users/aicommander/CascadeProjects/toolcalc/scripts/seo/.venv/lib/python3.9/site-packages/telebot/__init__.py", line 660, in get_updates
2026-07-30T03:00:55:     json_updates = apihelper.get_updates(
2026-07-30T03:00:55:   File "/Users/aicommander/CascadeProjects/toolcalc/scripts/seo/.venv/lib/python3.9/site-packages/telebot/apihelper.py", line 339, in get_updates
2026-07-30T03:00:55:     return _make_request(token, method_url, params=payload)
2026-07-30T03:00:55:   File "/Users/aicommander/CascadeProjects/toolcalc/scripts/seo/.venv/lib/python3.9/site-packages/telebot/apihelper.py", line 162, in _make_request
2026-07-30T03:00:55:     result = _get_req_session().request(
2026-07-30T03:00:55:   File "/Users/aicommander/CascadeProjects/toolcalc/scripts/seo/.venv/lib/python3.9/site-packages/requests/sessions.py", line 589, in request
2026-07-30T03:00:55:     resp = self.send(prep, **send_kwargs)
2026-07-30T03:00:55:   File "/Users/aicommander/CascadeProjects/toolcalc/scripts/seo/.venv/lib/python3.9/site-packages/requests/sessions.py", line 703, in send
2026-07-30T03:00:55:     r = adapter.send(request, **kwargs)
2026-07-30T03:00:55:   File "/Users/aicommander/CascadeProjects/toolcalc/scripts/seo/.venv/lib/python3.9/site-packages/requests/adapters.py", line 665, in send
2026-07-30T03:00:55:     raise ConnectTimeout(e, request=request)
2026-07-30T03:00:55: requests.exceptions.ConnectTimeout: HTTPSConnectionPool(host='api.telegram.org', port=443): Max retries exceeded with url: /bot8903604110:***********************************/getUpdates?offset=550404780&timeout=20 (Caused by ConnectTimeoutError(<HTTPSConnection(host='api.telegram.org', port=443) at 0x10ac60e80>, 'Connection to api.telegram.org timed out. (connect timeout=20)'))
2026-07-30T03:00:55: "
2026-07-30T03:01:19: 2026-07-30 03:01:19,026 (__init__.py:1115 MainThread) ERROR - TeleBot: "Infinity polling exception: HTTPSConnectionPool(host='api.telegram.org', port=443): Max retries exceeded with url: /bot8903604110:***********************************/getUpdates?offset=550404780&timeout=20 (Caused by ConnectTimeoutError(<HTTPSConnection(host='api.telegram.org', port=443) at 0x10ac96250>, 'Connection to api.telegram.org timed out. (connect timeout=20)'))"
2026-07-30T03:01:19: 2026-07-30 03:01:19,027 (__init__.py:1117 MainThread) ERROR - TeleBot: "Exception traceback:
2026-07-30T03:01:19: Traceback (most recent call last):
2026-07-30T03:01:19:   File "/Users/aicommander/CascadeProjects/toolcalc/scripts/seo/.venv/lib/python3.9/site-packages/urllib3/connection.py", line 204, in _new_conn
2026-07-30T03:01:19:     sock = connection.create_connection(
2026-07-30T03:01:19:   File "/Users/aicommander/CascadeProjects/toolcalc/scripts/seo/.venv/lib/python3.9/site-packages/urllib3/util/connection.py", line 85, in create_connection
2026-07-30T03:01:19:     raise err
2026-07-30T03:01:19:   File "/Users/aicommander/CascadeProjects/toolcalc/scripts/seo/.venv/lib/python3.9/site-packages/urllib3/util/connection.py", line 73, in create_connection
2026-07-30T03:01:19:     sock.connect(sa)
2026-07-30T03:01:19: socket.timeout: timed out
2026-07-30T03:01:19: 
2026-07-30T03:01:19: The above exception was the direct cause of the following exception:
2026-07-30T03:01:19: 
2026-07-30T03:01:19: Traceback (most recent call last):
2026-07-30T03:01:19:   File "/Users/aicommander/CascadeProjects/toolcalc/scripts/seo/.venv/lib/python3.9/site-packages/urllib3/connectionpool.py", line 787, in urlopen
2026-07-30T03:01:19:     response = self._make_request(
2026-07-30T03:01:19:   File "/Users/aicommander/CascadeProjects/toolcalc/scripts/seo/.venv/lib/python3.9/site-packages/urllib3/connectionpool.py", line 488, in _make_request
2026-07-30T03:01:19:     raise new_e
2026-07-30T03:01:19:   File "/Users/aicommander/CascadeProjects/toolcalc/scripts/seo/.venv/lib/python3.9/site-packages/urllib3/connectionpool.py", line 464, in _make_request
2026-07-30T03:01:19:     self._validate_conn(conn)
2026-07-30T03:01:19:   File "/Users/aicommander/CascadeProjects/toolcalc/scripts/seo/.venv/lib/python3.9/site-packages/urllib3/connectionpool.py", line 1093, in _validate_conn
2026-07-30T03:01:19:     conn.connect()
2026-07-30T03:01:19:   File "/Users/aicommander/CascadeProjects/toolcalc/scripts/seo/.venv/lib/python3.9/site-packages/urllib3/connection.py", line 759, in connect
2026-07-30T03:01:19:     self.sock = sock = self._new_conn()
2026-07-30T03:01:19:   File "/Users/aicommander/CascadeProjects/toolcalc/scripts/seo/.venv/lib/python3.9/site-packages/urllib3/connection.py", line 213, in _new_conn
2026-07-30T03:01:19:     raise ConnectTimeoutError(
2026-07-30T03:01:19: urllib3.exceptions.ConnectTimeoutError: (<HTTPSConnection(host='api.telegram.org', port=443) at 0x10ac96250>, 'Connection to api.telegram.org timed out. (connect timeout=20)')
2026-07-30T03:01:19: 
2026-07-30T03:01:19: The above exception was the direct cause of the following exception:
2026-07-30T03:01:19: 
2026-07-30T03:01:19: Traceback (most recent call last):
2026-07-30T03:01:19:   File "/Users/aicommander/CascadeProjects/toolcalc/scripts/seo/.venv/lib/python3.9/site-packages/requests/adapters.py", line 644, in send
2026-07-30T03:01:19:     resp = conn.urlopen(
2026-07-30T03:01:19:   File "/Users/aicommander/CascadeProjects/toolcalc/scripts/seo/.venv/lib/python3.9/site-packages/urllib3/connectionpool.py", line 841, in urlopen
2026-07-30T03:01:19:     retries = retries.increment(
2026-07-30T03:01:19:   File "/Users/aicommander/CascadeProjects/toolcalc/scripts/seo/.venv/lib/python3.9/site-packages/urllib3/util/retry.py", line 535, in increment
2026-07-30T03:01:19:     raise MaxRetryError(_pool, url, reason) from reason  # type: ignore[arg-type]
2026-07-30T03:01:19: urllib3.exceptions.MaxRetryError: HTTPSConnectionPool(host='api.telegram.org', port=443): Max retries exceeded with url: /bot8903604110:***********************************/getUpdates?offset=550404780&timeout=20 (Caused by ConnectTimeoutError(<HTTPSConnection(host='api.telegram.org', port=443) at 0x10ac96250>, 'Connection to api.telegram.org timed out. (connect timeout=20)'))
2026-07-30T03:01:19: 
2026-07-30T03:01:19: During handling of the above exception, another exception occurred:
2026-07-30T03:01:19: 
2026-07-30T03:01:19: Traceback (most recent call last):
2026-07-30T03:01:19:   File "/Users/aicommander/CascadeProjects/toolcalc/scripts/seo/.venv/lib/python3.9/site-packages/telebot/__init__.py", line 1110, in infinity_polling
2026-07-30T03:01:19:     self.polling(non_stop=True, timeout=timeout, long_polling_timeout=long_polling_timeout,
2026-07-30T03:01:19:   File "/Users/aicommander/CascadeProjects/toolcalc/scripts/seo/.venv/lib/python3.9/site-packages/telebot/__init__.py", line 1198, in polling
2026-07-30T03:01:19:     self.__threaded_polling(non_stop=non_stop, interval=interval, timeout=timeout, long_polling_timeout=long_polling_timeout,
2026-07-30T03:01:19:   File "/Users/aicommander/CascadeProjects/toolcalc/scripts/seo/.venv/lib/python3.9/site-packages/telebot/__init__.py", line 1273, in __threaded_polling
2026-07-30T03:01:19:     raise e
2026-07-30T03:01:19:   File "/Users/aicommander/CascadeProjects/toolcalc/scripts/seo/.venv/lib/python3.9/site-packages/telebot/__init__.py", line 1234, in __threaded_polling
2026-07-30T03:01:19:     polling_thread.raise_exceptions()
2026-07-30T03:01:19:   File "/Users/aicommander/CascadeProjects/toolcalc/scripts/seo/.venv/lib/python3.9/site-packages/telebot/util.py", line 115, in raise_exceptions
2026-07-30T03:01:19:     raise self.exception_info
2026-07-30T03:01:19:   File "/Users/aicommander/CascadeProjects/toolcalc/scripts/seo/.venv/lib/python3.9/site-packages/telebot/util.py", line 97, in run
2026-07-30T03:01:19:     task(*args, **kwargs)
2026-07-30T03:01:19:   File "/Users/aicommander/CascadeProjects/toolcalc/scripts/seo/.venv/lib/python3.9/site-packages/telebot/__init__.py", line 688, in __retrieve_updates
2026-07-30T03:01:19:     updates = self.get_updates(offset=(self.last_update_id + 1),
2026-07-30T03:01:19:   File "/Users/aicommander/CascadeProjects/toolcalc/scripts/seo/.venv/lib/python3.9/site-packages/telebot/__init__.py", line 660, in get_updates
2026-07-30T03:01:19:     json_updates = apihelper.get_updates(
2026-07-30T03:01:19:   File "/Users/aicommander/CascadeProjects/toolcalc/scripts/seo/.venv/lib/python3.9/site-packages/telebot/apihelper.py", line 339, in get_updates
2026-07-30T03:01:19:     return _make_request(token, method_url, params=payload)
2026-07-30T03:01:19:   File "/Users/aicommander/CascadeProjects/toolcalc/scripts/seo/.venv/lib/python3.9/site-packages/telebot/apihelper.py", line 162, in _make_request
2026-07-30T03:01:19:     result = _get_req_session().request(
2026-07-30T03:01:19:   File "/Users/aicommander/CascadeProjects/toolcalc/scripts/seo/.venv/lib/python3.9/site-packages/requests/sessions.py", line 589, in request
2026-07-30T03:01:19:     resp = self.send(prep, **send_kwargs)
2026-07-30T03:01:19:   File "/Users/aicommander/CascadeProjects/toolcalc/scripts/seo/.venv/lib/python3.9/site-packages/requests/sessions.py", line 703, in send
2026-07-30T03:01:19:     r = adapter.send(request, **kwargs)
2026-07-30T03:01:19:   File "/Users/aicommander/CascadeProjects/toolcalc/scripts/seo/.venv/lib/python3.9/site-packages/requests/adapters.py", line 665, in send
2026-07-30T03:01:19:     raise ConnectTimeout(e, request=request)
2026-07-30T03:01:19: requests.exceptions.ConnectTimeout: HTTPSConnectionPool(host='api.telegram.org', port=443): Max retries exceeded with url: /bot8903604110:***********************************/getUpdates?offset=550404780&timeout=20 (Caused by ConnectTimeoutError(<HTTPSConnection(host='api.telegram.org', port=443) at 0x10ac96250>, 'Connection to api.telegram.org timed out. (connect timeout=20)'))
2026-07-30T03:01:19: "
2026-07-30T05:08:03: 2026-07-30 05:08:03,584 (__init__.py:1115 MainThread) ERROR - TeleBot: "Infinity polling exception: HTTPSConnectionPool(host='api.telegram.org', port=443): Read timed out. (read timeout=25)"
2026-07-30T05:08:03: 2026-07-30 05:08:03,586 (__init__.py:1117 MainThread) ERROR - TeleBot: "Exception traceback:
2026-07-30T05:08:03: Traceback (most recent call last):
2026-07-30T05:08:03:   File "/Users/aicommander/CascadeProjects/toolcalc/scripts/seo/.venv/lib/python3.9/site-packages/urllib3/connectionpool.py", line 534, in _make_request
2026-07-30T05:08:03:     response = conn.getresponse()
2026-07-30T05:08:03:   File "/Users/aicommander/CascadeProjects/toolcalc/scripts/seo/.venv/lib/python3.9/site-packages/urllib3/connection.py", line 571, in getresponse
2026-07-30T05:08:03:     httplib_response = super().getresponse()
2026-07-30T05:08:03:   File "/Library/Developer/CommandLineTools/Library/Frameworks/Python3.framework/Versions/3.9/lib/python3.9/http/client.py", line 1349, in getresponse
2026-07-30T05:08:03:     response.begin()
2026-07-30T05:08:03:   File "/Library/Developer/CommandLineTools/Library/Frameworks/Python3.framework/Versions/3.9/lib/python3.9/http/client.py", line 316, in begin
2026-07-30T05:08:03:     version, status, reason = self._read_status()
2026-07-30T05:08:03:   File "/Library/Developer/CommandLineTools/Library/Frameworks/Python3.framework/Versions/3.9/lib/python3.9/http/client.py", line 277, in _read_status
2026-07-30T05:08:03:     line = str(self.fp.readline(_MAXLINE + 1), "iso-8859-1")
2026-07-30T05:08:03:   File "/Library/Developer/CommandLineTools/Library/Frameworks/Python3.framework/Versions/3.9/lib/python3.9/socket.py", line 704, in readinto
2026-07-30T05:08:03:     return self._sock.recv_into(b)
2026-07-30T05:08:03:   File "/Library/Developer/CommandLineTools/Library/Frameworks/Python3.framework/Versions/3.9/lib/python3.9/ssl.py", line 1241, in recv_into
2026-07-30T05:08:03:     return self.read(nbytes, buffer)
2026-07-30T05:08:03:   File "/Library/Developer/CommandLineTools/Library/Frameworks/Python3.framework/Versions/3.9/lib/python3.9/ssl.py", line 1099, in read
2026-07-30T05:08:03:     return self._sslobj.read(len, buffer)
2026-07-30T05:08:03: socket.timeout: The read operation timed out
2026-07-30T05:08:03: 
2026-07-30T05:08:03: The above exception was the direct cause of the following exception:
2026-07-30T05:08:03: 
2026-07-30T05:08:03: Traceback (most recent call last):
2026-07-30T05:08:03:   File "/Users/aicommander/CascadeProjects/toolcalc/scripts/seo/.venv/lib/python3.9/site-packages/requests/adapters.py", line 644, in send
2026-07-30T05:08:03:     resp = conn.urlopen(
2026-07-30T05:08:03:   File "/Users/aicommander/CascadeProjects/toolcalc/scripts/seo/.venv/lib/python3.9/site-packages/urllib3/connectionpool.py", line 841, in urlopen
2026-07-30T05:08:03:     retries = retries.increment(
2026-07-30T05:08:03:   File "/Users/aicommander/CascadeProjects/toolcalc/scripts/seo/.venv/lib/python3.9/site-packages/urllib3/util/retry.py", line 490, in increment
2026-07-30T05:08:03:     raise reraise(type(error), error, _stacktrace)
2026-07-30T05:08:03:   File "/Users/aicommander/CascadeProjects/toolcalc/scripts/seo/.venv/lib/python3.9/site-packages/urllib3/util/util.py", line 39, in reraise
2026-07-30T05:08:03:     raise value
2026-07-30T05:08:03:   File "/Users/aicommander/CascadeProjects/toolcalc/scripts/seo/.venv/lib/python3.9/site-packages/urllib3/connectionpool.py", line 787, in urlopen
2026-07-30T05:08:03:     response = self._make_request(
2026-07-30T05:08:03:   File "/Users/aicommander/CascadeProjects/toolcalc/scripts/seo/.venv/lib/python3.9/site-packages/urllib3/connectionpool.py", line 536, in _make_request
2026-07-30T05:08:03:     self._raise_timeout(err=e, url=url, timeout_value=read_timeout)
2026-07-30T05:08:03:   File "/Users/aicommander/CascadeProjects/toolcalc/scripts/seo/.venv/lib/python3.9/site-packages/urllib3/connectionpool.py", line 367, in _raise_timeout
2026-07-30T05:08:03:     raise ReadTimeoutError(
2026-07-30T05:08:03: urllib3.exceptions.ReadTimeoutError: HTTPSConnectionPool(host='api.telegram.org', port=443): Read timed out. (read timeout=25)
2026-07-30T05:08:03: 
2026-07-30T05:08:03: During handling of the above exception, another exception occurred:
2026-07-30T05:08:03: 
2026-07-30T05:08:03: Traceback (most recent call last):
2026-07-30T05:08:03:   File "/Users/aicommander/CascadeProjects/toolcalc/scripts/seo/.venv/lib/python3.9/site-packages/telebot/__init__.py", line 1110, in infinity_polling
2026-07-30T05:08:03:     self.polling(non_stop=True, timeout=timeout, long_polling_timeout=long_polling_timeout,
2026-07-30T05:08:03:   File "/Users/aicommander/CascadeProjects/toolcalc/scripts/seo/.venv/lib/python3.9/site-packages/telebot/__init__.py", line 1198, in polling
2026-07-30T05:08:03:     self.__threaded_polling(non_stop=non_stop, interval=interval, timeout=timeout, long_polling_timeout=long_polling_timeout,
2026-07-30T05:08:03:   File "/Users/aicommander/CascadeProjects/toolcalc/scripts/seo/.venv/lib/python3.9/site-packages/telebot/__init__.py", line 1273, in __threaded_polling
2026-07-30T05:08:03:     raise e
2026-07-30T05:08:03:   File "/Users/aicommander/CascadeProjects/toolcalc/scripts/seo/.venv/lib/python3.9/site-packages/telebot/__init__.py", line 1234, in __threaded_polling
2026-07-30T05:08:03:     polling_thread.raise_exceptions()
2026-07-30T05:08:03:   File "/Users/aicommander/CascadeProjects/toolcalc/scripts/seo/.venv/lib/python3.9/site-packages/telebot/util.py", line 115, in raise_exceptions
2026-07-30T05:08:03:     raise self.exception_info
2026-07-30T05:08:03:   File "/Users/aicommander/CascadeProjects/toolcalc/scripts/seo/.venv/lib/python3.9/site-packages/telebot/util.py", line 97, in run
2026-07-30T05:08:03:     task(*args, **kwargs)
2026-07-30T05:08:03:   File "/Users/aicommander/CascadeProjects/toolcalc/scripts/seo/.venv/lib/python3.9/site-packages/telebot/__init__.py", line 688, in __retrieve_updates
2026-07-30T05:08:03:     updates = self.get_updates(offset=(self.last_update_id + 1),
2026-07-30T05:08:03:   File "/Users/aicommander/CascadeProjects/toolcalc/scripts/seo/.venv/lib/python3.9/site-packages/telebot/__init__.py", line 660, in get_updates
2026-07-30T05:08:03:     json_updates = apihelper.get_updates(
2026-07-30T05:08:03:   File "/Users/aicommander/CascadeProjects/toolcalc/scripts/seo/.venv/lib/python3.9/site-packages/telebot/apihelper.py", line 339, in get_updates
2026-07-30T05:08:03:     return _make_request(token, method_url, params=payload)
2026-07-30T05:08:03:   File "/Users/aicommander/CascadeProjects/toolcalc/scripts/seo/.venv/lib/python3.9/site-packages/telebot/apihelper.py", line 162, in _make_request
2026-07-30T05:08:03:     result = _get_req_session().request(
2026-07-30T05:08:03:   File "/Users/aicommander/CascadeProjects/toolcalc/scripts/seo/.venv/lib/python3.9/site-packages/requests/sessions.py", line 589, in request
2026-07-30T05:08:03:     resp = self.send(prep, **send_kwargs)
2026-07-30T05:08:03:   File "/Users/aicommander/CascadeProjects/toolcalc/scripts/seo/.venv/lib/python3.9/site-packages/requests/sessions.py", line 703, in send
2026-07-30T05:08:03:     r = adapter.send(request, **kwargs)
2026-07-30T05:08:03:   File "/Users/aicommander/CascadeProjects/toolcalc/scripts/seo/.venv/lib/python3.9/site-packages/requests/adapters.py", line 690, in send
2026-07-30T05:08:03:     raise ReadTimeout(e, request=request)
2026-07-30T05:08:03: requests.exceptions.ReadTimeout: HTTPSConnectionPool(host='api.telegram.org', port=443): Read timed out. (read timeout=25)
2026-07-30T05:08:03: "
2026-07-30T05:08:06: 2026-07-30 05:08:06,690 (__init__.py:1115 MainThread) ERROR - TeleBot: "Infinity polling exception: HTTPSConnectionPool(host='api.telegram.org', port=443): Max retries exceeded with url: /bot8903604110:***********************************/getUpdates?offset=550404780&timeout=20 (Caused by NewConnectionError("HTTPSConnection(host='api.telegram.org', port=443): Failed to establish a new connection: [Errno 51] Network is unreachable"))"
2026-07-30T05:08:06: 2026-07-30 05:08:06,690 (__init__.py:1117 MainThread) ERROR - TeleBot: "Exception traceback:
2026-07-30T05:08:06: Traceback (most recent call last):
2026-07-30T05:08:06:   File "/Users/aicommander/CascadeProjects/toolcalc/scripts/seo/.venv/lib/python3.9/site-packages/urllib3/connection.py", line 204, in _new_conn
2026-07-30T05:08:06:     sock = connection.create_connection(
2026-07-30T05:08:06:   File "/Users/aicommander/CascadeProjects/toolcalc/scripts/seo/.venv/lib/python3.9/site-packages/urllib3/util/connection.py", line 85, in create_connection
2026-07-30T05:08:06:     raise err
2026-07-30T05:08:06:   File "/Users/aicommander/CascadeProjects/toolcalc/scripts/seo/.venv/lib/python3.9/site-packages/urllib3/util/connection.py", line 73, in create_connection
2026-07-30T05:08:06:     sock.connect(sa)
2026-07-30T05:08:06: OSError: [Errno 51] Network is unreachable
2026-07-30T05:08:06: 
2026-07-30T05:08:06: The above exception was the direct cause of the following exception:
2026-07-30T05:08:06: 
2026-07-30T05:08:06: Traceback (most recent call last):
2026-07-30T05:08:06:   File "/Users/aicommander/CascadeProjects/toolcalc/scripts/seo/.venv/lib/python3.9/site-packages/urllib3/connectionpool.py", line 787, in urlopen
2026-07-30T05:08:06:     response = self._make_request(
2026-07-30T05:08:06:   File "/Users/aicommander/CascadeProjects/toolcalc/scripts/seo/.venv/lib/python3.9/site-packages/urllib3/connectionpool.py", line 488, in _make_request
2026-07-30T05:08:06:     raise new_e
2026-07-30T05:08:06:   File "/Users/aicommander/CascadeProjects/toolcalc/scripts/seo/.venv/lib/python3.9/site-packages/urllib3/connectionpool.py", line 464, in _make_request
2026-07-30T05:08:06:     self._validate_conn(conn)
2026-07-30T05:08:06:   File "/Users/aicommander/CascadeProjects/toolcalc/scripts/seo/.venv/lib/python3.9/site-packages/urllib3/connectionpool.py", line 1093, in _validate_conn
2026-07-30T05:08:06:     conn.connect()
2026-07-30T05:08:06:   File "/Users/aicommander/CascadeProjects/toolcalc/scripts/seo/.venv/lib/python3.9/site-packages/urllib3/connection.py", line 759, in connect
2026-07-30T05:08:06:     self.sock = sock = self._new_conn()
2026-07-30T05:08:06:   File "/Users/aicommander/CascadeProjects/toolcalc/scripts/seo/.venv/lib/python3.9/site-packages/urllib3/connection.py", line 219, in _new_conn
2026-07-30T05:08:06:     raise NewConnectionError(
2026-07-30T05:08:06: urllib3.exceptions.NewConnectionError: HTTPSConnection(host='api.telegram.org', port=443): Failed to establish a new connection: [Errno 51] Network is unreachable
2026-07-30T05:08:06: 
2026-07-30T05:08:06: The above exception was the direct cause of the following exception:
2026-07-30T05:08:06: 
2026-07-30T05:08:06: Traceback (most recent call last):
2026-07-30T05:08:06:   File "/Users/aicommander/CascadeProjects/toolcalc/scripts/seo/.venv/lib/python3.9/site-packages/requests/adapters.py", line 644, in send
2026-07-30T05:08:06:     resp = conn.urlopen(
2026-07-30T05:08:06:   File "/Users/aicommander/CascadeProjects/toolcalc/scripts/seo/.venv/lib/python3.9/site-packages/urllib3/connectionpool.py", line 841, in urlopen
2026-07-30T05:08:06:     retries = retries.increment(
2026-07-30T05:08:06:   File "/Users/aicommander/CascadeProjects/toolcalc/scripts/seo/.venv/lib/python3.9/site-packages/urllib3/util/retry.py", line 535, in increment
2026-07-30T05:08:06:     raise MaxRetryError(_pool, url, reason) from reason  # type: ignore[arg-type]
2026-07-30T05:08:06: urllib3.exceptions.MaxRetryError: HTTPSConnectionPool(host='api.telegram.org', port=443): Max retries exceeded with url: /bot8903604110:***********************************/getUpdates?offset=550404780&timeout=20 (Caused by NewConnectionError("HTTPSConnection(host='api.telegram.org', port=443): Failed to establish a new connection: [Errno 51] Network is unreachable"))
2026-07-30T05:08:06: 
2026-07-30T05:08:06: During handling of the above exception, another exception occurred:
2026-07-30T05:08:06: 
2026-07-30T05:08:06: Traceback (most recent call last):
2026-07-30T05:08:06:   File "/Users/aicommander/CascadeProjects/toolcalc/scripts/seo/.venv/lib/python3.9/site-packages/telebot/__init__.py", line 1110, in infinity_polling
2026-07-30T05:08:06:     self.polling(non_stop=True, timeout=timeout, long_polling_timeout=long_polling_timeout,
2026-07-30T05:08:06:   File "/Users/aicommander/CascadeProjects/toolcalc/scripts/seo/.venv/lib/python3.9/site-packages/telebot/__init__.py", line 1198, in polling
2026-07-30T05:08:06:     self.__threaded_polling(non_stop=non_stop, interval=interval, timeout=timeout, long_polling_timeout=long_polling_timeout,
2026-07-30T05:08:06:   File "/Users/aicommander/CascadeProjects/toolcalc/scripts/seo/.venv/lib/python3.9/site-packages/telebot/__init__.py", line 1273, in __threaded_polling
2026-07-30T05:08:06:     raise e
2026-07-30T05:08:06:   File "/Users/aicommander/CascadeProjects/toolcalc/scripts/seo/.venv/lib/python3.9/site-packages/telebot/__init__.py", line 1234, in __threaded_polling
2026-07-30T05:08:06:     polling_thread.raise_exceptions()
2026-07-30T05:08:06:   File "/Users/aicommander/CascadeProjects/toolcalc/scripts/seo/.venv/lib/python3.9/site-packages/telebot/util.py", line 115, in raise_exceptions
2026-07-30T05:08:06:     raise self.exception_info
2026-07-30T05:08:06:   File "/Users/aicommander/CascadeProjects/toolcalc/scripts/seo/.venv/lib/python3.9/site-packages/telebot/util.py", line 97, in run
2026-07-30T05:08:06:     task(*args, **kwargs)
2026-07-30T05:08:06:   File "/Users/aicommander/CascadeProjects/toolcalc/scripts/seo/.venv/lib/python3.9/site-packages/telebot/__init__.py", line 688, in __retrieve_updates
2026-07-30T05:08:06:     updates = self.get_updates(offset=(self.last_update_id + 1),
2026-07-30T05:08:06:   File "/Users/aicommander/CascadeProjects/toolcalc/scripts/seo/.venv/lib/python3.9/site-packages/telebot/__init__.py", line 660, in get_updates
2026-07-30T05:08:06:     json_updates = apihelper.get_updates(
2026-07-30T05:08:06:   File "/Users/aicommander/CascadeProjects/toolcalc/scripts/seo/.venv/lib/python3.9/site-packages/telebot/apihelper.py", line 339, in get_updates
2026-07-30T05:08:06:     return _make_request(token, method_url, params=payload)
2026-07-30T05:08:06:   File "/Users/aicommander/CascadeProjects/toolcalc/scripts/seo/.venv/lib/python3.9/site-packages/telebot/apihelper.py", line 162, in _make_request
2026-07-30T05:08:06:     result = _get_req_session().request(
2026-07-30T05:08:06:   File "/Users/aicommander/CascadeProjects/toolcalc/scripts/seo/.venv/lib/python3.9/site-packages/requests/sessions.py", line 589, in request
2026-07-30T05:08:06:     resp = self.send(prep, **send_kwargs)
2026-07-30T05:08:06:   File "/Users/aicommander/CascadeProjects/toolcalc/scripts/seo/.venv/lib/python3.9/site-packages/requests/sessions.py", line 703, in send
2026-07-30T05:08:06:     r = adapter.send(request, **kwargs)
2026-07-30T05:08:06:   File "/Users/aicommander/CascadeProjects/toolcalc/scripts/seo/.venv/lib/python3.9/site-packages/requests/adapters.py", line 677, in send
2026-07-30T05:08:06:     raise ConnectionError(e, request=request)
2026-07-30T05:08:06: requests.exceptions.ConnectionError: HTTPSConnectionPool(host='api.telegram.org', port=443): Max retries exceeded with url: /bot8903604110:***********************************/getUpdates?offset=550404780&timeout=20 (Caused by NewConnectionError("HTTPSConnection(host='api.telegram.org', port=443): Failed to establish a new connection: [Errno 51] Network is unreachable"))
2026-07-30T05:08:06: "
2026-07-30T12:28:50: 2026-07-30 12:28:50,968 (__init__.py:1115 MainThread) ERROR - TeleBot: "Infinity polling exception: HTTPSConnectionPool(host='api.telegram.org', port=443): Read timed out. (read timeout=25)"
2026-07-30T12:28:50: 2026-07-30 12:28:50,999 (__init__.py:1117 MainThread) ERROR - TeleBot: "Exception traceback:
2026-07-30T12:28:50: Traceback (most recent call last):
2026-07-30T12:28:50:   File "/Users/aicommander/CascadeProjects/toolcalc/scripts/seo/.venv/lib/python3.9/site-packages/urllib3/connectionpool.py", line 534, in _make_request
2026-07-30T12:28:50:     response = conn.getresponse()
2026-07-30T12:28:50:   File "/Users/aicommander/CascadeProjects/toolcalc/scripts/seo/.venv/lib/python3.9/site-packages/urllib3/connection.py", line 571, in getresponse
2026-07-30T12:28:50:     httplib_response = super().getresponse()
2026-07-30T12:28:50:   File "/Library/Developer/CommandLineTools/Library/Frameworks/Python3.framework/Versions/3.9/lib/python3.9/http/client.py", line 1349, in getresponse
2026-07-30T12:28:50:     response.begin()
2026-07-30T12:28:50:   File "/Library/Developer/CommandLineTools/Library/Frameworks/Python3.framework/Versions/3.9/lib/python3.9/http/client.py", line 316, in begin
2026-07-30T12:28:50:     version, status, reason = self._read_status()
2026-07-30T12:28:50:   File "/Library/Developer/CommandLineTools/Library/Frameworks/Python3.framework/Versions/3.9/lib/python3.9/http/client.py", line 277, in _read_status
2026-07-30T12:28:50:     line = str(self.fp.readline(_MAXLINE + 1), "iso-8859-1")
2026-07-30T12:28:50:   File "/Library/Developer/CommandLineTools/Library/Frameworks/Python3.framework/Versions/3.9/lib/python3.9/socket.py", line 704, in readinto
2026-07-30T12:28:50:     return self._sock.recv_into(b)
2026-07-30T12:28:50:   File "/Library/Developer/CommandLineTools/Library/Frameworks/Python3.framework/Versions/3.9/lib/python3.9/ssl.py", line 1241, in recv_into
2026-07-30T12:28:50:     return self.read(nbytes, buffer)
2026-07-30T12:28:50:   File "/Library/Developer/CommandLineTools/Library/Frameworks/Python3.framework/Versions/3.9/lib/python3.9/ssl.py", line 1099, in read
2026-07-30T12:28:50:     return self._sslobj.read(len, buffer)
2026-07-30T12:28:50: socket.timeout: The read operation timed out
2026-07-30T12:28:50: 
2026-07-30T12:28:50: The above exception was the direct cause of the following exception:
2026-07-30T12:28:50: 
2026-07-30T12:28:50: Traceback (most recent call last):
2026-07-30T12:28:50:   File "/Users/aicommander/CascadeProjects/toolcalc/scripts/seo/.venv/lib/python3.9/site-packages/requests/adapters.py", line 644, in send
2026-07-30T12:28:50:     resp = conn.urlopen(
2026-07-30T12:28:50:   File "/Users/aicommander/CascadeProjects/toolcalc/scripts/seo/.venv/lib/python3.9/site-packages/urllib3/connectionpool.py", line 841, in urlopen
2026-07-30T12:28:50:     retries = retries.increment(
2026-07-30T12:28:50:   File "/Users/aicommander/CascadeProjects/toolcalc/scripts/seo/.venv/lib/python3.9/site-packages/urllib3/util/retry.py", line 490, in increment
2026-07-30T12:28:50:     raise reraise(type(error), error, _stacktrace)
2026-07-30T12:28:50:   File "/Users/aicommander/CascadeProjects/toolcalc/scripts/seo/.venv/lib/python3.9/site-packages/urllib3/util/util.py", line 39, in reraise
2026-07-30T12:28:50:     raise value
2026-07-30T12:28:50:   File "/Users/aicommander/CascadeProjects/toolcalc/scripts/seo/.venv/lib/python3.9/site-packages/urllib3/connectionpool.py", line 787, in urlopen
2026-07-30T12:28:50:     response = self._make_request(
2026-07-30T12:28:50:   File "/Users/aicommander/CascadeProjects/toolcalc/scripts/seo/.venv/lib/python3.9/site-packages/urllib3/connectionpool.py", line 536, in _make_request
2026-07-30T12:28:50:     self._raise_timeout(err=e, url=url, timeout_value=read_timeout)
2026-07-30T12:28:50:   File "/Users/aicommander/CascadeProjects/toolcalc/scripts/seo/.venv/lib/python3.9/site-packages/urllib3/connectionpool.py", line 367, in _raise_timeout
2026-07-30T12:28:50:     raise ReadTimeoutError(
2026-07-30T12:28:50: urllib3.exceptions.ReadTimeoutError: HTTPSConnectionPool(host='api.telegram.org', port=443): Read timed out. (read timeout=25)
2026-07-30T12:28:50: 
2026-07-30T12:28:50: During handling of the above exception, another exception occurred:
2026-07-30T12:28:50: 
2026-07-30T12:28:50: Traceback (most recent call last):
2026-07-30T12:28:50:   File "/Users/aicommander/CascadeProjects/toolcalc/scripts/seo/.venv/lib/python3.9/site-packages/telebot/__init__.py", line 1110, in infinity_polling
2026-07-30T12:28:50:     self.polling(non_stop=True, timeout=timeout, long_polling_timeout=long_polling_timeout,
2026-07-30T12:28:50:   File "/Users/aicommander/CascadeProjects/toolcalc/scripts/seo/.venv/lib/python3.9/site-packages/telebot/__init__.py", line 1198, in polling
2026-07-30T12:28:50:     self.__threaded_polling(non_stop=non_stop, interval=interval, timeout=timeout, long_polling_timeout=long_polling_timeout,
2026-07-30T12:28:50:   File "/Users/aicommander/CascadeProjects/toolcalc/scripts/seo/.venv/lib/python3.9/site-packages/telebot/__init__.py", line 1273, in __threaded_polling
2026-07-30T12:28:50:     raise e
2026-07-30T12:28:50:   File "/Users/aicommander/CascadeProjects/toolcalc/scripts/seo/.venv/lib/python3.9/site-packages/telebot/__init__.py", line 1234, in __threaded_polling
2026-07-30T12:28:50:     polling_thread.raise_exceptions()
2026-07-30T12:28:50:   File "/Users/aicommander/CascadeProjects/toolcalc/scripts/seo/.venv/lib/python3.9/site-packages/telebot/util.py", line 115, in raise_exceptions
2026-07-30T12:28:50:     raise self.exception_info
2026-07-30T12:28:50:   File "/Users/aicommander/CascadeProjects/toolcalc/scripts/seo/.venv/lib/python3.9/site-packages/telebot/util.py", line 97, in run
2026-07-30T12:28:50:     task(*args, **kwargs)
2026-07-30T12:28:50:   File "/Users/aicommander/CascadeProjects/toolcalc/scripts/seo/.venv/lib/python3.9/site-packages/telebot/__init__.py", line 688, in __retrieve_updates
2026-07-30T12:28:50:     updates = self.get_updates(offset=(self.last_update_id + 1),
2026-07-30T12:28:50:   File "/Users/aicommander/CascadeProjects/toolcalc/scripts/seo/.venv/lib/python3.9/site-packages/telebot/__init__.py", line 660, in get_updates
2026-07-30T12:28:50:     json_updates = apihelper.get_updates(
2026-07-30T12:28:50:   File "/Users/aicommander/CascadeProjects/toolcalc/scripts/seo/.venv/lib/python3.9/site-packages/telebot/apihelper.py", line 339, in get_updates
2026-07-30T12:28:50:     return _make_request(token, method_url, params=payload)
2026-07-30T12:28:50:   File "/Users/aicommander/CascadeProjects/toolcalc/scripts/seo/.venv/lib/python3.9/site-packages/telebot/apihelper.py", line 162, in _make_request
2026-07-30T12:28:50:     result = _get_req_session().request(
2026-07-30T12:28:50:   File "/Users/aicommander/CascadeProjects/toolcalc/scripts/seo/.venv/lib/python3.9/site-packages/requests/sessions.py", line 589, in request
2026-07-30T12:28:50:     resp = self.send(prep, **send_kwargs)
2026-07-30T12:28:50:   File "/Users/aicommander/CascadeProjects/toolcalc/scripts/seo/.venv/lib/python3.9/site-packages/requests/sessions.py", line 703, in send
2026-07-30T12:28:50:     r = adapter.send(request, **kwargs)
2026-07-30T12:28:50:   File "/Users/aicommander/CascadeProjects/toolcalc/scripts/seo/.venv/lib/python3.9/site-packages/requests/adapters.py", line 690, in send
2026-07-30T12:28:50:     raise ReadTimeout(e, request=request)
2026-07-30T12:28:50: requests.exceptions.ReadTimeout: HTTPSConnectionPool(host='api.telegram.org', port=443): Read timed out. (read timeout=25)
2026-07-30T12:28:50: "
2026-07-30T17:57:49: 2026-07-30 17:57:49,556 (__init__.py:1115 MainThread) ERROR - TeleBot: "Infinity polling exception: HTTPSConnectionPool(host='api.telegram.org', port=443): Read timed out. (read timeout=25)"
2026-07-30T17:57:49: 2026-07-30 17:57:49,559 (__init__.py:1117 MainThread) ERROR - TeleBot: "Exception traceback:
2026-07-30T17:57:49: Traceback (most recent call last):
2026-07-30T17:57:49:   File "/Users/aicommander/CascadeProjects/toolcalc/scripts/seo/.venv/lib/python3.9/site-packages/urllib3/connectionpool.py", line 534, in _make_request
2026-07-30T17:57:49:     response = conn.getresponse()
2026-07-30T17:57:49:   File "/Users/aicommander/CascadeProjects/toolcalc/scripts/seo/.venv/lib/python3.9/site-packages/urllib3/connection.py", line 571, in getresponse
2026-07-30T17:57:49:     httplib_response = super().getresponse()
2026-07-30T17:57:49:   File "/Library/Developer/CommandLineTools/Library/Frameworks/Python3.framework/Versions/3.9/lib/python3.9/http/client.py", line 1349, in getresponse
2026-07-30T17:57:49:     response.begin()
2026-07-30T17:57:49:   File "/Library/Developer/CommandLineTools/Library/Frameworks/Python3.framework/Versions/3.9/lib/python3.9/http/client.py", line 316, in begin
2026-07-30T17:57:49:     version, status, reason = self._read_status()
2026-07-30T17:57:49:   File "/Library/Developer/CommandLineTools/Library/Frameworks/Python3.framework/Versions/3.9/lib/python3.9/http/client.py", line 277, in _read_status
2026-07-30T17:57:49:     line = str(self.fp.readline(_MAXLINE + 1), "iso-8859-1")
2026-07-30T17:57:49:   File "/Library/Developer/CommandLineTools/Library/Frameworks/Python3.framework/Versions/3.9/lib/python3.9/socket.py", line 704, in readinto
2026-07-30T17:57:49:     return self._sock.recv_into(b)
2026-07-30T17:57:49:   File "/Library/Developer/CommandLineTools/Library/Frameworks/Python3.framework/Versions/3.9/lib/python3.9/ssl.py", line 1241, in recv_into
2026-07-30T17:57:49:     return self.read(nbytes, buffer)
2026-07-30T17:57:49:   File "/Library/Developer/CommandLineTools/Library/Frameworks/Python3.framework/Versions/3.9/lib/python3.9/ssl.py", line 1099, in read
2026-07-30T17:57:49:     return self._sslobj.read(len, buffer)
2026-07-30T17:57:49: socket.timeout: The read operation timed out
2026-07-30T17:57:49: 
2026-07-30T17:57:49: The above exception was the direct cause of the following exception:
2026-07-30T17:57:49: 
2026-07-30T17:57:49: Traceback (most recent call last):
2026-07-30T17:57:49:   File "/Users/aicommander/CascadeProjects/toolcalc/scripts/seo/.venv/lib/python3.9/site-packages/requests/adapters.py", line 644, in send
2026-07-30T17:57:49:     resp = conn.urlopen(
2026-07-30T17:57:49:   File "/Users/aicommander/CascadeProjects/toolcalc/scripts/seo/.venv/lib/python3.9/site-packages/urllib3/connectionpool.py", line 841, in urlopen
2026-07-30T17:57:49:     retries = retries.increment(
2026-07-30T17:57:49:   File "/Users/aicommander/CascadeProjects/toolcalc/scripts/seo/.venv/lib/python3.9/site-packages/urllib3/util/retry.py", line 490, in increment
2026-07-30T17:57:49:     raise reraise(type(error), error, _stacktrace)
2026-07-30T17:57:49:   File "/Users/aicommander/CascadeProjects/toolcalc/scripts/seo/.venv/lib/python3.9/site-packages/urllib3/util/util.py", line 39, in reraise
2026-07-30T17:57:49:     raise value
2026-07-30T17:57:49:   File "/Users/aicommander/CascadeProjects/toolcalc/scripts/seo/.venv/lib/python3.9/site-packages/urllib3/connectionpool.py", line 787, in urlopen
2026-07-30T17:57:49:     response = self._make_request(
2026-07-30T17:57:49:   File "/Users/aicommander/CascadeProjects/toolcalc/scripts/seo/.venv/lib/python3.9/site-packages/urllib3/connectionpool.py", line 536, in _make_request
2026-07-30T17:57:49:     self._raise_timeout(err=e, url=url, timeout_value=read_timeout)
2026-07-30T17:57:49:   File "/Users/aicommander/CascadeProjects/toolcalc/scripts/seo/.venv/lib/python3.9/site-packages/urllib3/connectionpool.py", line 367, in _raise_timeout
2026-07-30T17:57:49:     raise ReadTimeoutError(
2026-07-30T17:57:49: urllib3.exceptions.ReadTimeoutError: HTTPSConnectionPool(host='api.telegram.org', port=443): Read timed out. (read timeout=25)
2026-07-30T17:57:49: 
2026-07-30T17:57:49: During handling of the above exception, another exception occurred:
2026-07-30T17:57:49: 
2026-07-30T17:57:49: Traceback (most recent call last):
2026-07-30T17:57:49:   File "/Users/aicommander/CascadeProjects/toolcalc/scripts/seo/.venv/lib/python3.9/site-packages/telebot/__init__.py", line 1110, in infinity_polling
2026-07-30T17:57:49:     self.polling(non_stop=True, timeout=timeout, long_polling_timeout=long_polling_timeout,
2026-07-30T17:57:49:   File "/Users/aicommander/CascadeProjects/toolcalc/scripts/seo/.venv/lib/python3.9/site-packages/telebot/__init__.py", line 1198, in polling
2026-07-30T17:57:49:     self.__threaded_polling(non_stop=non_stop, interval=interval, timeout=timeout, long_polling_timeout=long_polling_timeout,
2026-07-30T17:57:49:   File "/Users/aicommander/CascadeProjects/toolcalc/scripts/seo/.venv/lib/python3.9/site-packages/telebot/__init__.py", line 1273, in __threaded_polling
2026-07-30T17:57:49:     raise e
2026-07-30T17:57:49:   File "/Users/aicommander/CascadeProjects/toolcalc/scripts/seo/.venv/lib/python3.9/site-packages/telebot/__init__.py", line 1234, in __threaded_polling
2026-07-30T17:57:49:     polling_thread.raise_exceptions()
2026-07-30T17:57:49:   File "/Users/aicommander/CascadeProjects/toolcalc/scripts/seo/.venv/lib/python3.9/site-packages/telebot/util.py", line 115, in raise_exceptions
2026-07-30T17:57:49:     raise self.exception_info
2026-07-30T17:57:49:   File "/Users/aicommander/CascadeProjects/toolcalc/scripts/seo/.venv/lib/python3.9/site-packages/telebot/util.py", line 97, in run
2026-07-30T17:57:49:     task(*args, **kwargs)
2026-07-30T17:57:49:   File "/Users/aicommander/CascadeProjects/toolcalc/scripts/seo/.venv/lib/python3.9/site-packages/telebot/__init__.py", line 688, in __retrieve_updates
2026-07-30T17:57:49:     updates = self.get_updates(offset=(self.last_update_id + 1),
2026-07-30T17:57:49:   File "/Users/aicommander/CascadeProjects/toolcalc/scripts/seo/.venv/lib/python3.9/site-packages/telebot/__init__.py", line 660, in get_updates
2026-07-30T17:57:49:     json_updates = apihelper.get_updates(
2026-07-30T17:57:49:   File "/Users/aicommander/CascadeProjects/toolcalc/scripts/seo/.venv/lib/python3.9/site-packages/telebot/apihelper.py", line 339, in get_updates
2026-07-30T17:57:49:     return _make_request(token, method_url, params=payload)
2026-07-30T17:57:49:   File "/Users/aicommander/CascadeProjects/toolcalc/scripts/seo/.venv/lib/python3.9/site-packages/telebot/apihelper.py", line 162, in _make_request
2026-07-30T17:57:49:     result = _get_req_session().request(
2026-07-30T17:57:49:   File "/Users/aicommander/CascadeProjects/toolcalc/scripts/seo/.venv/lib/python3.9/site-packages/requests/sessions.py", line 589, in request
2026-07-30T17:57:49:     resp = self.send(prep, **send_kwargs)
2026-07-30T17:57:49:   File "/Users/aicommander/CascadeProjects/toolcalc/scripts/seo/.venv/lib/python3.9/site-packages/requests/sessions.py", line 703, in send
2026-07-30T17:57:49:     r = adapter.send(request, **kwargs)
2026-07-30T17:57:49:   File "/Users/aicommander/CascadeProjects/toolcalc/scripts/seo/.venv/lib/python3.9/site-packages/requests/adapters.py", line 690, in send
2026-07-30T17:57:49:     raise ReadTimeout(e, request=request)
2026-07-30T17:57:49: requests.exceptions.ReadTimeout: HTTPSConnectionPool(host='api.telegram.org', port=443): Read timed out. (read timeout=25)
2026-07-30T17:57:49: "
2026-07-31T00:45:29: 2026-07-31 00:45:29,460 (__init__.py:1115 MainThread) ERROR - TeleBot: "Infinity polling exception: HTTPSConnectionPool(host='api.telegram.org', port=443): Read timed out. (read timeout=25)"
2026-07-31T00:45:29: 2026-07-31 00:45:29,463 (__init__.py:1117 MainThread) ERROR - TeleBot: "Exception traceback:
2026-07-31T00:45:29: Traceback (most recent call last):
2026-07-31T00:45:29:   File "/Users/aicommander/CascadeProjects/toolcalc/scripts/seo/.venv/lib/python3.9/site-packages/urllib3/connectionpool.py", line 534, in _make_request
2026-07-31T00:45:29:     response = conn.getresponse()
2026-07-31T00:45:29:   File "/Users/aicommander/CascadeProjects/toolcalc/scripts/seo/.venv/lib/python3.9/site-packages/urllib3/connection.py", line 571, in getresponse
2026-07-31T00:45:29:     httplib_response = super().getresponse()
2026-07-31T00:45:29:   File "/Library/Developer/CommandLineTools/Library/Frameworks/Python3.framework/Versions/3.9/lib/python3.9/http/client.py", line 1349, in getresponse
2026-07-31T00:45:29:     response.begin()
2026-07-31T00:45:29:   File "/Library/Developer/CommandLineTools/Library/Frameworks/Python3.framework/Versions/3.9/lib/python3.9/http/client.py", line 316, in begin
2026-07-31T00:45:29:     version, status, reason = self._read_status()
2026-07-31T00:45:29:   File "/Library/Developer/CommandLineTools/Library/Frameworks/Python3.framework/Versions/3.9/lib/python3.9/http/client.py", line 277, in _read_status
2026-07-31T00:45:29:     line = str(self.fp.readline(_MAXLINE + 1), "iso-8859-1")
2026-07-31T00:45:29:   File "/Library/Developer/CommandLineTools/Library/Frameworks/Python3.framework/Versions/3.9/lib/python3.9/socket.py", line 704, in readinto
2026-07-31T00:45:29:     return self._sock.recv_into(b)
2026-07-31T00:45:29:   File "/Library/Developer/CommandLineTools/Library/Frameworks/Python3.framework/Versions/3.9/lib/python3.9/ssl.py", line 1241, in recv_into
2026-07-31T00:45:29:     return self.read(nbytes, buffer)
2026-07-31T00:45:29:   File "/Library/Developer/CommandLineTools/Library/Frameworks/Python3.framework/Versions/3.9/lib/python3.9/ssl.py", line 1099, in read
2026-07-31T00:45:29:     return self._sslobj.read(len, buffer)
2026-07-31T00:45:29: socket.timeout: The read operation timed out
2026-07-31T00:45:29: 
2026-07-31T00:45:29: The above exception was the direct cause of the following exception:
2026-07-31T00:45:29: 
2026-07-31T00:45:29: Traceback (most recent call last):
2026-07-31T00:45:29:   File "/Users/aicommander/CascadeProjects/toolcalc/scripts/seo/.venv/lib/python3.9/site-packages/requests/adapters.py", line 644, in send
2026-07-31T00:45:29:     resp = conn.urlopen(
2026-07-31T00:45:29:   File "/Users/aicommander/CascadeProjects/toolcalc/scripts/seo/.venv/lib/python3.9/site-packages/urllib3/connectionpool.py", line 841, in urlopen
2026-07-31T00:45:29:     retries = retries.increment(
2026-07-31T00:45:29:   File "/Users/aicommander/CascadeProjects/toolcalc/scripts/seo/.venv/lib/python3.9/site-packages/urllib3/util/retry.py", line 490, in increment
2026-07-31T00:45:29:     raise reraise(type(error), error, _stacktrace)
2026-07-31T00:45:29:   File "/Users/aicommander/CascadeProjects/toolcalc/scripts/seo/.venv/lib/python3.9/site-packages/urllib3/util/util.py", line 39, in reraise
2026-07-31T00:45:29:     raise value
2026-07-31T00:45:29:   File "/Users/aicommander/CascadeProjects/toolcalc/scripts/seo/.venv/lib/python3.9/site-packages/urllib3/connectionpool.py", line 787, in urlopen
2026-07-31T00:45:29:     response = self._make_request(
2026-07-31T00:45:29:   File "/Users/aicommander/CascadeProjects/toolcalc/scripts/seo/.venv/lib/python3.9/site-packages/urllib3/connectionpool.py", line 536, in _make_request
2026-07-31T00:45:29:     self._raise_timeout(err=e, url=url, timeout_value=read_timeout)
2026-07-31T00:45:29:   File "/Users/aicommander/CascadeProjects/toolcalc/scripts/seo/.venv/lib/python3.9/site-packages/urllib3/connectionpool.py", line 367, in _raise_timeout
2026-07-31T00:45:29:     raise ReadTimeoutError(
2026-07-31T00:45:29: urllib3.exceptions.ReadTimeoutError: HTTPSConnectionPool(host='api.telegram.org', port=443): Read timed out. (read timeout=25)
2026-07-31T00:45:29: 
2026-07-31T00:45:29: During handling of the above exception, another exception occurred:
2026-07-31T00:45:29: 
2026-07-31T00:45:29: Traceback (most recent call last):
2026-07-31T00:45:29:   File "/Users/aicommander/CascadeProjects/toolcalc/scripts/seo/.venv/lib/python3.9/site-packages/telebot/__init__.py", line 1110, in infinity_polling
2026-07-31T00:45:29:     self.polling(non_stop=True, timeout=timeout, long_polling_timeout=long_polling_timeout,
2026-07-31T00:45:29:   File "/Users/aicommander/CascadeProjects/toolcalc/scripts/seo/.venv/lib/python3.9/site-packages/telebot/__init__.py", line 1198, in polling
2026-07-31T00:45:29:     self.__threaded_polling(non_stop=non_stop, interval=interval, timeout=timeout, long_polling_timeout=long_polling_timeout,
2026-07-31T00:45:29:   File "/Users/aicommander/CascadeProjects/toolcalc/scripts/seo/.venv/lib/python3.9/site-packages/telebot/__init__.py", line 1273, in __threaded_polling
2026-07-31T00:45:29:     raise e
2026-07-31T00:45:29:   File "/Users/aicommander/CascadeProjects/toolcalc/scripts/seo/.venv/lib/python3.9/site-packages/telebot/__init__.py", line 1234, in __threaded_polling
2026-07-31T00:45:29:     polling_thread.raise_exceptions()
2026-07-31T00:45:29:   File "/Users/aicommander/CascadeProjects/toolcalc/scripts/seo/.venv/lib/python3.9/site-packages/telebot/util.py", line 115, in raise_exceptions
2026-07-31T00:45:29:     raise self.exception_info
2026-07-31T00:45:29:   File "/Users/aicommander/CascadeProjects/toolcalc/scripts/seo/.venv/lib/python3.9/site-packages/telebot/util.py", line 97, in run
2026-07-31T00:45:29:     task(*args, **kwargs)
2026-07-31T00:45:29:   File "/Users/aicommander/CascadeProjects/toolcalc/scripts/seo/.venv/lib/python3.9/site-packages/telebot/__init__.py", line 688, in __retrieve_updates
2026-07-31T00:45:29:     updates = self.get_updates(offset=(self.last_update_id + 1),
2026-07-31T00:45:29:   File "/Users/aicommander/CascadeProjects/toolcalc/scripts/seo/.venv/lib/python3.9/site-packages/telebot/__init__.py", line 660, in get_updates
2026-07-31T00:45:29:     json_updates = apihelper.get_updates(
2026-07-31T00:45:29:   File "/Users/aicommander/CascadeProjects/toolcalc/scripts/seo/.venv/lib/python3.9/site-packages/telebot/apihelper.py", line 339, in get_updates
2026-07-31T00:45:29:     return _make_request(token, method_url, params=payload)
2026-07-31T00:45:29:   File "/Users/aicommander/CascadeProjects/toolcalc/scripts/seo/.venv/lib/python3.9/site-packages/telebot/apihelper.py", line 162, in _make_request
2026-07-31T00:45:29:     result = _get_req_session().request(
2026-07-31T00:45:29:   File "/Users/aicommander/CascadeProjects/toolcalc/scripts/seo/.venv/lib/python3.9/site-packages/requests/sessions.py", line 589, in request
2026-07-31T00:45:29:     resp = self.send(prep, **send_kwargs)
2026-07-31T00:45:29:   File "/Users/aicommander/CascadeProjects/toolcalc/scripts/seo/.venv/lib/python3.9/site-packages/requests/sessions.py", line 703, in send
2026-07-31T00:45:29:     r = adapter.send(request, **kwargs)
2026-07-31T00:45:29:   File "/Users/aicommander/CascadeProjects/toolcalc/scripts/seo/.venv/lib/python3.9/site-packages/requests/adapters.py", line 690, in send
2026-07-31T00:45:29:     raise ReadTimeout(e, request=request)
2026-07-31T00:45:29: requests.exceptions.ReadTimeout: HTTPSConnectionPool(host='api.telegram.org', port=443): Read timed out. (read timeout=25)
2026-07-31T00:45:29: "
2026-07-31T01:18:39: 2026-07-31 01:18:39,284 (__init__.py:1115 MainThread) ERROR - TeleBot: "Infinity polling exception: HTTPSConnectionPool(host='api.telegram.org', port=443): Read timed out. (read timeout=25)"
2026-07-31T01:18:39: 2026-07-31 01:18:39,286 (__init__.py:1117 MainThread) ERROR - TeleBot: "Exception traceback:
2026-07-31T01:18:39: Traceback (most recent call last):
2026-07-31T01:18:39:   File "/Users/aicommander/CascadeProjects/toolcalc/scripts/seo/.venv/lib/python3.9/site-packages/urllib3/connectionpool.py", line 534, in _make_request
2026-07-31T01:18:39:     response = conn.getresponse()
2026-07-31T01:18:39:   File "/Users/aicommander/CascadeProjects/toolcalc/scripts/seo/.venv/lib/python3.9/site-packages/urllib3/connection.py", line 571, in getresponse
2026-07-31T01:18:39:     httplib_response = super().getresponse()
2026-07-31T01:18:39:   File "/Library/Developer/CommandLineTools/Library/Frameworks/Python3.framework/Versions/3.9/lib/python3.9/http/client.py", line 1349, in getresponse
2026-07-31T01:18:39:     response.begin()
2026-07-31T01:18:39:   File "/Library/Developer/CommandLineTools/Library/Frameworks/Python3.framework/Versions/3.9/lib/python3.9/http/client.py", line 316, in begin
2026-07-31T01:18:39:     version, status, reason = self._read_status()
2026-07-31T01:18:39:   File "/Library/Developer/CommandLineTools/Library/Frameworks/Python3.framework/Versions/3.9/lib/python3.9/http/client.py", line 277, in _read_status
2026-07-31T01:18:39:     line = str(self.fp.readline(_MAXLINE + 1), "iso-8859-1")
2026-07-31T01:18:39:   File "/Library/Developer/CommandLineTools/Library/Frameworks/Python3.framework/Versions/3.9/lib/python3.9/socket.py", line 704, in readinto
2026-07-31T01:18:39:     return self._sock.recv_into(b)
2026-07-31T01:18:39:   File "/Library/Developer/CommandLineTools/Library/Frameworks/Python3.framework/Versions/3.9/lib/python3.9/ssl.py", line 1241, in recv_into
2026-07-31T01:18:39:     return self.read(nbytes, buffer)
2026-07-31T01:18:39:   File "/Library/Developer/CommandLineTools/Library/Frameworks/Python3.framework/Versions/3.9/lib/python3.9/ssl.py", line 1099, in read
2026-07-31T01:18:39:     return self._sslobj.read(len, buffer)
2026-07-31T01:18:39: socket.timeout: The read operation timed out
2026-07-31T01:18:39: 
2026-07-31T01:18:39: The above exception was the direct cause of the following exception:
2026-07-31T01:18:39: 
2026-07-31T01:18:39: Traceback (most recent call last):
2026-07-31T01:18:39:   File "/Users/aicommander/CascadeProjects/toolcalc/scripts/seo/.venv/lib/python3.9/site-packages/requests/adapters.py", line 644, in send
2026-07-31T01:18:39:     resp = conn.urlopen(
2026-07-31T01:18:39:   File "/Users/aicommander/CascadeProjects/toolcalc/scripts/seo/.venv/lib/python3.9/site-packages/urllib3/connectionpool.py", line 841, in urlopen
2026-07-31T01:18:39:     retries = retries.increment(
2026-07-31T01:18:39:   File "/Users/aicommander/CascadeProjects/toolcalc/scripts/seo/.venv/lib/python3.9/site-packages/urllib3/util/retry.py", line 490, in increment
2026-07-31T01:18:39:     raise reraise(type(error), error, _stacktrace)
2026-07-31T01:18:39:   File "/Users/aicommander/CascadeProjects/toolcalc/scripts/seo/.venv/lib/python3.9/site-packages/urllib3/util/util.py", line 39, in reraise
2026-07-31T01:18:39:     raise value
2026-07-31T01:18:39:   File "/Users/aicommander/CascadeProjects/toolcalc/scripts/seo/.venv/lib/python3.9/site-packages/urllib3/connectionpool.py", line 787, in urlopen
2026-07-31T01:18:39:     response = self._make_request(
2026-07-31T01:18:39:   File "/Users/aicommander/CascadeProjects/toolcalc/scripts/seo/.venv/lib/python3.9/site-packages/urllib3/connectionpool.py", line 536, in _make_request
2026-07-31T01:18:39:     self._raise_timeout(err=e, url=url, timeout_value=read_timeout)
2026-07-31T01:18:39:   File "/Users/aicommander/CascadeProjects/toolcalc/scripts/seo/.venv/lib/python3.9/site-packages/urllib3/connectionpool.py", line 367, in _raise_timeout
2026-07-31T01:18:39:     raise ReadTimeoutError(
2026-07-31T01:18:39: urllib3.exceptions.ReadTimeoutError: HTTPSConnectionPool(host='api.telegram.org', port=443): Read timed out. (read timeout=25)
2026-07-31T01:18:39: 
2026-07-31T01:18:39: During handling of the above exception, another exception occurred:
2026-07-31T01:18:39: 
2026-07-31T01:18:39: Traceback (most recent call last):
2026-07-31T01:18:39:   File "/Users/aicommander/CascadeProjects/toolcalc/scripts/seo/.venv/lib/python3.9/site-packages/telebot/__init__.py", line 1110, in infinity_polling
2026-07-31T01:18:39:     self.polling(non_stop=True, timeout=timeout, long_polling_timeout=long_polling_timeout,
2026-07-31T01:18:39:   File "/Users/aicommander/CascadeProjects/toolcalc/scripts/seo/.venv/lib/python3.9/site-packages/telebot/__init__.py", line 1198, in polling
2026-07-31T01:18:39:     self.__threaded_polling(non_stop=non_stop, interval=interval, timeout=timeout, long_polling_timeout=long_polling_timeout,
2026-07-31T01:18:39:   File "/Users/aicommander/CascadeProjects/toolcalc/scripts/seo/.venv/lib/python3.9/site-packages/telebot/__init__.py", line 1273, in __threaded_polling
2026-07-31T01:18:39:     raise e
2026-07-31T01:18:39:   File "/Users/aicommander/CascadeProjects/toolcalc/scripts/seo/.venv/lib/python3.9/site-packages/telebot/__init__.py", line 1234, in __threaded_polling
2026-07-31T01:18:39:     polling_thread.raise_exceptions()
2026-07-31T01:18:39:   File "/Users/aicommander/CascadeProjects/toolcalc/scripts/seo/.venv/lib/python3.9/site-packages/telebot/util.py", line 115, in raise_exceptions
2026-07-31T01:18:39:     raise self.exception_info
2026-07-31T01:18:39:   File "/Users/aicommander/CascadeProjects/toolcalc/scripts/seo/.venv/lib/python3.9/site-packages/telebot/util.py", line 97, in run
2026-07-31T01:18:39:     task(*args, **kwargs)
2026-07-31T01:18:39:   File "/Users/aicommander/CascadeProjects/toolcalc/scripts/seo/.venv/lib/python3.9/site-packages/telebot/__init__.py", line 688, in __retrieve_updates
2026-07-31T01:18:39:     updates = self.get_updates(offset=(self.last_update_id + 1),
2026-07-31T01:18:39:   File "/Users/aicommander/CascadeProjects/toolcalc/scripts/seo/.venv/lib/python3.9/site-packages/telebot/__init__.py", line 660, in get_updates
2026-07-31T01:18:39:     json_updates = apihelper.get_updates(
2026-07-31T01:18:39:   File "/Users/aicommander/CascadeProjects/toolcalc/scripts/seo/.venv/lib/python3.9/site-packages/telebot/apihelper.py", line 339, in get_updates
2026-07-31T01:18:39:     return _make_request(token, method_url, params=payload)
2026-07-31T01:18:39:   File "/Users/aicommander/CascadeProjects/toolcalc/scripts/seo/.venv/lib/python3.9/site-packages/telebot/apihelper.py", line 162, in _make_request
2026-07-31T01:18:39:     result = _get_req_session().request(
2026-07-31T01:18:39:   File "/Users/aicommander/CascadeProjects/toolcalc/scripts/seo/.venv/lib/python3.9/site-packages/requests/sessions.py", line 589, in request
2026-07-31T01:18:39:     resp = self.send(prep, **send_kwargs)
2026-07-31T01:18:39:   File "/Users/aicommander/CascadeProjects/toolcalc/scripts/seo/.venv/lib/python3.9/site-packages/requests/sessions.py", line 703, in send
2026-07-31T01:18:39:     r = adapter.send(request, **kwargs)
2026-07-31T01:18:39:   File "/Users/aicommander/CascadeProjects/toolcalc/scripts/seo/.venv/lib/python3.9/site-packages/requests/adapters.py", line 690, in send
2026-07-31T01:18:39:     raise ReadTimeout(e, request=request)
2026-07-31T01:18:39: requests.exceptions.ReadTimeout: HTTPSConnectionPool(host='api.telegram.org', port=443): Read timed out. (read timeout=25)
2026-07-31T01:18:39: "
2026-07-31T03:00:18: 2026-07-31 03:00:18,630 (__init__.py:1115 MainThread) ERROR - TeleBot: "Infinity polling exception: HTTPSConnectionPool(host='api.telegram.org', port=443): Read timed out. (read timeout=25)"
2026-07-31T03:00:18: 2026-07-31 03:00:18,632 (__init__.py:1117 MainThread) ERROR - TeleBot: "Exception traceback:
2026-07-31T03:00:18: Traceback (most recent call last):
2026-07-31T03:00:18:   File "/Users/aicommander/CascadeProjects/toolcalc/scripts/seo/.venv/lib/python3.9/site-packages/urllib3/connectionpool.py", line 534, in _make_request
2026-07-31T03:00:18:     response = conn.getresponse()
2026-07-31T03:00:18:   File "/Users/aicommander/CascadeProjects/toolcalc/scripts/seo/.venv/lib/python3.9/site-packages/urllib3/connection.py", line 571, in getresponse
2026-07-31T03:00:18:     httplib_response = super().getresponse()
2026-07-31T03:00:18:   File "/Library/Developer/CommandLineTools/Library/Frameworks/Python3.framework/Versions/3.9/lib/python3.9/http/client.py", line 1349, in getresponse
2026-07-31T03:00:18:     response.begin()
2026-07-31T03:00:18:   File "/Library/Developer/CommandLineTools/Library/Frameworks/Python3.framework/Versions/3.9/lib/python3.9/http/client.py", line 316, in begin
2026-07-31T03:00:18:     version, status, reason = self._read_status()
2026-07-31T03:00:18:   File "/Library/Developer/CommandLineTools/Library/Frameworks/Python3.framework/Versions/3.9/lib/python3.9/http/client.py", line 277, in _read_status
2026-07-31T03:00:18:     line = str(self.fp.readline(_MAXLINE + 1), "iso-8859-1")
2026-07-31T03:00:18:   File "/Library/Developer/CommandLineTools/Library/Frameworks/Python3.framework/Versions/3.9/lib/python3.9/socket.py", line 704, in readinto
2026-07-31T03:00:18:     return self._sock.recv_into(b)
2026-07-31T03:00:18:   File "/Library/Developer/CommandLineTools/Library/Frameworks/Python3.framework/Versions/3.9/lib/python3.9/ssl.py", line 1241, in recv_into
2026-07-31T03:00:18:     return self.read(nbytes, buffer)
2026-07-31T03:00:18:   File "/Library/Developer/CommandLineTools/Library/Frameworks/Python3.framework/Versions/3.9/lib/python3.9/ssl.py", line 1099, in read
2026-07-31T03:00:18:     return self._sslobj.read(len, buffer)
2026-07-31T03:00:18: socket.timeout: The read operation timed out
2026-07-31T03:00:18: 
2026-07-31T03:00:18: The above exception was the direct cause of the following exception:
2026-07-31T03:00:18: 
2026-07-31T03:00:18: Traceback (most recent call last):
2026-07-31T03:00:18:   File "/Users/aicommander/CascadeProjects/toolcalc/scripts/seo/.venv/lib/python3.9/site-packages/requests/adapters.py", line 644, in send
2026-07-31T03:00:18:     resp = conn.urlopen(
2026-07-31T03:00:18:   File "/Users/aicommander/CascadeProjects/toolcalc/scripts/seo/.venv/lib/python3.9/site-packages/urllib3/connectionpool.py", line 841, in urlopen
2026-07-31T03:00:18:     retries = retries.increment(
2026-07-31T03:00:18:   File "/Users/aicommander/CascadeProjects/toolcalc/scripts/seo/.venv/lib/python3.9/site-packages/urllib3/util/retry.py", line 490, in increment
2026-07-31T03:00:18:     raise reraise(type(error), error, _stacktrace)
2026-07-31T03:00:18:   File "/Users/aicommander/CascadeProjects/toolcalc/scripts/seo/.venv/lib/python3.9/site-packages/urllib3/util/util.py", line 39, in reraise
2026-07-31T03:00:18:     raise value
2026-07-31T03:00:18:   File "/Users/aicommander/CascadeProjects/toolcalc/scripts/seo/.venv/lib/python3.9/site-packages/urllib3/connectionpool.py", line 787, in urlopen
2026-07-31T03:00:18:     response = self._make_request(
2026-07-31T03:00:18:   File "/Users/aicommander/CascadeProjects/toolcalc/scripts/seo/.venv/lib/python3.9/site-packages/urllib3/connectionpool.py", line 536, in _make_request
2026-07-31T03:00:18:     self._raise_timeout(err=e, url=url, timeout_value=read_timeout)
2026-07-31T03:00:18:   File "/Users/aicommander/CascadeProjects/toolcalc/scripts/seo/.venv/lib/python3.9/site-packages/urllib3/connectionpool.py", line 367, in _raise_timeout
2026-07-31T03:00:18:     raise ReadTimeoutError(
2026-07-31T03:00:18: urllib3.exceptions.ReadTimeoutError: HTTPSConnectionPool(host='api.telegram.org', port=443): Read timed out. (read timeout=25)
2026-07-31T03:00:18: 
2026-07-31T03:00:18: During handling of the above exception, another exception occurred:
2026-07-31T03:00:18: 
2026-07-31T03:00:18: Traceback (most recent call last):
2026-07-31T03:00:18:   File "/Users/aicommander/CascadeProjects/toolcalc/scripts/seo/.venv/lib/python3.9/site-packages/telebot/__init__.py", line 1110, in infinity_polling
2026-07-31T03:00:18:     self.polling(non_stop=True, timeout=timeout, long_polling_timeout=long_polling_timeout,
2026-07-31T03:00:18:   File "/Users/aicommander/CascadeProjects/toolcalc/scripts/seo/.venv/lib/python3.9/site-packages/telebot/__init__.py", line 1198, in polling
2026-07-31T03:00:18:     self.__threaded_polling(non_stop=non_stop, interval=interval, timeout=timeout, long_polling_timeout=long_polling_timeout,
2026-07-31T03:00:18:   File "/Users/aicommander/CascadeProjects/toolcalc/scripts/seo/.venv/lib/python3.9/site-packages/telebot/__init__.py", line 1273, in __threaded_polling
2026-07-31T03:00:18:     raise e
2026-07-31T03:00:18:   File "/Users/aicommander/CascadeProjects/toolcalc/scripts/seo/.venv/lib/python3.9/site-packages/telebot/__init__.py", line 1234, in __threaded_polling
2026-07-31T03:00:18:     polling_thread.raise_exceptions()
2026-07-31T03:00:18:   File "/Users/aicommander/CascadeProjects/toolcalc/scripts/seo/.venv/lib/python3.9/site-packages/telebot/util.py", line 115, in raise_exceptions
2026-07-31T03:00:18:     raise self.exception_info
2026-07-31T03:00:18:   File "/Users/aicommander/CascadeProjects/toolcalc/scripts/seo/.venv/lib/python3.9/site-packages/telebot/util.py", line 97, in run
2026-07-31T03:00:18:     task(*args, **kwargs)
2026-07-31T03:00:18:   File "/Users/aicommander/CascadeProjects/toolcalc/scripts/seo/.venv/lib/python3.9/site-packages/telebot/__init__.py", line 688, in __retrieve_updates
2026-07-31T03:00:18:     updates = self.get_updates(offset=(self.last_update_id + 1),
2026-07-31T03:00:18:   File "/Users/aicommander/CascadeProjects/toolcalc/scripts/seo/.venv/lib/python3.9/site-packages/telebot/__init__.py", line 660, in get_updates
2026-07-31T03:00:18:     json_updates = apihelper.get_updates(
2026-07-31T03:00:18:   File "/Users/aicommander/CascadeProjects/toolcalc/scripts/seo/.venv/lib/python3.9/site-packages/telebot/apihelper.py", line 339, in get_updates
2026-07-31T03:00:18:     return _make_request(token, method_url, params=payload)
2026-07-31T03:00:18:   File "/Users/aicommander/CascadeProjects/toolcalc/scripts/seo/.venv/lib/python3.9/site-packages/telebot/apihelper.py", line 162, in _make_request
2026-07-31T03:00:18:     result = _get_req_session().request(
2026-07-31T03:00:18:   File "/Users/aicommander/CascadeProjects/toolcalc/scripts/seo/.venv/lib/python3.9/site-packages/requests/sessions.py", line 589, in request
2026-07-31T03:00:18:     resp = self.send(prep, **send_kwargs)
2026-07-31T03:00:18:   File "/Users/aicommander/CascadeProjects/toolcalc/scripts/seo/.venv/lib/python3.9/site-packages/requests/sessions.py", line 703, in send
2026-07-31T03:00:18:     r = adapter.send(request, **kwargs)
2026-07-31T03:00:18:   File "/Users/aicommander/CascadeProjects/toolcalc/scripts/seo/.venv/lib/python3.9/site-packages/requests/adapters.py", line 690, in send
2026-07-31T03:00:18:     raise ReadTimeout(e, request=request)
2026-07-31T03:00:18: requests.exceptions.ReadTimeout: HTTPSConnectionPool(host='api.telegram.org', port=443): Read timed out. (read timeout=25)
2026-07-31T03:00:18: "
2026-07-31T03:00:41: 2026-07-31 03:00:41,730 (__init__.py:1115 MainThread) ERROR - TeleBot: "Infinity polling exception: HTTPSConnectionPool(host='api.telegram.org', port=443): Max retries exceeded with url: /bot8903604110:***********************************/getUpdates?offset=550404780&timeout=20 (Caused by ConnectTimeoutError(<HTTPSConnection(host='api.telegram.org', port=443) at 0x10accba30>, 'Connection to api.telegram.org timed out. (connect timeout=20)'))"
2026-07-31T03:00:41: 2026-07-31 03:00:41,731 (__init__.py:1117 MainThread) ERROR - TeleBot: "Exception traceback:
2026-07-31T03:00:41: Traceback (most recent call last):
2026-07-31T03:00:41:   File "/Users/aicommander/CascadeProjects/toolcalc/scripts/seo/.venv/lib/python3.9/site-packages/urllib3/connection.py", line 204, in _new_conn
2026-07-31T03:00:41:     sock = connection.create_connection(
2026-07-31T03:00:41:   File "/Users/aicommander/CascadeProjects/toolcalc/scripts/seo/.venv/lib/python3.9/site-packages/urllib3/util/connection.py", line 85, in create_connection
2026-07-31T03:00:41:     raise err
2026-07-31T03:00:41:   File "/Users/aicommander/CascadeProjects/toolcalc/scripts/seo/.venv/lib/python3.9/site-packages/urllib3/util/connection.py", line 73, in create_connection
2026-07-31T03:00:41:     sock.connect(sa)
2026-07-31T03:00:41: socket.timeout: timed out
2026-07-31T03:00:41: 
2026-07-31T03:00:41: The above exception was the direct cause of the following exception:
2026-07-31T03:00:41: 
2026-07-31T03:00:41: Traceback (most recent call last):
2026-07-31T03:00:41:   File "/Users/aicommander/CascadeProjects/toolcalc/scripts/seo/.venv/lib/python3.9/site-packages/urllib3/connectionpool.py", line 787, in urlopen
2026-07-31T03:00:41:     response = self._make_request(
2026-07-31T03:00:41:   File "/Users/aicommander/CascadeProjects/toolcalc/scripts/seo/.venv/lib/python3.9/site-packages/urllib3/connectionpool.py", line 488, in _make_request
2026-07-31T03:00:41:     raise new_e
2026-07-31T03:00:41:   File "/Users/aicommander/CascadeProjects/toolcalc/scripts/seo/.venv/lib/python3.9/site-packages/urllib3/connectionpool.py", line 464, in _make_request
2026-07-31T03:00:41:     self._validate_conn(conn)
2026-07-31T03:00:41:   File "/Users/aicommander/CascadeProjects/toolcalc/scripts/seo/.venv/lib/python3.9/site-packages/urllib3/connectionpool.py", line 1093, in _validate_conn
2026-07-31T03:00:41:     conn.connect()
2026-07-31T03:00:41:   File "/Users/aicommander/CascadeProjects/toolcalc/scripts/seo/.venv/lib/python3.9/site-packages/urllib3/connection.py", line 759, in connect
2026-07-31T03:00:41:     self.sock = sock = self._new_conn()
2026-07-31T03:00:41:   File "/Users/aicommander/CascadeProjects/toolcalc/scripts/seo/.venv/lib/python3.9/site-packages/urllib3/connection.py", line 213, in _new_conn
2026-07-31T03:00:41:     raise ConnectTimeoutError(
2026-07-31T03:00:41: urllib3.exceptions.ConnectTimeoutError: (<HTTPSConnection(host='api.telegram.org', port=443) at 0x10accba30>, 'Connection to api.telegram.org timed out. (connect timeout=20)')
2026-07-31T03:00:41: 
2026-07-31T03:00:41: The above exception was the direct cause of the following exception:
2026-07-31T03:00:41: 
2026-07-31T03:00:41: Traceback (most recent call last):
2026-07-31T03:00:41:   File "/Users/aicommander/CascadeProjects/toolcalc/scripts/seo/.venv/lib/python3.9/site-packages/requests/adapters.py", line 644, in send
2026-07-31T03:00:41:     resp = conn.urlopen(
2026-07-31T03:00:41:   File "/Users/aicommander/CascadeProjects/toolcalc/scripts/seo/.venv/lib/python3.9/site-packages/urllib3/connectionpool.py", line 841, in urlopen
2026-07-31T03:00:41:     retries = retries.increment(
2026-07-31T03:00:41:   File "/Users/aicommander/CascadeProjects/toolcalc/scripts/seo/.venv/lib/python3.9/site-packages/urllib3/util/retry.py", line 535, in increment
2026-07-31T03:00:41:     raise MaxRetryError(_pool, url, reason) from reason  # type: ignore[arg-type]
2026-07-31T03:00:41: urllib3.exceptions.MaxRetryError: HTTPSConnectionPool(host='api.telegram.org', port=443): Max retries exceeded with url: /bot8903604110:***********************************/getUpdates?offset=550404780&timeout=20 (Caused by ConnectTimeoutError(<HTTPSConnection(host='api.telegram.org', port=443) at 0x10accba30>, 'Connection to api.telegram.org timed out. (connect timeout=20)'))
2026-07-31T03:00:41: 
2026-07-31T03:00:41: During handling of the above exception, another exception occurred:
2026-07-31T03:00:41: 
2026-07-31T03:00:41: Traceback (most recent call last):
2026-07-31T03:00:41:   File "/Users/aicommander/CascadeProjects/toolcalc/scripts/seo/.venv/lib/python3.9/site-packages/telebot/__init__.py", line 1110, in infinity_polling
2026-07-31T03:00:41:     self.polling(non_stop=True, timeout=timeout, long_polling_timeout=long_polling_timeout,
2026-07-31T03:00:41:   File "/Users/aicommander/CascadeProjects/toolcalc/scripts/seo/.venv/lib/python3.9/site-packages/telebot/__init__.py", line 1198, in polling
2026-07-31T03:00:41:     self.__threaded_polling(non_stop=non_stop, interval=interval, timeout=timeout, long_polling_timeout=long_polling_timeout,
2026-07-31T03:00:41:   File "/Users/aicommander/CascadeProjects/toolcalc/scripts/seo/.venv/lib/python3.9/site-packages/telebot/__init__.py", line 1273, in __threaded_polling
2026-07-31T03:00:41:     raise e
2026-07-31T03:00:41:   File "/Users/aicommander/CascadeProjects/toolcalc/scripts/seo/.venv/lib/python3.9/site-packages/telebot/__init__.py", line 1234, in __threaded_polling
2026-07-31T03:00:41:     polling_thread.raise_exceptions()
2026-07-31T03:00:41:   File "/Users/aicommander/CascadeProjects/toolcalc/scripts/seo/.venv/lib/python3.9/site-packages/telebot/util.py", line 115, in raise_exceptions
2026-07-31T03:00:41:     raise self.exception_info
2026-07-31T03:00:41:   File "/Users/aicommander/CascadeProjects/toolcalc/scripts/seo/.venv/lib/python3.9/site-packages/telebot/util.py", line 97, in run
2026-07-31T03:00:41:     task(*args, **kwargs)
2026-07-31T03:00:41:   File "/Users/aicommander/CascadeProjects/toolcalc/scripts/seo/.venv/lib/python3.9/site-packages/telebot/__init__.py", line 688, in __retrieve_updates
2026-07-31T03:00:41:     updates = self.get_updates(offset=(self.last_update_id + 1),
2026-07-31T03:00:41:   File "/Users/aicommander/CascadeProjects/toolcalc/scripts/seo/.venv/lib/python3.9/site-packages/telebot/__init__.py", line 660, in get_updates
2026-07-31T03:00:41:     json_updates = apihelper.get_updates(
2026-07-31T03:00:41:   File "/Users/aicommander/CascadeProjects/toolcalc/scripts/seo/.venv/lib/python3.9/site-packages/telebot/apihelper.py", line 339, in get_updates
2026-07-31T03:00:41:     return _make_request(token, method_url, params=payload)
2026-07-31T03:00:41:   File "/Users/aicommander/CascadeProjects/toolcalc/scripts/seo/.venv/lib/python3.9/site-packages/telebot/apihelper.py", line 162, in _make_request
2026-07-31T03:00:41:     result = _get_req_session().request(
2026-07-31T03:00:41:   File "/Users/aicommander/CascadeProjects/toolcalc/scripts/seo/.venv/lib/python3.9/site-packages/requests/sessions.py", line 589, in request
2026-07-31T03:00:41:     resp = self.send(prep, **send_kwargs)
2026-07-31T03:00:41:   File "/Users/aicommander/CascadeProjects/toolcalc/scripts/seo/.venv/lib/python3.9/site-packages/requests/sessions.py", line 703, in send
2026-07-31T03:00:41:     r = adapter.send(request, **kwargs)
2026-07-31T03:00:41:   File "/Users/aicommander/CascadeProjects/toolcalc/scripts/seo/.venv/lib/python3.9/site-packages/requests/adapters.py", line 665, in send
2026-07-31T03:00:41:     raise ConnectTimeout(e, request=request)
2026-07-31T03:00:41: requests.exceptions.ConnectTimeout: HTTPSConnectionPool(host='api.telegram.org', port=443): Max retries exceeded with url: /bot8903604110:***********************************/getUpdates?offset=550404780&timeout=20 (Caused by ConnectTimeoutError(<HTTPSConnection(host='api.telegram.org', port=443) at 0x10accba30>, 'Connection to api.telegram.org timed out. (connect timeout=20)'))
2026-07-31T03:00:41: "
2026-07-31T03:01:04: 2026-07-31 03:01:04,882 (__init__.py:1115 MainThread) ERROR - TeleBot: "Infinity polling exception: HTTPSConnectionPool(host='api.telegram.org', port=443): Max retries exceeded with url: /bot8903604110:***********************************/getUpdates?offset=550404780&timeout=20 (Caused by ConnectTimeoutError(<HTTPSConnection(host='api.telegram.org', port=443) at 0x10acc75e0>, 'Connection to api.telegram.org timed out. (connect timeout=20)'))"
2026-07-31T03:01:04: 2026-07-31 03:01:04,883 (__init__.py:1117 MainThread) ERROR - TeleBot: "Exception traceback:
2026-07-31T03:01:04: Traceback (most recent call last):
2026-07-31T03:01:04:   File "/Users/aicommander/CascadeProjects/toolcalc/scripts/seo/.venv/lib/python3.9/site-packages/urllib3/connection.py", line 204, in _new_conn
2026-07-31T03:01:04:     sock = connection.create_connection(
2026-07-31T03:01:04:   File "/Users/aicommander/CascadeProjects/toolcalc/scripts/seo/.venv/lib/python3.9/site-packages/urllib3/util/connection.py", line 85, in create_connection
2026-07-31T03:01:04:     raise err
2026-07-31T03:01:04:   File "/Users/aicommander/CascadeProjects/toolcalc/scripts/seo/.venv/lib/python3.9/site-packages/urllib3/util/connection.py", line 73, in create_connection
2026-07-31T03:01:04:     sock.connect(sa)
2026-07-31T03:01:04: socket.timeout: timed out
2026-07-31T03:01:04: 
2026-07-31T03:01:04: The above exception was the direct cause of the following exception:
2026-07-31T03:01:04: 
2026-07-31T03:01:04: Traceback (most recent call last):
2026-07-31T03:01:04:   File "/Users/aicommander/CascadeProjects/toolcalc/scripts/seo/.venv/lib/python3.9/site-packages/urllib3/connectionpool.py", line 787, in urlopen
2026-07-31T03:01:04:     response = self._make_request(
2026-07-31T03:01:04:   File "/Users/aicommander/CascadeProjects/toolcalc/scripts/seo/.venv/lib/python3.9/site-packages/urllib3/connectionpool.py", line 488, in _make_request
2026-07-31T03:01:04:     raise new_e
2026-07-31T03:01:04:   File "/Users/aicommander/CascadeProjects/toolcalc/scripts/seo/.venv/lib/python3.9/site-packages/urllib3/connectionpool.py", line 464, in _make_request
2026-07-31T03:01:04:     self._validate_conn(conn)
2026-07-31T03:01:04:   File "/Users/aicommander/CascadeProjects/toolcalc/scripts/seo/.venv/lib/python3.9/site-packages/urllib3/connectionpool.py", line 1093, in _validate_conn
2026-07-31T03:01:04:     conn.connect()
2026-07-31T03:01:04:   File "/Users/aicommander/CascadeProjects/toolcalc/scripts/seo/.venv/lib/python3.9/site-packages/urllib3/connection.py", line 759, in connect
2026-07-31T03:01:04:     self.sock = sock = self._new_conn()
2026-07-31T03:01:04:   File "/Users/aicommander/CascadeProjects/toolcalc/scripts/seo/.venv/lib/python3.9/site-packages/urllib3/connection.py", line 213, in _new_conn
2026-07-31T03:01:04:     raise ConnectTimeoutError(
2026-07-31T03:01:04: urllib3.exceptions.ConnectTimeoutError: (<HTTPSConnection(host='api.telegram.org', port=443) at 0x10acc75e0>, 'Connection to api.telegram.org timed out. (connect timeout=20)')
2026-07-31T03:01:04: 
2026-07-31T03:01:04: The above exception was the direct cause of the following exception:
2026-07-31T03:01:04: 
2026-07-31T03:01:04: Traceback (most recent call last):
2026-07-31T03:01:04:   File "/Users/aicommander/CascadeProjects/toolcalc/scripts/seo/.venv/lib/python3.9/site-packages/requests/adapters.py", line 644, in send
2026-07-31T03:01:04:     resp = conn.urlopen(
2026-07-31T03:01:04:   File "/Users/aicommander/CascadeProjects/toolcalc/scripts/seo/.venv/lib/python3.9/site-packages/urllib3/connectionpool.py", line 841, in urlopen
2026-07-31T03:01:04:     retries = retries.increment(
2026-07-31T03:01:04:   File "/Users/aicommander/CascadeProjects/toolcalc/scripts/seo/.venv/lib/python3.9/site-packages/urllib3/util/retry.py", line 535, in increment
2026-07-31T03:01:04:     raise MaxRetryError(_pool, url, reason) from reason  # type: ignore[arg-type]
2026-07-31T03:01:04: urllib3.exceptions.MaxRetryError: HTTPSConnectionPool(host='api.telegram.org', port=443): Max retries exceeded with url: /bot8903604110:***********************************/getUpdates?offset=550404780&timeout=20 (Caused by ConnectTimeoutError(<HTTPSConnection(host='api.telegram.org', port=443) at 0x10acc75e0>, 'Connection to api.telegram.org timed out. (connect timeout=20)'))
2026-07-31T03:01:04: 
2026-07-31T03:01:04: During handling of the above exception, another exception occurred:
2026-07-31T03:01:04: 
2026-07-31T03:01:04: Traceback (most recent call last):
2026-07-31T03:01:04:   File "/Users/aicommander/CascadeProjects/toolcalc/scripts/seo/.venv/lib/python3.9/site-packages/telebot/__init__.py", line 1110, in infinity_polling
2026-07-31T03:01:04:     self.polling(non_stop=True, timeout=timeout, long_polling_timeout=long_polling_timeout,
2026-07-31T03:01:04:   File "/Users/aicommander/CascadeProjects/toolcalc/scripts/seo/.venv/lib/python3.9/site-packages/telebot/__init__.py", line 1198, in polling
2026-07-31T03:01:04:     self.__threaded_polling(non_stop=non_stop, interval=interval, timeout=timeout, long_polling_timeout=long_polling_timeout,
2026-07-31T03:01:04:   File "/Users/aicommander/CascadeProjects/toolcalc/scripts/seo/.venv/lib/python3.9/site-packages/telebot/__init__.py", line 1273, in __threaded_polling
2026-07-31T03:01:04:     raise e
2026-07-31T03:01:04:   File "/Users/aicommander/CascadeProjects/toolcalc/scripts/seo/.venv/lib/python3.9/site-packages/telebot/__init__.py", line 1234, in __threaded_polling
2026-07-31T03:01:04:     polling_thread.raise_exceptions()
2026-07-31T03:01:04:   File "/Users/aicommander/CascadeProjects/toolcalc/scripts/seo/.venv/lib/python3.9/site-packages/telebot/util.py", line 115, in raise_exceptions
2026-07-31T03:01:04:     raise self.exception_info
2026-07-31T03:01:04:   File "/Users/aicommander/CascadeProjects/toolcalc/scripts/seo/.venv/lib/python3.9/site-packages/telebot/util.py", line 97, in run
2026-07-31T03:01:04:     task(*args, **kwargs)
2026-07-31T03:01:04:   File "/Users/aicommander/CascadeProjects/toolcalc/scripts/seo/.venv/lib/python3.9/site-packages/telebot/__init__.py", line 688, in __retrieve_updates
2026-07-31T03:01:04:     updates = self.get_updates(offset=(self.last_update_id + 1),
2026-07-31T03:01:04:   File "/Users/aicommander/CascadeProjects/toolcalc/scripts/seo/.venv/lib/python3.9/site-packages/telebot/__init__.py", line 660, in get_updates
2026-07-31T03:01:04:     json_updates = apihelper.get_updates(
2026-07-31T03:01:04:   File "/Users/aicommander/CascadeProjects/toolcalc/scripts/seo/.venv/lib/python3.9/site-packages/telebot/apihelper.py", line 339, in get_updates
2026-07-31T03:01:04:     return _make_request(token, method_url, params=payload)
2026-07-31T03:01:04:   File "/Users/aicommander/CascadeProjects/toolcalc/scripts/seo/.venv/lib/python3.9/site-packages/telebot/apihelper.py", line 162, in _make_request
2026-07-31T03:01:04:     result = _get_req_session().request(
2026-07-31T03:01:04:   File "/Users/aicommander/CascadeProjects/toolcalc/scripts/seo/.venv/lib/python3.9/site-packages/requests/sessions.py", line 589, in request
2026-07-31T03:01:04:     resp = self.send(prep, **send_kwargs)
2026-07-31T03:01:04:   File "/Users/aicommander/CascadeProjects/toolcalc/scripts/seo/.venv/lib/python3.9/site-packages/requests/sessions.py", line 703, in send
2026-07-31T03:01:04:     r = adapter.send(request, **kwargs)
2026-07-31T03:01:04:   File "/Users/aicommander/CascadeProjects/toolcalc/scripts/seo/.venv/lib/python3.9/site-packages/requests/adapters.py", line 665, in send
2026-07-31T03:01:04:     raise ConnectTimeout(e, request=request)
2026-07-31T03:01:04: requests.exceptions.ConnectTimeout: HTTPSConnectionPool(host='api.telegram.org', port=443): Max retries exceeded with url: /bot8903604110:***********************************/getUpdates?offset=550404780&timeout=20 (Caused by ConnectTimeoutError(<HTTPSConnection(host='api.telegram.org', port=443) at 0x10acc75e0>, 'Connection to api.telegram.org timed out. (connect timeout=20)'))
2026-07-31T03:01:04: "
2026-07-31T03:01:28: 2026-07-31 03:01:28,033 (__init__.py:1115 MainThread) ERROR - TeleBot: "Infinity polling exception: HTTPSConnectionPool(host='api.telegram.org', port=443): Max retries exceeded with url: /bot8903604110:***********************************/getUpdates?offset=550404780&timeout=20 (Caused by ConnectTimeoutError(<HTTPSConnection(host='api.telegram.org', port=443) at 0x10acc03d0>, 'Connection to api.telegram.org timed out. (connect timeout=20)'))"
2026-07-31T03:01:28: 2026-07-31 03:01:28,034 (__init__.py:1117 MainThread) ERROR - TeleBot: "Exception traceback:
2026-07-31T03:01:28: Traceback (most recent call last):
2026-07-31T03:01:28:   File "/Users/aicommander/CascadeProjects/toolcalc/scripts/seo/.venv/lib/python3.9/site-packages/urllib3/connection.py", line 204, in _new_conn
2026-07-31T03:01:28:     sock = connection.create_connection(
2026-07-31T03:01:28:   File "/Users/aicommander/CascadeProjects/toolcalc/scripts/seo/.venv/lib/python3.9/site-packages/urllib3/util/connection.py", line 85, in create_connection
2026-07-31T03:01:28:     raise err
2026-07-31T03:01:28:   File "/Users/aicommander/CascadeProjects/toolcalc/scripts/seo/.venv/lib/python3.9/site-packages/urllib3/util/connection.py", line 73, in create_connection
2026-07-31T03:01:28:     sock.connect(sa)
2026-07-31T03:01:28: socket.timeout: timed out
2026-07-31T03:01:28: 
2026-07-31T03:01:28: The above exception was the direct cause of the following exception:
2026-07-31T03:01:28: 
2026-07-31T03:01:28: Traceback (most recent call last):
2026-07-31T03:01:28:   File "/Users/aicommander/CascadeProjects/toolcalc/scripts/seo/.venv/lib/python3.9/site-packages/urllib3/connectionpool.py", line 787, in urlopen
2026-07-31T03:01:28:     response = self._make_request(
2026-07-31T03:01:28:   File "/Users/aicommander/CascadeProjects/toolcalc/scripts/seo/.venv/lib/python3.9/site-packages/urllib3/connectionpool.py", line 488, in _make_request
2026-07-31T03:01:28:     raise new_e
2026-07-31T03:01:28:   File "/Users/aicommander/CascadeProjects/toolcalc/scripts/seo/.venv/lib/python3.9/site-packages/urllib3/connectionpool.py", line 464, in _make_request
2026-07-31T03:01:28:     self._validate_conn(conn)
2026-07-31T03:01:28:   File "/Users/aicommander/CascadeProjects/toolcalc/scripts/seo/.venv/lib/python3.9/site-packages/urllib3/connectionpool.py", line 1093, in _validate_conn
2026-07-31T03:01:28:     conn.connect()
2026-07-31T03:01:28:   File "/Users/aicommander/CascadeProjects/toolcalc/scripts/seo/.venv/lib/python3.9/site-packages/urllib3/connection.py", line 759, in connect
2026-07-31T03:01:28:     self.sock = sock = self._new_conn()
2026-07-31T03:01:28:   File "/Users/aicommander/CascadeProjects/toolcalc/scripts/seo/.venv/lib/python3.9/site-packages/urllib3/connection.py", line 213, in _new_conn
2026-07-31T03:01:28:     raise ConnectTimeoutError(
2026-07-31T03:01:28: urllib3.exceptions.ConnectTimeoutError: (<HTTPSConnection(host='api.telegram.org', port=443) at 0x10acc03d0>, 'Connection to api.telegram.org timed out. (connect timeout=20)')
2026-07-31T03:01:28: 
2026-07-31T03:01:28: The above exception was the direct cause of the following exception:
2026-07-31T03:01:28: 
2026-07-31T03:01:28: Traceback (most recent call last):
2026-07-31T03:01:28:   File "/Users/aicommander/CascadeProjects/toolcalc/scripts/seo/.venv/lib/python3.9/site-packages/requests/adapters.py", line 644, in send
2026-07-31T03:01:28:     resp = conn.urlopen(
2026-07-31T03:01:28:   File "/Users/aicommander/CascadeProjects/toolcalc/scripts/seo/.venv/lib/python3.9/site-packages/urllib3/connectionpool.py", line 841, in urlopen
2026-07-31T03:01:28:     retries = retries.increment(
2026-07-31T03:01:28:   File "/Users/aicommander/CascadeProjects/toolcalc/scripts/seo/.venv/lib/python3.9/site-packages/urllib3/util/retry.py", line 535, in increment
2026-07-31T03:01:28:     raise MaxRetryError(_pool, url, reason) from reason  # type: ignore[arg-type]
2026-07-31T03:01:28: urllib3.exceptions.MaxRetryError: HTTPSConnectionPool(host='api.telegram.org', port=443): Max retries exceeded with url: /bot8903604110:***********************************/getUpdates?offset=550404780&timeout=20 (Caused by ConnectTimeoutError(<HTTPSConnection(host='api.telegram.org', port=443) at 0x10acc03d0>, 'Connection to api.telegram.org timed out. (connect timeout=20)'))
2026-07-31T03:01:28: 
2026-07-31T03:01:28: During handling of the above exception, another exception occurred:
2026-07-31T03:01:28: 
2026-07-31T03:01:28: Traceback (most recent call last):
2026-07-31T03:01:28:   File "/Users/aicommander/CascadeProjects/toolcalc/scripts/seo/.venv/lib/python3.9/site-packages/telebot/__init__.py", line 1110, in infinity_polling
2026-07-31T03:01:28:     self.polling(non_stop=True, timeout=timeout, long_polling_timeout=long_polling_timeout,
2026-07-31T03:01:28:   File "/Users/aicommander/CascadeProjects/toolcalc/scripts/seo/.venv/lib/python3.9/site-packages/telebot/__init__.py", line 1198, in polling
2026-07-31T03:01:28:     self.__threaded_polling(non_stop=non_stop, interval=interval, timeout=timeout, long_polling_timeout=long_polling_timeout,
2026-07-31T03:01:28:   File "/Users/aicommander/CascadeProjects/toolcalc/scripts/seo/.venv/lib/python3.9/site-packages/telebot/__init__.py", line 1273, in __threaded_polling
2026-07-31T03:01:28:     raise e
2026-07-31T03:01:28:   File "/Users/aicommander/CascadeProjects/toolcalc/scripts/seo/.venv/lib/python3.9/site-packages/telebot/__init__.py", line 1234, in __threaded_polling
2026-07-31T03:01:28:     polling_thread.raise_exceptions()
2026-07-31T03:01:28:   File "/Users/aicommander/CascadeProjects/toolcalc/scripts/seo/.venv/lib/python3.9/site-packages/telebot/util.py", line 115, in raise_exceptions
2026-07-31T03:01:28:     raise self.exception_info
2026-07-31T03:01:28:   File "/Users/aicommander/CascadeProjects/toolcalc/scripts/seo/.venv/lib/python3.9/site-packages/telebot/util.py", line 97, in run
2026-07-31T03:01:28:     task(*args, **kwargs)
2026-07-31T03:01:28:   File "/Users/aicommander/CascadeProjects/toolcalc/scripts/seo/.venv/lib/python3.9/site-packages/telebot/__init__.py", line 688, in __retrieve_updates
2026-07-31T03:01:28:     updates = self.get_updates(offset=(self.last_update_id + 1),
2026-07-31T03:01:28:   File "/Users/aicommander/CascadeProjects/toolcalc/scripts/seo/.venv/lib/python3.9/site-packages/telebot/__init__.py", line 660, in get_updates
2026-07-31T03:01:28:     json_updates = apihelper.get_updates(
2026-07-31T03:01:28:   File "/Users/aicommander/CascadeProjects/toolcalc/scripts/seo/.venv/lib/python3.9/site-packages/telebot/apihelper.py", line 339, in get_updates
2026-07-31T03:01:28:     return _make_request(token, method_url, params=payload)
2026-07-31T03:01:28:   File "/Users/aicommander/CascadeProjects/toolcalc/scripts/seo/.venv/lib/python3.9/site-packages/telebot/apihelper.py", line 162, in _make_request
2026-07-31T03:01:28:     result = _get_req_session().request(
2026-07-31T03:01:28:   File "/Users/aicommander/CascadeProjects/toolcalc/scripts/seo/.venv/lib/python3.9/site-packages/requests/sessions.py", line 589, in request
2026-07-31T03:01:28:     resp = self.send(prep, **send_kwargs)
2026-07-31T03:01:28:   File "/Users/aicommander/CascadeProjects/toolcalc/scripts/seo/.venv/lib/python3.9/site-packages/requests/sessions.py", line 703, in send
2026-07-31T03:01:28:     r = adapter.send(request, **kwargs)
2026-07-31T03:01:28:   File "/Users/aicommander/CascadeProjects/toolcalc/scripts/seo/.venv/lib/python3.9/site-packages/requests/adapters.py", line 665, in send
2026-07-31T03:01:28:     raise ConnectTimeout(e, request=request)
2026-07-31T03:01:28: requests.exceptions.ConnectTimeout: HTTPSConnectionPool(host='api.telegram.org', port=443): Max retries exceeded with url: /bot8903604110:***********************************/getUpdates?offset=550404780&timeout=20 (Caused by ConnectTimeoutError(<HTTPSConnection(host='api.telegram.org', port=443) at 0x10acc03d0>, 'Connection to api.telegram.org timed out. (connect timeout=20)'))
2026-07-31T03:01:28: "
2026-07-31T03:01:51: 2026-07-31 03:01:51,187 (__init__.py:1115 MainThread) ERROR - TeleBot: "Infinity polling exception: HTTPSConnectionPool(host='api.telegram.org', port=443): Max retries exceeded with url: /bot8903604110:***********************************/getUpdates?offset=550404780&timeout=20 (Caused by ConnectTimeoutError(<HTTPSConnection(host='api.telegram.org', port=443) at 0x10acc07f0>, 'Connection to api.telegram.org timed out. (connect timeout=20)'))"
2026-07-31T03:01:51: 2026-07-31 03:01:51,189 (__init__.py:1117 MainThread) ERROR - TeleBot: "Exception traceback:
2026-07-31T03:01:51: Traceback (most recent call last):
2026-07-31T03:01:51:   File "/Users/aicommander/CascadeProjects/toolcalc/scripts/seo/.venv/lib/python3.9/site-packages/urllib3/connection.py", line 204, in _new_conn
2026-07-31T03:01:51:     sock = connection.create_connection(
2026-07-31T03:01:51:   File "/Users/aicommander/CascadeProjects/toolcalc/scripts/seo/.venv/lib/python3.9/site-packages/urllib3/util/connection.py", line 85, in create_connection
2026-07-31T03:01:51:     raise err
2026-07-31T03:01:51:   File "/Users/aicommander/CascadeProjects/toolcalc/scripts/seo/.venv/lib/python3.9/site-packages/urllib3/util/connection.py", line 73, in create_connection
2026-07-31T03:01:51:     sock.connect(sa)
2026-07-31T03:01:51: socket.timeout: timed out
2026-07-31T03:01:51: 
2026-07-31T03:01:51: The above exception was the direct cause of the following exception:
2026-07-31T03:01:51: 
2026-07-31T03:01:51: Traceback (most recent call last):
2026-07-31T03:01:51:   File "/Users/aicommander/CascadeProjects/toolcalc/scripts/seo/.venv/lib/python3.9/site-packages/urllib3/connectionpool.py", line 787, in urlopen
2026-07-31T03:01:51:     response = self._make_request(
2026-07-31T03:01:51:   File "/Users/aicommander/CascadeProjects/toolcalc/scripts/seo/.venv/lib/python3.9/site-packages/urllib3/connectionpool.py", line 488, in _make_request
2026-07-31T03:01:51:     raise new_e
2026-07-31T03:01:51:   File "/Users/aicommander/CascadeProjects/toolcalc/scripts/seo/.venv/lib/python3.9/site-packages/urllib3/connectionpool.py", line 464, in _make_request
2026-07-31T03:01:51:     self._validate_conn(conn)
2026-07-31T03:01:51:   File "/Users/aicommander/CascadeProjects/toolcalc/scripts/seo/.venv/lib/python3.9/site-packages/urllib3/connectionpool.py", line 1093, in _validate_conn
2026-07-31T03:01:51:     conn.connect()
2026-07-31T03:01:51:   File "/Users/aicommander/CascadeProjects/toolcalc/scripts/seo/.venv/lib/python3.9/site-packages/urllib3/connection.py", line 759, in connect
2026-07-31T03:01:51:     self.sock = sock = self._new_conn()
2026-07-31T03:01:51:   File "/Users/aicommander/CascadeProjects/toolcalc/scripts/seo/.venv/lib/python3.9/site-packages/urllib3/connection.py", line 213, in _new_conn
2026-07-31T03:01:51:     raise ConnectTimeoutError(
2026-07-31T03:01:51: urllib3.exceptions.ConnectTimeoutError: (<HTTPSConnection(host='api.telegram.org', port=443) at 0x10acc07f0>, 'Connection to api.telegram.org timed out. (connect timeout=20)')
2026-07-31T03:01:51: 
2026-07-31T03:01:51: The above exception was the direct cause of the following exception:
2026-07-31T03:01:51: 
2026-07-31T03:01:51: Traceback (most recent call last):
2026-07-31T03:01:51:   File "/Users/aicommander/CascadeProjects/toolcalc/scripts/seo/.venv/lib/python3.9/site-packages/requests/adapters.py", line 644, in send
2026-07-31T03:01:51:     resp = conn.urlopen(
2026-07-31T03:01:51:   File "/Users/aicommander/CascadeProjects/toolcalc/scripts/seo/.venv/lib/python3.9/site-packages/urllib3/connectionpool.py", line 841, in urlopen
2026-07-31T03:01:51:     retries = retries.increment(
2026-07-31T03:01:51:   File "/Users/aicommander/CascadeProjects/toolcalc/scripts/seo/.venv/lib/python3.9/site-packages/urllib3/util/retry.py", line 535, in increment
2026-07-31T03:01:51:     raise MaxRetryError(_pool, url, reason) from reason  # type: ignore[arg-type]
2026-07-31T03:01:51: urllib3.exceptions.MaxRetryError: HTTPSConnectionPool(host='api.telegram.org', port=443): Max retries exceeded with url: /bot8903604110:***********************************/getUpdates?offset=550404780&timeout=20 (Caused by ConnectTimeoutError(<HTTPSConnection(host='api.telegram.org', port=443) at 0x10acc07f0>, 'Connection to api.telegram.org timed out. (connect timeout=20)'))
2026-07-31T03:01:51: 
2026-07-31T03:01:51: During handling of the above exception, another exception occurred:
2026-07-31T03:01:51: 
2026-07-31T03:01:51: Traceback (most recent call last):
2026-07-31T03:01:51:   File "/Users/aicommander/CascadeProjects/toolcalc/scripts/seo/.venv/lib/python3.9/site-packages/telebot/__init__.py", line 1110, in infinity_polling
2026-07-31T03:01:51:     self.polling(non_stop=True, timeout=timeout, long_polling_timeout=long_polling_timeout,
2026-07-31T03:01:51:   File "/Users/aicommander/CascadeProjects/toolcalc/scripts/seo/.venv/lib/python3.9/site-packages/telebot/__init__.py", line 1198, in polling
2026-07-31T03:01:51:     self.__threaded_polling(non_stop=non_stop, interval=interval, timeout=timeout, long_polling_timeout=long_polling_timeout,
2026-07-31T03:01:51:   File "/Users/aicommander/CascadeProjects/toolcalc/scripts/seo/.venv/lib/python3.9/site-packages/telebot/__init__.py", line 1273, in __threaded_polling
2026-07-31T03:01:51:     raise e
2026-07-31T03:01:51:   File "/Users/aicommander/CascadeProjects/toolcalc/scripts/seo/.venv/lib/python3.9/site-packages/telebot/__init__.py", line 1234, in __threaded_polling
2026-07-31T03:01:51:     polling_thread.raise_exceptions()
2026-07-31T03:01:51:   File "/Users/aicommander/CascadeProjects/toolcalc/scripts/seo/.venv/lib/python3.9/site-packages/telebot/util.py", line 115, in raise_exceptions
2026-07-31T03:01:51:     raise self.exception_info
2026-07-31T03:01:51:   File "/Users/aicommander/CascadeProjects/toolcalc/scripts/seo/.venv/lib/python3.9/site-packages/telebot/util.py", line 97, in run
2026-07-31T03:01:51:     task(*args, **kwargs)
2026-07-31T03:01:51:   File "/Users/aicommander/CascadeProjects/toolcalc/scripts/seo/.venv/lib/python3.9/site-packages/telebot/__init__.py", line 688, in __retrieve_updates
2026-07-31T03:01:51:     updates = self.get_updates(offset=(self.last_update_id + 1),
2026-07-31T03:01:51:   File "/Users/aicommander/CascadeProjects/toolcalc/scripts/seo/.venv/lib/python3.9/site-packages/telebot/__init__.py", line 660, in get_updates
2026-07-31T03:01:51:     json_updates = apihelper.get_updates(
2026-07-31T03:01:51:   File "/Users/aicommander/CascadeProjects/toolcalc/scripts/seo/.venv/lib/python3.9/site-packages/telebot/apihelper.py", line 339, in get_updates
2026-07-31T03:01:51:     return _make_request(token, method_url, params=payload)
2026-07-31T03:01:51:   File "/Users/aicommander/CascadeProjects/toolcalc/scripts/seo/.venv/lib/python3.9/site-packages/telebot/apihelper.py", line 162, in _make_request
2026-07-31T03:01:51:     result = _get_req_session().request(
2026-07-31T03:01:51:   File "/Users/aicommander/CascadeProjects/toolcalc/scripts/seo/.venv/lib/python3.9/site-packages/requests/sessions.py", line 589, in request
2026-07-31T03:01:51:     resp = self.send(prep, **send_kwargs)
2026-07-31T03:01:51:   File "/Users/aicommander/CascadeProjects/toolcalc/scripts/seo/.venv/lib/python3.9/site-packages/requests/sessions.py", line 703, in send
2026-07-31T03:01:51:     r = adapter.send(request, **kwargs)
2026-07-31T03:01:51:   File "/Users/aicommander/CascadeProjects/toolcalc/scripts/seo/.venv/lib/python3.9/site-packages/requests/adapters.py", line 665, in send
2026-07-31T03:01:51:     raise ConnectTimeout(e, request=request)
2026-07-31T03:01:51: requests.exceptions.ConnectTimeout: HTTPSConnectionPool(host='api.telegram.org', port=443): Max retries exceeded with url: /bot8903604110:***********************************/getUpdates?offset=550404780&timeout=20 (Caused by ConnectTimeoutError(<HTTPSConnection(host='api.telegram.org', port=443) at 0x10acc07f0>, 'Connection to api.telegram.org timed out. (connect timeout=20)'))
2026-07-31T03:01:51: "
2026-07-31T08:18:05: 2026-07-31 08:18:05,645 (__init__.py:1115 MainThread) ERROR - TeleBot: "Infinity polling exception: HTTPSConnectionPool(host='api.telegram.org', port=443): Read timed out. (read timeout=25)"
2026-07-31T08:18:05: 2026-07-31 08:18:05,646 (__init__.py:1117 MainThread) ERROR - TeleBot: "Exception traceback:
2026-07-31T08:18:05: Traceback (most recent call last):
2026-07-31T08:18:05:   File "/Users/aicommander/CascadeProjects/toolcalc/scripts/seo/.venv/lib/python3.9/site-packages/urllib3/connectionpool.py", line 534, in _make_request
2026-07-31T08:18:05:     response = conn.getresponse()
2026-07-31T08:18:05:   File "/Users/aicommander/CascadeProjects/toolcalc/scripts/seo/.venv/lib/python3.9/site-packages/urllib3/connection.py", line 571, in getresponse
2026-07-31T08:18:05:     httplib_response = super().getresponse()
2026-07-31T08:18:05:   File "/Library/Developer/CommandLineTools/Library/Frameworks/Python3.framework/Versions/3.9/lib/python3.9/http/client.py", line 1349, in getresponse
2026-07-31T08:18:05:     response.begin()
2026-07-31T08:18:05:   File "/Library/Developer/CommandLineTools/Library/Frameworks/Python3.framework/Versions/3.9/lib/python3.9/http/client.py", line 316, in begin
2026-07-31T08:18:05:     version, status, reason = self._read_status()
2026-07-31T08:18:05:   File "/Library/Developer/CommandLineTools/Library/Frameworks/Python3.framework/Versions/3.9/lib/python3.9/http/client.py", line 277, in _read_status
2026-07-31T08:18:05:     line = str(self.fp.readline(_MAXLINE + 1), "iso-8859-1")
2026-07-31T08:18:05:   File "/Library/Developer/CommandLineTools/Library/Frameworks/Python3.framework/Versions/3.9/lib/python3.9/socket.py", line 704, in readinto
2026-07-31T08:18:05:     return self._sock.recv_into(b)
2026-07-31T08:18:05:   File "/Library/Developer/CommandLineTools/Library/Frameworks/Python3.framework/Versions/3.9/lib/python3.9/ssl.py", line 1241, in recv_into
2026-07-31T08:18:05:     return self.read(nbytes, buffer)
2026-07-31T08:18:05:   File "/Library/Developer/CommandLineTools/Library/Frameworks/Python3.framework/Versions/3.9/lib/python3.9/ssl.py", line 1099, in read
2026-07-31T08:18:05:     return self._sslobj.read(len, buffer)
2026-07-31T08:18:05: socket.timeout: The read operation timed out
2026-07-31T08:18:05: 
2026-07-31T08:18:05: The above exception was the direct cause of the following exception:
2026-07-31T08:18:05: 
2026-07-31T08:18:05: Traceback (most recent call last):
2026-07-31T08:18:05:   File "/Users/aicommander/CascadeProjects/toolcalc/scripts/seo/.venv/lib/python3.9/site-packages/requests/adapters.py", line 644, in send
2026-07-31T08:18:05:     resp = conn.urlopen(
2026-07-31T08:18:05:   File "/Users/aicommander/CascadeProjects/toolcalc/scripts/seo/.venv/lib/python3.9/site-packages/urllib3/connectionpool.py", line 841, in urlopen
2026-07-31T08:18:05:     retries = retries.increment(
2026-07-31T08:18:05:   File "/Users/aicommander/CascadeProjects/toolcalc/scripts/seo/.venv/lib/python3.9/site-packages/urllib3/util/retry.py", line 490, in increment
2026-07-31T08:18:05:     raise reraise(type(error), error, _stacktrace)
2026-07-31T08:18:05:   File "/Users/aicommander/CascadeProjects/toolcalc/scripts/seo/.venv/lib/python3.9/site-packages/urllib3/util/util.py", line 39, in reraise
2026-07-31T08:18:05:     raise value
2026-07-31T08:18:05:   File "/Users/aicommander/CascadeProjects/toolcalc/scripts/seo/.venv/lib/python3.9/site-packages/urllib3/connectionpool.py", line 787, in urlopen
2026-07-31T08:18:05:     response = self._make_request(
2026-07-31T08:18:05:   File "/Users/aicommander/CascadeProjects/toolcalc/scripts/seo/.venv/lib/python3.9/site-packages/urllib3/connectionpool.py", line 536, in _make_request
2026-07-31T08:18:05:     self._raise_timeout(err=e, url=url, timeout_value=read_timeout)
2026-07-31T08:18:05:   File "/Users/aicommander/CascadeProjects/toolcalc/scripts/seo/.venv/lib/python3.9/site-packages/urllib3/connectionpool.py", line 367, in _raise_timeout
2026-07-31T08:18:05:     raise ReadTimeoutError(
2026-07-31T08:18:05: urllib3.exceptions.ReadTimeoutError: HTTPSConnectionPool(host='api.telegram.org', port=443): Read timed out. (read timeout=25)
2026-07-31T08:18:05: 
2026-07-31T08:18:05: During handling of the above exception, another exception occurred:
2026-07-31T08:18:05: 
2026-07-31T08:18:05: Traceback (most recent call last):
2026-07-31T08:18:05:   File "/Users/aicommander/CascadeProjects/toolcalc/scripts/seo/.venv/lib/python3.9/site-packages/telebot/__init__.py", line 1110, in infinity_polling
2026-07-31T08:18:05:     self.polling(non_stop=True, timeout=timeout, long_polling_timeout=long_polling_timeout,
2026-07-31T08:18:05:   File "/Users/aicommander/CascadeProjects/toolcalc/scripts/seo/.venv/lib/python3.9/site-packages/telebot/__init__.py", line 1198, in polling
2026-07-31T08:18:05:     self.__threaded_polling(non_stop=non_stop, interval=interval, timeout=timeout, long_polling_timeout=long_polling_timeout,
2026-07-31T08:18:05:   File "/Users/aicommander/CascadeProjects/toolcalc/scripts/seo/.venv/lib/python3.9/site-packages/telebot/__init__.py", line 1273, in __threaded_polling
2026-07-31T08:18:05:     raise e
2026-07-31T08:18:05:   File "/Users/aicommander/CascadeProjects/toolcalc/scripts/seo/.venv/lib/python3.9/site-packages/telebot/__init__.py", line 1234, in __threaded_polling
2026-07-31T08:18:05:     polling_thread.raise_exceptions()
2026-07-31T08:18:05:   File "/Users/aicommander/CascadeProjects/toolcalc/scripts/seo/.venv/lib/python3.9/site-packages/telebot/util.py", line 115, in raise_exceptions
2026-07-31T08:18:05:     raise self.exception_info
2026-07-31T08:18:05:   File "/Users/aicommander/CascadeProjects/toolcalc/scripts/seo/.venv/lib/python3.9/site-packages/telebot/util.py", line 97, in run
2026-07-31T08:18:05:     task(*args, **kwargs)
2026-07-31T08:18:05:   File "/Users/aicommander/CascadeProjects/toolcalc/scripts/seo/.venv/lib/python3.9/site-packages/telebot/__init__.py", line 688, in __retrieve_updates
2026-07-31T08:18:05:     updates = self.get_updates(offset=(self.last_update_id + 1),
2026-07-31T08:18:05:   File "/Users/aicommander/CascadeProjects/toolcalc/scripts/seo/.venv/lib/python3.9/site-packages/telebot/__init__.py", line 660, in get_updates
2026-07-31T08:18:05:     json_updates = apihelper.get_updates(
2026-07-31T08:18:05:   File "/Users/aicommander/CascadeProjects/toolcalc/scripts/seo/.venv/lib/python3.9/site-packages/telebot/apihelper.py", line 339, in get_updates
2026-07-31T08:18:05:     return _make_request(token, method_url, params=payload)
2026-07-31T08:18:05:   File "/Users/aicommander/CascadeProjects/toolcalc/scripts/seo/.venv/lib/python3.9/site-packages/telebot/apihelper.py", line 162, in _make_request
2026-07-31T08:18:05:     result = _get_req_session().request(
2026-07-31T08:18:05:   File "/Users/aicommander/CascadeProjects/toolcalc/scripts/seo/.venv/lib/python3.9/site-packages/requests/sessions.py", line 589, in request
2026-07-31T08:18:05:     resp = self.send(prep, **send_kwargs)
2026-07-31T08:18:05:   File "/Users/aicommander/CascadeProjects/toolcalc/scripts/seo/.venv/lib/python3.9/site-packages/requests/sessions.py", line 703, in send
2026-07-31T08:18:05:     r = adapter.send(request, **kwargs)
2026-07-31T08:18:05:   File "/Users/aicommander/CascadeProjects/toolcalc/scripts/seo/.venv/lib/python3.9/site-packages/requests/adapters.py", line 690, in send
2026-07-31T08:18:05:     raise ReadTimeout(e, request=request)
2026-07-31T08:18:05: requests.exceptions.ReadTimeout: HTTPSConnectionPool(host='api.telegram.org', port=443): Read timed out. (read timeout=25)
2026-07-31T08:18:05: "
2026-07-31T20:25:12: 2026-07-31 20:25:12,647 (__init__.py:1115 MainThread) ERROR - TeleBot: "Infinity polling exception: HTTPSConnectionPool(host='api.telegram.org', port=443): Read timed out. (read timeout=25)"
2026-07-31T20:25:12: 2026-07-31 20:25:12,650 (__init__.py:1117 MainThread) ERROR - TeleBot: "Exception traceback:
2026-07-31T20:25:12: Traceback (most recent call last):
2026-07-31T20:25:12:   File "/Users/aicommander/CascadeProjects/toolcalc/scripts/seo/.venv/lib/python3.9/site-packages/urllib3/connectionpool.py", line 534, in _make_request
2026-07-31T20:25:12:     response = conn.getresponse()
2026-07-31T20:25:12:   File "/Users/aicommander/CascadeProjects/toolcalc/scripts/seo/.venv/lib/python3.9/site-packages/urllib3/connection.py", line 571, in getresponse
2026-07-31T20:25:12:     httplib_response = super().getresponse()
2026-07-31T20:25:12:   File "/Library/Developer/CommandLineTools/Library/Frameworks/Python3.framework/Versions/3.9/lib/python3.9/http/client.py", line 1349, in getresponse
2026-07-31T20:25:12:     response.begin()
2026-07-31T20:25:12:   File "/Library/Developer/CommandLineTools/Library/Frameworks/Python3.framework/Versions/3.9/lib/python3.9/http/client.py", line 316, in begin
2026-07-31T20:25:12:     version, status, reason = self._read_status()
2026-07-31T20:25:12:   File "/Library/Developer/CommandLineTools/Library/Frameworks/Python3.framework/Versions/3.9/lib/python3.9/http/client.py", line 277, in _read_status
2026-07-31T20:25:12:     line = str(self.fp.readline(_MAXLINE + 1), "iso-8859-1")
2026-07-31T20:25:12:   File "/Library/Developer/CommandLineTools/Library/Frameworks/Python3.framework/Versions/3.9/lib/python3.9/socket.py", line 704, in readinto
2026-07-31T20:25:12:     return self._sock.recv_into(b)
2026-07-31T20:25:12:   File "/Library/Developer/CommandLineTools/Library/Frameworks/Python3.framework/Versions/3.9/lib/python3.9/ssl.py", line 1241, in recv_into
2026-07-31T20:25:12:     return self.read(nbytes, buffer)
2026-07-31T20:25:12:   File "/Library/Developer/CommandLineTools/Library/Frameworks/Python3.framework/Versions/3.9/lib/python3.9/ssl.py", line 1099, in read
2026-07-31T20:25:12:     return self._sslobj.read(len, buffer)
2026-07-31T20:25:12: socket.timeout: The read operation timed out
2026-07-31T20:25:12: 
2026-07-31T20:25:12: The above exception was the direct cause of the following exception:
2026-07-31T20:25:12: 
2026-07-31T20:25:12: Traceback (most recent call last):
2026-07-31T20:25:12:   File "/Users/aicommander/CascadeProjects/toolcalc/scripts/seo/.venv/lib/python3.9/site-packages/requests/adapters.py", line 644, in send
2026-07-31T20:25:12:     resp = conn.urlopen(
2026-07-31T20:25:12:   File "/Users/aicommander/CascadeProjects/toolcalc/scripts/seo/.venv/lib/python3.9/site-packages/urllib3/connectionpool.py", line 841, in urlopen
2026-07-31T20:25:12:     retries = retries.increment(
2026-07-31T20:25:12:   File "/Users/aicommander/CascadeProjects/toolcalc/scripts/seo/.venv/lib/python3.9/site-packages/urllib3/util/retry.py", line 490, in increment
2026-07-31T20:25:12:     raise reraise(type(error), error, _stacktrace)
2026-07-31T20:25:12:   File "/Users/aicommander/CascadeProjects/toolcalc/scripts/seo/.venv/lib/python3.9/site-packages/urllib3/util/util.py", line 39, in reraise
2026-07-31T20:25:12:     raise value
2026-07-31T20:25:12:   File "/Users/aicommander/CascadeProjects/toolcalc/scripts/seo/.venv/lib/python3.9/site-packages/urllib3/connectionpool.py", line 787, in urlopen
2026-07-31T20:25:12:     response = self._make_request(
2026-07-31T20:25:12:   File "/Users/aicommander/CascadeProjects/toolcalc/scripts/seo/.venv/lib/python3.9/site-packages/urllib3/connectionpool.py", line 536, in _make_request
2026-07-31T20:25:12:     self._raise_timeout(err=e, url=url, timeout_value=read_timeout)
2026-07-31T20:25:12:   File "/Users/aicommander/CascadeProjects/toolcalc/scripts/seo/.venv/lib/python3.9/site-packages/urllib3/connectionpool.py", line 367, in _raise_timeout
2026-07-31T20:25:12:     raise ReadTimeoutError(
2026-07-31T20:25:12: urllib3.exceptions.ReadTimeoutError: HTTPSConnectionPool(host='api.telegram.org', port=443): Read timed out. (read timeout=25)
2026-07-31T20:25:12: 
2026-07-31T20:25:12: During handling of the above exception, another exception occurred:
2026-07-31T20:25:12: 
2026-07-31T20:25:12: Traceback (most recent call last):
2026-07-31T20:25:12:   File "/Users/aicommander/CascadeProjects/toolcalc/scripts/seo/.venv/lib/python3.9/site-packages/telebot/__init__.py", line 1110, in infinity_polling
2026-07-31T20:25:12:     self.polling(non_stop=True, timeout=timeout, long_polling_timeout=long_polling_timeout,
2026-07-31T20:25:12:   File "/Users/aicommander/CascadeProjects/toolcalc/scripts/seo/.venv/lib/python3.9/site-packages/telebot/__init__.py", line 1198, in polling
2026-07-31T20:25:12:     self.__threaded_polling(non_stop=non_stop, interval=interval, timeout=timeout, long_polling_timeout=long_polling_timeout,
2026-07-31T20:25:12:   File "/Users/aicommander/CascadeProjects/toolcalc/scripts/seo/.venv/lib/python3.9/site-packages/telebot/__init__.py", line 1273, in __threaded_polling
2026-07-31T20:25:12:     raise e
2026-07-31T20:25:12:   File "/Users/aicommander/CascadeProjects/toolcalc/scripts/seo/.venv/lib/python3.9/site-packages/telebot/__init__.py", line 1234, in __threaded_polling
2026-07-31T20:25:12:     polling_thread.raise_exceptions()
2026-07-31T20:25:12:   File "/Users/aicommander/CascadeProjects/toolcalc/scripts/seo/.venv/lib/python3.9/site-packages/telebot/util.py", line 115, in raise_exceptions
2026-07-31T20:25:12:     raise self.exception_info
2026-07-31T20:25:12:   File "/Users/aicommander/CascadeProjects/toolcalc/scripts/seo/.venv/lib/python3.9/site-packages/telebot/util.py", line 97, in run
2026-07-31T20:25:12:     task(*args, **kwargs)
2026-07-31T20:25:12:   File "/Users/aicommander/CascadeProjects/toolcalc/scripts/seo/.venv/lib/python3.9/site-packages/telebot/__init__.py", line 688, in __retrieve_updates
2026-07-31T20:25:12:     updates = self.get_updates(offset=(self.last_update_id + 1),
2026-07-31T20:25:12:   File "/Users/aicommander/CascadeProjects/toolcalc/scripts/seo/.venv/lib/python3.9/site-packages/telebot/__init__.py", line 660, in get_updates
2026-07-31T20:25:12:     json_updates = apihelper.get_updates(
2026-07-31T20:25:12:   File "/Users/aicommander/CascadeProjects/toolcalc/scripts/seo/.venv/lib/python3.9/site-packages/telebot/apihelper.py", line 339, in get_updates
2026-07-31T20:25:12:     return _make_request(token, method_url, params=payload)
2026-07-31T20:25:12:   File "/Users/aicommander/CascadeProjects/toolcalc/scripts/seo/.venv/lib/python3.9/site-packages/telebot/apihelper.py", line 162, in _make_request
2026-07-31T20:25:12:     result = _get_req_session().request(
2026-07-31T20:25:12:   File "/Users/aicommander/CascadeProjects/toolcalc/scripts/seo/.venv/lib/python3.9/site-packages/requests/sessions.py", line 589, in request
2026-07-31T20:25:12:     resp = self.send(prep, **send_kwargs)
2026-07-31T20:25:12:   File "/Users/aicommander/CascadeProjects/toolcalc/scripts/seo/.venv/lib/python3.9/site-packages/requests/sessions.py", line 703, in send
2026-07-31T20:25:12:     r = adapter.send(request, **kwargs)
2026-07-31T20:25:12:   File "/Users/aicommander/CascadeProjects/toolcalc/scripts/seo/.venv/lib/python3.9/site-packages/requests/adapters.py", line 690, in send
2026-07-31T20:25:12:     raise ReadTimeout(e, request=request)
2026-07-31T20:25:12: requests.exceptions.ReadTimeout: HTTPSConnectionPool(host='api.telegram.org', port=443): Read timed out. (read timeout=25)
2026-07-31T20:25:12: "
2026-07-31T21:46:10: 2026-07-31 21:46:10,103 (__init__.py:1115 MainThread) ERROR - TeleBot: "Infinity polling exception: ('Connection aborted.', ConnectionResetError(54, 'Connection reset by peer'))"
2026-07-31T21:46:10: 2026-07-31 21:46:10,107 (__init__.py:1117 MainThread) ERROR - TeleBot: "Exception traceback:
2026-07-31T21:46:10: Traceback (most recent call last):
2026-07-31T21:46:10:   File "/Users/aicommander/CascadeProjects/toolcalc/scripts/seo/.venv/lib/python3.9/site-packages/urllib3/connectionpool.py", line 787, in urlopen
2026-07-31T21:46:10:     response = self._make_request(
2026-07-31T21:46:10:   File "/Users/aicommander/CascadeProjects/toolcalc/scripts/seo/.venv/lib/python3.9/site-packages/urllib3/connectionpool.py", line 488, in _make_request
2026-07-31T21:46:10:     raise new_e
2026-07-31T21:46:10:   File "/Users/aicommander/CascadeProjects/toolcalc/scripts/seo/.venv/lib/python3.9/site-packages/urllib3/connectionpool.py", line 464, in _make_request
2026-07-31T21:46:10:     self._validate_conn(conn)
2026-07-31T21:46:10:   File "/Users/aicommander/CascadeProjects/toolcalc/scripts/seo/.venv/lib/python3.9/site-packages/urllib3/connectionpool.py", line 1093, in _validate_conn
2026-07-31T21:46:10:     conn.connect()
2026-07-31T21:46:10:   File "/Users/aicommander/CascadeProjects/toolcalc/scripts/seo/.venv/lib/python3.9/site-packages/urllib3/connection.py", line 796, in connect
2026-07-31T21:46:10:     sock_and_verified = _ssl_wrap_socket_and_match_hostname(
2026-07-31T21:46:10:   File "/Users/aicommander/CascadeProjects/toolcalc/scripts/seo/.venv/lib/python3.9/site-packages/urllib3/connection.py", line 975, in _ssl_wrap_socket_and_match_hostname
2026-07-31T21:46:10:     ssl_sock = ssl_wrap_socket(
2026-07-31T21:46:10:   File "/Users/aicommander/CascadeProjects/toolcalc/scripts/seo/.venv/lib/python3.9/site-packages/urllib3/util/ssl_.py", line 483, in ssl_wrap_socket
2026-07-31T21:46:10:     ssl_sock = _ssl_wrap_socket_impl(sock, context, tls_in_tls, server_hostname)
2026-07-31T21:46:10:   File "/Users/aicommander/CascadeProjects/toolcalc/scripts/seo/.venv/lib/python3.9/site-packages/urllib3/util/ssl_.py", line 527, in _ssl_wrap_socket_impl
2026-07-31T21:46:10:     return ssl_context.wrap_socket(sock, server_hostname=server_hostname)
2026-07-31T21:46:10:   File "/Library/Developer/CommandLineTools/Library/Frameworks/Python3.framework/Versions/3.9/lib/python3.9/ssl.py", line 500, in wrap_socket
2026-07-31T21:46:10:     return self.sslsocket_class._create(
2026-07-31T21:46:10:   File "/Library/Developer/CommandLineTools/Library/Frameworks/Python3.framework/Versions/3.9/lib/python3.9/ssl.py", line 1040, in _create
2026-07-31T21:46:10:     self.do_handshake()
2026-07-31T21:46:10:   File "/Library/Developer/CommandLineTools/Library/Frameworks/Python3.framework/Versions/3.9/lib/python3.9/ssl.py", line 1309, in do_handshake
2026-07-31T21:46:10:     self._sslobj.do_handshake()
2026-07-31T21:46:10: ConnectionResetError: [Errno 54] Connection reset by peer
2026-07-31T21:46:10: 
2026-07-31T21:46:10: During handling of the above exception, another exception occurred:
2026-07-31T21:46:10: 
2026-07-31T21:46:10: Traceback (most recent call last):
2026-07-31T21:46:10:   File "/Users/aicommander/CascadeProjects/toolcalc/scripts/seo/.venv/lib/python3.9/site-packages/requests/adapters.py", line 644, in send
2026-07-31T21:46:10:     resp = conn.urlopen(
2026-07-31T21:46:10:   File "/Users/aicommander/CascadeProjects/toolcalc/scripts/seo/.venv/lib/python3.9/site-packages/urllib3/connectionpool.py", line 841, in urlopen
2026-07-31T21:46:10:     retries = retries.increment(
2026-07-31T21:46:10:   File "/Users/aicommander/CascadeProjects/toolcalc/scripts/seo/.venv/lib/python3.9/site-packages/urllib3/util/retry.py", line 490, in increment
2026-07-31T21:46:10:     raise reraise(type(error), error, _stacktrace)
2026-07-31T21:46:10:   File "/Users/aicommander/CascadeProjects/toolcalc/scripts/seo/.venv/lib/python3.9/site-packages/urllib3/util/util.py", line 38, in reraise
2026-07-31T21:46:10:     raise value.with_traceback(tb)
2026-07-31T21:46:10:   File "/Users/aicommander/CascadeProjects/toolcalc/scripts/seo/.venv/lib/python3.9/site-packages/urllib3/connectionpool.py", line 787, in urlopen
2026-07-31T21:46:10:     response = self._make_request(
2026-07-31T21:46:10:   File "/Users/aicommander/CascadeProjects/toolcalc/scripts/seo/.venv/lib/python3.9/site-packages/urllib3/connectionpool.py", line 488, in _make_request
2026-07-31T21:46:10:     raise new_e
2026-07-31T21:46:10:   File "/Users/aicommander/CascadeProjects/toolcalc/scripts/seo/.venv/lib/python3.9/site-packages/urllib3/connectionpool.py", line 464, in _make_request
2026-07-31T21:46:10:     self._validate_conn(conn)
2026-07-31T21:46:10:   File "/Users/aicommander/CascadeProjects/toolcalc/scripts/seo/.venv/lib/python3.9/site-packages/urllib3/connectionpool.py", line 1093, in _validate_conn
2026-07-31T21:46:10:     conn.connect()
2026-07-31T21:46:10:   File "/Users/aicommander/CascadeProjects/toolcalc/scripts/seo/.venv/lib/python3.9/site-packages/urllib3/connection.py", line 796, in connect
2026-07-31T21:46:10:     sock_and_verified = _ssl_wrap_socket_and_match_hostname(
2026-07-31T21:46:10:   File "/Users/aicommander/CascadeProjects/toolcalc/scripts/seo/.venv/lib/python3.9/site-packages/urllib3/connection.py", line 975, in _ssl_wrap_socket_and_match_hostname
2026-07-31T21:46:10:     ssl_sock = ssl_wrap_socket(
2026-07-31T21:46:10:   File "/Users/aicommander/CascadeProjects/toolcalc/scripts/seo/.venv/lib/python3.9/site-packages/urllib3/util/ssl_.py", line 483, in ssl_wrap_socket
2026-07-31T21:46:10:     ssl_sock = _ssl_wrap_socket_impl(sock, context, tls_in_tls, server_hostname)
2026-07-31T21:46:10:   File "/Users/aicommander/CascadeProjects/toolcalc/scripts/seo/.venv/lib/python3.9/site-packages/urllib3/util/ssl_.py", line 527, in _ssl_wrap_socket_impl
2026-07-31T21:46:10:     return ssl_context.wrap_socket(sock, server_hostname=server_hostname)
2026-07-31T21:46:10:   File "/Library/Developer/CommandLineTools/Library/Frameworks/Python3.framework/Versions/3.9/lib/python3.9/ssl.py", line 500, in wrap_socket
2026-07-31T21:46:10:     return self.sslsocket_class._create(
2026-07-31T21:46:10:   File "/Library/Developer/CommandLineTools/Library/Frameworks/Python3.framework/Versions/3.9/lib/python3.9/ssl.py", line 1040, in _create
2026-07-31T21:46:10:     self.do_handshake()
2026-07-31T21:46:10:   File "/Library/Developer/CommandLineTools/Library/Frameworks/Python3.framework/Versions/3.9/lib/python3.9/ssl.py", line 1309, in do_handshake
2026-07-31T21:46:10:     self._sslobj.do_handshake()
2026-07-31T21:46:10: urllib3.exceptions.ProtocolError: ('Connection aborted.', ConnectionResetError(54, 'Connection reset by peer'))
2026-07-31T21:46:10: 
2026-07-31T21:46:10: During handling of the above exception, another exception occurred:
2026-07-31T21:46:10: 
2026-07-31T21:46:10: Traceback (most recent call last):
2026-07-31T21:46:10:   File "/Users/aicommander/CascadeProjects/toolcalc/scripts/seo/.venv/lib/python3.9/site-packages/telebot/__init__.py", line 1110, in infinity_polling
2026-07-31T21:46:10:     self.polling(non_stop=True, timeout=timeout, long_polling_timeout=long_polling_timeout,
2026-07-31T21:46:10:   File "/Users/aicommander/CascadeProjects/toolcalc/scripts/seo/.venv/lib/python3.9/site-packages/telebot/__init__.py", line 1198, in polling
2026-07-31T21:46:10:     self.__threaded_polling(non_stop=non_stop, interval=interval, timeout=timeout, long_polling_timeout=long_polling_timeout,
2026-07-31T21:46:10:   File "/Users/aicommander/CascadeProjects/toolcalc/scripts/seo/.venv/lib/python3.9/site-packages/telebot/__init__.py", line 1273, in __threaded_polling
2026-07-31T21:46:10:     raise e
2026-07-31T21:46:10:   File "/Users/aicommander/CascadeProjects/toolcalc/scripts/seo/.venv/lib/python3.9/site-packages/telebot/__init__.py", line 1234, in __threaded_polling
2026-07-31T21:46:10:     polling_thread.raise_exceptions()
2026-07-31T21:46:10:   File "/Users/aicommander/CascadeProjects/toolcalc/scripts/seo/.venv/lib/python3.9/site-packages/telebot/util.py", line 115, in raise_exceptions
2026-07-31T21:46:10:     raise self.exception_info
2026-07-31T21:46:10:   File "/Users/aicommander/CascadeProjects/toolcalc/scripts/seo/.venv/lib/python3.9/site-packages/telebot/util.py", line 97, in run
2026-07-31T21:46:10:     task(*args, **kwargs)
2026-07-31T21:46:10:   File "/Users/aicommander/CascadeProjects/toolcalc/scripts/seo/.venv/lib/python3.9/site-packages/telebot/__init__.py", line 688, in __retrieve_updates
2026-07-31T21:46:10:     updates = self.get_updates(offset=(self.last_update_id + 1),
2026-07-31T21:46:10:   File "/Users/aicommander/CascadeProjects/toolcalc/scripts/seo/.venv/lib/python3.9/site-packages/telebot/__init__.py", line 660, in get_updates
2026-07-31T21:46:10:     json_updates = apihelper.get_updates(
2026-07-31T21:46:10:   File "/Users/aicommander/CascadeProjects/toolcalc/scripts/seo/.venv/lib/python3.9/site-packages/telebot/apihelper.py", line 339, in get_updates
2026-07-31T21:46:10:     return _make_request(token, method_url, params=payload)
2026-07-31T21:46:10:   File "/Users/aicommander/CascadeProjects/toolcalc/scripts/seo/.venv/lib/python3.9/site-packages/telebot/apihelper.py", line 162, in _make_request
2026-07-31T21:46:10:     result = _get_req_session().request(
2026-07-31T21:46:10:   File "/Users/aicommander/CascadeProjects/toolcalc/scripts/seo/.venv/lib/python3.9/site-packages/requests/sessions.py", line 589, in request
2026-07-31T21:46:10:     resp = self.send(prep, **send_kwargs)
2026-07-31T21:46:10:   File "/Users/aicommander/CascadeProjects/toolcalc/scripts/seo/.venv/lib/python3.9/site-packages/requests/sessions.py", line 703, in send
2026-07-31T21:46:10:     r = adapter.send(request, **kwargs)
2026-07-31T21:46:10:   File "/Users/aicommander/CascadeProjects/toolcalc/scripts/seo/.venv/lib/python3.9/site-packages/requests/adapters.py", line 659, in send
2026-07-31T21:46:10:     raise ConnectionError(err, request=request)
2026-07-31T21:46:10: requests.exceptions.ConnectionError: ('Connection aborted.', ConnectionResetError(54, 'Connection reset by peer'))
2026-07-31T21:46:10: "
2026-08-01T03:01:04: 2026-08-01 03:01:04,383 (__init__.py:1115 MainThread) ERROR - TeleBot: "Infinity polling exception: HTTPSConnectionPool(host='api.telegram.org', port=443): Read timed out. (read timeout=25)"
2026-08-01T03:01:04: 2026-08-01 03:01:04,387 (__init__.py:1117 MainThread) ERROR - TeleBot: "Exception traceback:
2026-08-01T03:01:04: Traceback (most recent call last):
2026-08-01T03:01:04:   File "/Users/aicommander/CascadeProjects/toolcalc/scripts/seo/.venv/lib/python3.9/site-packages/urllib3/connectionpool.py", line 534, in _make_request
2026-08-01T03:01:04:     response = conn.getresponse()
2026-08-01T03:01:04:   File "/Users/aicommander/CascadeProjects/toolcalc/scripts/seo/.venv/lib/python3.9/site-packages/urllib3/connection.py", line 571, in getresponse
2026-08-01T03:01:04:     httplib_response = super().getresponse()
2026-08-01T03:01:04:   File "/Library/Developer/CommandLineTools/Library/Frameworks/Python3.framework/Versions/3.9/lib/python3.9/http/client.py", line 1349, in getresponse
2026-08-01T03:01:04:     response.begin()
2026-08-01T03:01:04:   File "/Library/Developer/CommandLineTools/Library/Frameworks/Python3.framework/Versions/3.9/lib/python3.9/http/client.py", line 316, in begin
2026-08-01T03:01:04:     version, status, reason = self._read_status()
2026-08-01T03:01:04:   File "/Library/Developer/CommandLineTools/Library/Frameworks/Python3.framework/Versions/3.9/lib/python3.9/http/client.py", line 277, in _read_status
2026-08-01T03:01:04:     line = str(self.fp.readline(_MAXLINE + 1), "iso-8859-1")
2026-08-01T03:01:04:   File "/Library/Developer/CommandLineTools/Library/Frameworks/Python3.framework/Versions/3.9/lib/python3.9/socket.py", line 704, in readinto
2026-08-01T03:01:04:     return self._sock.recv_into(b)
2026-08-01T03:01:04:   File "/Library/Developer/CommandLineTools/Library/Frameworks/Python3.framework/Versions/3.9/lib/python3.9/ssl.py", line 1241, in recv_into
2026-08-01T03:01:04:     return self.read(nbytes, buffer)
2026-08-01T03:01:04:   File "/Library/Developer/CommandLineTools/Library/Frameworks/Python3.framework/Versions/3.9/lib/python3.9/ssl.py", line 1099, in read
2026-08-01T03:01:04:     return self._sslobj.read(len, buffer)
2026-08-01T03:01:04: socket.timeout: The read operation timed out
2026-08-01T03:01:04: 
2026-08-01T03:01:04: The above exception was the direct cause of the following exception:
2026-08-01T03:01:04: 
2026-08-01T03:01:04: Traceback (most recent call last):
2026-08-01T03:01:04:   File "/Users/aicommander/CascadeProjects/toolcalc/scripts/seo/.venv/lib/python3.9/site-packages/requests/adapters.py", line 644, in send
2026-08-01T03:01:04:     resp = conn.urlopen(
2026-08-01T03:01:04:   File "/Users/aicommander/CascadeProjects/toolcalc/scripts/seo/.venv/lib/python3.9/site-packages/urllib3/connectionpool.py", line 841, in urlopen
2026-08-01T03:01:04:     retries = retries.increment(
2026-08-01T03:01:04:   File "/Users/aicommander/CascadeProjects/toolcalc/scripts/seo/.venv/lib/python3.9/site-packages/urllib3/util/retry.py", line 490, in increment
2026-08-01T03:01:04:     raise reraise(type(error), error, _stacktrace)
2026-08-01T03:01:04:   File "/Users/aicommander/CascadeProjects/toolcalc/scripts/seo/.venv/lib/python3.9/site-packages/urllib3/util/util.py", line 39, in reraise
2026-08-01T03:01:04:     raise value
2026-08-01T03:01:04:   File "/Users/aicommander/CascadeProjects/toolcalc/scripts/seo/.venv/lib/python3.9/site-packages/urllib3/connectionpool.py", line 787, in urlopen
2026-08-01T03:01:04:     response = self._make_request(
2026-08-01T03:01:04:   File "/Users/aicommander/CascadeProjects/toolcalc/scripts/seo/.venv/lib/python3.9/site-packages/urllib3/connectionpool.py", line 536, in _make_request
2026-08-01T03:01:04:     self._raise_timeout(err=e, url=url, timeout_value=read_timeout)
2026-08-01T03:01:04:   File "/Users/aicommander/CascadeProjects/toolcalc/scripts/seo/.venv/lib/python3.9/site-packages/urllib3/connectionpool.py", line 367, in _raise_timeout
2026-08-01T03:01:04:     raise ReadTimeoutError(
2026-08-01T03:01:04: urllib3.exceptions.ReadTimeoutError: HTTPSConnectionPool(host='api.telegram.org', port=443): Read timed out. (read timeout=25)
2026-08-01T03:01:04: 
2026-08-01T03:01:04: During handling of the above exception, another exception occurred:
2026-08-01T03:01:04: 
2026-08-01T03:01:04: Traceback (most recent call last):
2026-08-01T03:01:04:   File "/Users/aicommander/CascadeProjects/toolcalc/scripts/seo/.venv/lib/python3.9/site-packages/telebot/__init__.py", line 1110, in infinity_polling
2026-08-01T03:01:04:     self.polling(non_stop=True, timeout=timeout, long_polling_timeout=long_polling_timeout,
2026-08-01T03:01:04:   File "/Users/aicommander/CascadeProjects/toolcalc/scripts/seo/.venv/lib/python3.9/site-packages/telebot/__init__.py", line 1198, in polling
2026-08-01T03:01:04:     self.__threaded_polling(non_stop=non_stop, interval=interval, timeout=timeout, long_polling_timeout=long_polling_timeout,
2026-08-01T03:01:04:   File "/Users/aicommander/CascadeProjects/toolcalc/scripts/seo/.venv/lib/python3.9/site-packages/telebot/__init__.py", line 1273, in __threaded_polling
2026-08-01T03:01:04:     raise e
2026-08-01T03:01:04:   File "/Users/aicommander/CascadeProjects/toolcalc/scripts/seo/.venv/lib/python3.9/site-packages/telebot/__init__.py", line 1234, in __threaded_polling
2026-08-01T03:01:04:     polling_thread.raise_exceptions()
2026-08-01T03:01:04:   File "/Users/aicommander/CascadeProjects/toolcalc/scripts/seo/.venv/lib/python3.9/site-packages/telebot/util.py", line 115, in raise_exceptions
2026-08-01T03:01:04:     raise self.exception_info
2026-08-01T03:01:04:   File "/Users/aicommander/CascadeProjects/toolcalc/scripts/seo/.venv/lib/python3.9/site-packages/telebot/util.py", line 97, in run
2026-08-01T03:01:04:     task(*args, **kwargs)
2026-08-01T03:01:04:   File "/Users/aicommander/CascadeProjects/toolcalc/scripts/seo/.venv/lib/python3.9/site-packages/telebot/__init__.py", line 688, in __retrieve_updates
2026-08-01T03:01:04:     updates = self.get_updates(offset=(self.last_update_id + 1),
2026-08-01T03:01:04:   File "/Users/aicommander/CascadeProjects/toolcalc/scripts/seo/.venv/lib/python3.9/site-packages/telebot/__init__.py", line 660, in get_updates
2026-08-01T03:01:04:     json_updates = apihelper.get_updates(
2026-08-01T03:01:04:   File "/Users/aicommander/CascadeProjects/toolcalc/scripts/seo/.venv/lib/python3.9/site-packages/telebot/apihelper.py", line 339, in get_updates
2026-08-01T03:01:04:     return _make_request(token, method_url, params=payload)
2026-08-01T03:01:04:   File "/Users/aicommander/CascadeProjects/toolcalc/scripts/seo/.venv/lib/python3.9/site-packages/telebot/apihelper.py", line 162, in _make_request
2026-08-01T03:01:04:     result = _get_req_session().request(
2026-08-01T03:01:04:   File "/Users/aicommander/CascadeProjects/toolcalc/scripts/seo/.venv/lib/python3.9/site-packages/requests/sessions.py", line 589, in request
2026-08-01T03:01:04:     resp = self.send(prep, **send_kwargs)
2026-08-01T03:01:04:   File "/Users/aicommander/CascadeProjects/toolcalc/scripts/seo/.venv/lib/python3.9/site-packages/requests/sessions.py", line 703, in send
2026-08-01T03:01:04:     r = adapter.send(request, **kwargs)
2026-08-01T03:01:04:   File "/Users/aicommander/CascadeProjects/toolcalc/scripts/seo/.venv/lib/python3.9/site-packages/requests/adapters.py", line 690, in send
2026-08-01T03:01:04:     raise ReadTimeout(e, request=request)
2026-08-01T03:01:04: requests.exceptions.ReadTimeout: HTTPSConnectionPool(host='api.telegram.org', port=443): Read timed out. (read timeout=25)
2026-08-01T03:01:04: "
2026-08-01T03:01:27: 2026-08-01 03:01:27,454 (__init__.py:1115 MainThread) ERROR - TeleBot: "Infinity polling exception: HTTPSConnectionPool(host='api.telegram.org', port=443): Max retries exceeded with url: /bot8903604110:***********************************/getUpdates?offset=550404780&timeout=20 (Caused by ConnectTimeoutError(<HTTPSConnection(host='api.telegram.org', port=443) at 0x10acaaaf0>, 'Connection to api.telegram.org timed out. (connect timeout=20)'))"
2026-08-01T03:01:27: 2026-08-01 03:01:27,455 (__init__.py:1117 MainThread) ERROR - TeleBot: "Exception traceback:
2026-08-01T03:01:27: Traceback (most recent call last):
2026-08-01T03:01:27:   File "/Users/aicommander/CascadeProjects/toolcalc/scripts/seo/.venv/lib/python3.9/site-packages/urllib3/connection.py", line 204, in _new_conn
2026-08-01T03:01:27:     sock = connection.create_connection(
2026-08-01T03:01:27:   File "/Users/aicommander/CascadeProjects/toolcalc/scripts/seo/.venv/lib/python3.9/site-packages/urllib3/util/connection.py", line 85, in create_connection
2026-08-01T03:01:27:     raise err
2026-08-01T03:01:27:   File "/Users/aicommander/CascadeProjects/toolcalc/scripts/seo/.venv/lib/python3.9/site-packages/urllib3/util/connection.py", line 73, in create_connection
2026-08-01T03:01:27:     sock.connect(sa)
2026-08-01T03:01:27: socket.timeout: timed out
2026-08-01T03:01:27: 
2026-08-01T03:01:27: The above exception was the direct cause of the following exception:
2026-08-01T03:01:27: 
2026-08-01T03:01:27: Traceback (most recent call last):
2026-08-01T03:01:27:   File "/Users/aicommander/CascadeProjects/toolcalc/scripts/seo/.venv/lib/python3.9/site-packages/urllib3/connectionpool.py", line 787, in urlopen
2026-08-01T03:01:27:     response = self._make_request(
2026-08-01T03:01:27:   File "/Users/aicommander/CascadeProjects/toolcalc/scripts/seo/.venv/lib/python3.9/site-packages/urllib3/connectionpool.py", line 488, in _make_request
2026-08-01T03:01:27:     raise new_e
2026-08-01T03:01:27:   File "/Users/aicommander/CascadeProjects/toolcalc/scripts/seo/.venv/lib/python3.9/site-packages/urllib3/connectionpool.py", line 464, in _make_request
2026-08-01T03:01:27:     self._validate_conn(conn)
2026-08-01T03:01:27:   File "/Users/aicommander/CascadeProjects/toolcalc/scripts/seo/.venv/lib/python3.9/site-packages/urllib3/connectionpool.py", line 1093, in _validate_conn
2026-08-01T03:01:27:     conn.connect()
2026-08-01T03:01:27:   File "/Users/aicommander/CascadeProjects/toolcalc/scripts/seo/.venv/lib/python3.9/site-packages/urllib3/connection.py", line 759, in connect
2026-08-01T03:01:27:     self.sock = sock = self._new_conn()
2026-08-01T03:01:27:   File "/Users/aicommander/CascadeProjects/toolcalc/scripts/seo/.venv/lib/python3.9/site-packages/urllib3/connection.py", line 213, in _new_conn
2026-08-01T03:01:27:     raise ConnectTimeoutError(
2026-08-01T03:01:27: urllib3.exceptions.ConnectTimeoutError: (<HTTPSConnection(host='api.telegram.org', port=443) at 0x10acaaaf0>, 'Connection to api.telegram.org timed out. (connect timeout=20)')
2026-08-01T03:01:27: 
2026-08-01T03:01:27: The above exception was the direct cause of the following exception:
2026-08-01T03:01:27: 
2026-08-01T03:01:27: Traceback (most recent call last):
2026-08-01T03:01:27:   File "/Users/aicommander/CascadeProjects/toolcalc/scripts/seo/.venv/lib/python3.9/site-packages/requests/adapters.py", line 644, in send
2026-08-01T03:01:27:     resp = conn.urlopen(
2026-08-01T03:01:27:   File "/Users/aicommander/CascadeProjects/toolcalc/scripts/seo/.venv/lib/python3.9/site-packages/urllib3/connectionpool.py", line 841, in urlopen
2026-08-01T03:01:27:     retries = retries.increment(
2026-08-01T03:01:27:   File "/Users/aicommander/CascadeProjects/toolcalc/scripts/seo/.venv/lib/python3.9/site-packages/urllib3/util/retry.py", line 535, in increment
2026-08-01T03:01:27:     raise MaxRetryError(_pool, url, reason) from reason  # type: ignore[arg-type]
2026-08-01T03:01:27: urllib3.exceptions.MaxRetryError: HTTPSConnectionPool(host='api.telegram.org', port=443): Max retries exceeded with url: /bot8903604110:***********************************/getUpdates?offset=550404780&timeout=20 (Caused by ConnectTimeoutError(<HTTPSConnection(host='api.telegram.org', port=443) at 0x10acaaaf0>, 'Connection to api.telegram.org timed out. (connect timeout=20)'))
2026-08-01T03:01:27: 
2026-08-01T03:01:27: During handling of the above exception, another exception occurred:
2026-08-01T03:01:27: 
2026-08-01T03:01:27: Traceback (most recent call last):
2026-08-01T03:01:27:   File "/Users/aicommander/CascadeProjects/toolcalc/scripts/seo/.venv/lib/python3.9/site-packages/telebot/__init__.py", line 1110, in infinity_polling
2026-08-01T03:01:27:     self.polling(non_stop=True, timeout=timeout, long_polling_timeout=long_polling_timeout,
2026-08-01T03:01:27:   File "/Users/aicommander/CascadeProjects/toolcalc/scripts/seo/.venv/lib/python3.9/site-packages/telebot/__init__.py", line 1198, in polling
2026-08-01T03:01:27:     self.__threaded_polling(non_stop=non_stop, interval=interval, timeout=timeout, long_polling_timeout=long_polling_timeout,
2026-08-01T03:01:27:   File "/Users/aicommander/CascadeProjects/toolcalc/scripts/seo/.venv/lib/python3.9/site-packages/telebot/__init__.py", line 1273, in __threaded_polling
2026-08-01T03:01:27:     raise e
2026-08-01T03:01:27:   File "/Users/aicommander/CascadeProjects/toolcalc/scripts/seo/.venv/lib/python3.9/site-packages/telebot/__init__.py", line 1234, in __threaded_polling
2026-08-01T03:01:27:     polling_thread.raise_exceptions()
2026-08-01T03:01:27:   File "/Users/aicommander/CascadeProjects/toolcalc/scripts/seo/.venv/lib/python3.9/site-packages/telebot/util.py", line 115, in raise_exceptions
2026-08-01T03:01:27:     raise self.exception_info
2026-08-01T03:01:27:   File "/Users/aicommander/CascadeProjects/toolcalc/scripts/seo/.venv/lib/python3.9/site-packages/telebot/util.py", line 97, in run
2026-08-01T03:01:27:     task(*args, **kwargs)
2026-08-01T03:01:27:   File "/Users/aicommander/CascadeProjects/toolcalc/scripts/seo/.venv/lib/python3.9/site-packages/telebot/__init__.py", line 688, in __retrieve_updates
2026-08-01T03:01:27:     updates = self.get_updates(offset=(self.last_update_id + 1),
2026-08-01T03:01:27:   File "/Users/aicommander/CascadeProjects/toolcalc/scripts/seo/.venv/lib/python3.9/site-packages/telebot/__init__.py", line 660, in get_updates
2026-08-01T03:01:27:     json_updates = apihelper.get_updates(
2026-08-01T03:01:27:   File "/Users/aicommander/CascadeProjects/toolcalc/scripts/seo/.venv/lib/python3.9/site-packages/telebot/apihelper.py", line 339, in get_updates
2026-08-01T03:01:27:     return _make_request(token, method_url, params=payload)
2026-08-01T03:01:27:   File "/Users/aicommander/CascadeProjects/toolcalc/scripts/seo/.venv/lib/python3.9/site-packages/telebot/apihelper.py", line 162, in _make_request
2026-08-01T03:01:27:     result = _get_req_session().request(
2026-08-01T03:01:27:   File "/Users/aicommander/CascadeProjects/toolcalc/scripts/seo/.venv/lib/python3.9/site-packages/requests/sessions.py", line 589, in request
2026-08-01T03:01:27:     resp = self.send(prep, **send_kwargs)
2026-08-01T03:01:27:   File "/Users/aicommander/CascadeProjects/toolcalc/scripts/seo/.venv/lib/python3.9/site-packages/requests/sessions.py", line 703, in send
2026-08-01T03:01:27:     r = adapter.send(request, **kwargs)
2026-08-01T03:01:27:   File "/Users/aicommander/CascadeProjects/toolcalc/scripts/seo/.venv/lib/python3.9/site-packages/requests/adapters.py", line 665, in send
2026-08-01T03:01:27:     raise ConnectTimeout(e, request=request)
2026-08-01T03:01:27: requests.exceptions.ConnectTimeout: HTTPSConnectionPool(host='api.telegram.org', port=443): Max retries exceeded with url: /bot8903604110:***********************************/getUpdates?offset=550404780&timeout=20 (Caused by ConnectTimeoutError(<HTTPSConnection(host='api.telegram.org', port=443) at 0x10acaaaf0>, 'Connection to api.telegram.org timed out. (connect timeout=20)'))
2026-08-01T03:01:27: "
2026-08-01T03:01:50: 2026-08-01 03:01:50,542 (__init__.py:1115 MainThread) ERROR - TeleBot: "Infinity polling exception: HTTPSConnectionPool(host='api.telegram.org', port=443): Max retries exceeded with url: /bot8903604110:***********************************/getUpdates?offset=550404780&timeout=20 (Caused by ConnectTimeoutError(<HTTPSConnection(host='api.telegram.org', port=443) at 0x10acaa700>, 'Connection to api.telegram.org timed out. (connect timeout=20)'))"
2026-08-01T03:01:50: 2026-08-01 03:01:50,543 (__init__.py:1117 MainThread) ERROR - TeleBot: "Exception traceback:
2026-08-01T03:01:50: Traceback (most recent call last):
2026-08-01T03:01:50:   File "/Users/aicommander/CascadeProjects/toolcalc/scripts/seo/.venv/lib/python3.9/site-packages/urllib3/connection.py", line 204, in _new_conn
2026-08-01T03:01:50:     sock = connection.create_connection(
2026-08-01T03:01:50:   File "/Users/aicommander/CascadeProjects/toolcalc/scripts/seo/.venv/lib/python3.9/site-packages/urllib3/util/connection.py", line 85, in create_connection
2026-08-01T03:01:50:     raise err
2026-08-01T03:01:50:   File "/Users/aicommander/CascadeProjects/toolcalc/scripts/seo/.venv/lib/python3.9/site-packages/urllib3/util/connection.py", line 73, in create_connection
2026-08-01T03:01:50:     sock.connect(sa)
2026-08-01T03:01:50: socket.timeout: timed out
2026-08-01T03:01:50: 
2026-08-01T03:01:50: The above exception was the direct cause of the following exception:
2026-08-01T03:01:50: 
2026-08-01T03:01:50: Traceback (most recent call last):
2026-08-01T03:01:50:   File "/Users/aicommander/CascadeProjects/toolcalc/scripts/seo/.venv/lib/python3.9/site-packages/urllib3/connectionpool.py", line 787, in urlopen
2026-08-01T03:01:50:     response = self._make_request(
2026-08-01T03:01:50:   File "/Users/aicommander/CascadeProjects/toolcalc/scripts/seo/.venv/lib/python3.9/site-packages/urllib3/connectionpool.py", line 488, in _make_request
2026-08-01T03:01:50:     raise new_e
2026-08-01T03:01:50:   File "/Users/aicommander/CascadeProjects/toolcalc/scripts/seo/.venv/lib/python3.9/site-packages/urllib3/connectionpool.py", line 464, in _make_request
2026-08-01T03:01:50:     self._validate_conn(conn)
2026-08-01T03:01:50:   File "/Users/aicommander/CascadeProjects/toolcalc/scripts/seo/.venv/lib/python3.9/site-packages/urllib3/connectionpool.py", line 1093, in _validate_conn
2026-08-01T03:01:50:     conn.connect()
2026-08-01T03:01:50:   File "/Users/aicommander/CascadeProjects/toolcalc/scripts/seo/.venv/lib/python3.9/site-packages/urllib3/connection.py", line 759, in connect
2026-08-01T03:01:50:     self.sock = sock = self._new_conn()
2026-08-01T03:01:50:   File "/Users/aicommander/CascadeProjects/toolcalc/scripts/seo/.venv/lib/python3.9/site-packages/urllib3/connection.py", line 213, in _new_conn
2026-08-01T03:01:50:     raise ConnectTimeoutError(
2026-08-01T03:01:50: urllib3.exceptions.ConnectTimeoutError: (<HTTPSConnection(host='api.telegram.org', port=443) at 0x10acaa700>, 'Connection to api.telegram.org timed out. (connect timeout=20)')
2026-08-01T03:01:50: 
2026-08-01T03:01:50: The above exception was the direct cause of the following exception:
2026-08-01T03:01:50: 
2026-08-01T03:01:50: Traceback (most recent call last):
2026-08-01T03:01:50:   File "/Users/aicommander/CascadeProjects/toolcalc/scripts/seo/.venv/lib/python3.9/site-packages/requests/adapters.py", line 644, in send
2026-08-01T03:01:50:     resp = conn.urlopen(
2026-08-01T03:01:50:   File "/Users/aicommander/CascadeProjects/toolcalc/scripts/seo/.venv/lib/python3.9/site-packages/urllib3/connectionpool.py", line 841, in urlopen
2026-08-01T03:01:50:     retries = retries.increment(
2026-08-01T03:01:50:   File "/Users/aicommander/CascadeProjects/toolcalc/scripts/seo/.venv/lib/python3.9/site-packages/urllib3/util/retry.py", line 535, in increment
2026-08-01T03:01:50:     raise MaxRetryError(_pool, url, reason) from reason  # type: ignore[arg-type]
2026-08-01T03:01:50: urllib3.exceptions.MaxRetryError: HTTPSConnectionPool(host='api.telegram.org', port=443): Max retries exceeded with url: /bot8903604110:***********************************/getUpdates?offset=550404780&timeout=20 (Caused by ConnectTimeoutError(<HTTPSConnection(host='api.telegram.org', port=443) at 0x10acaa700>, 'Connection to api.telegram.org timed out. (connect timeout=20)'))
2026-08-01T03:01:50: 
2026-08-01T03:01:50: During handling of the above exception, another exception occurred:
2026-08-01T03:01:50: 
2026-08-01T03:01:50: Traceback (most recent call last):
2026-08-01T03:01:50:   File "/Users/aicommander/CascadeProjects/toolcalc/scripts/seo/.venv/lib/python3.9/site-packages/telebot/__init__.py", line 1110, in infinity_polling
2026-08-01T03:01:50:     self.polling(non_stop=True, timeout=timeout, long_polling_timeout=long_polling_timeout,
2026-08-01T03:01:50:   File "/Users/aicommander/CascadeProjects/toolcalc/scripts/seo/.venv/lib/python3.9/site-packages/telebot/__init__.py", line 1198, in polling
2026-08-01T03:01:50:     self.__threaded_polling(non_stop=non_stop, interval=interval, timeout=timeout, long_polling_timeout=long_polling_timeout,
2026-08-01T03:01:50:   File "/Users/aicommander/CascadeProjects/toolcalc/scripts/seo/.venv/lib/python3.9/site-packages/telebot/__init__.py", line 1273, in __threaded_polling
2026-08-01T03:01:50:     raise e
2026-08-01T03:01:50:   File "/Users/aicommander/CascadeProjects/toolcalc/scripts/seo/.venv/lib/python3.9/site-packages/telebot/__init__.py", line 1234, in __threaded_polling
2026-08-01T03:01:50:     polling_thread.raise_exceptions()
2026-08-01T03:01:50:   File "/Users/aicommander/CascadeProjects/toolcalc/scripts/seo/.venv/lib/python3.9/site-packages/telebot/util.py", line 115, in raise_exceptions
2026-08-01T03:01:50:     raise self.exception_info
2026-08-01T03:01:50:   File "/Users/aicommander/CascadeProjects/toolcalc/scripts/seo/.venv/lib/python3.9/site-packages/telebot/util.py", line 97, in run
2026-08-01T03:01:50:     task(*args, **kwargs)
2026-08-01T03:01:50:   File "/Users/aicommander/CascadeProjects/toolcalc/scripts/seo/.venv/lib/python3.9/site-packages/telebot/__init__.py", line 688, in __retrieve_updates
2026-08-01T03:01:50:     updates = self.get_updates(offset=(self.last_update_id + 1),
2026-08-01T03:01:50:   File "/Users/aicommander/CascadeProjects/toolcalc/scripts/seo/.venv/lib/python3.9/site-packages/telebot/__init__.py", line 660, in get_updates
2026-08-01T03:01:50:     json_updates = apihelper.get_updates(
2026-08-01T03:01:50:   File "/Users/aicommander/CascadeProjects/toolcalc/scripts/seo/.venv/lib/python3.9/site-packages/telebot/apihelper.py", line 339, in get_updates
2026-08-01T03:01:50:     return _make_request(token, method_url, params=payload)
2026-08-01T03:01:50:   File "/Users/aicommander/CascadeProjects/toolcalc/scripts/seo/.venv/lib/python3.9/site-packages/telebot/apihelper.py", line 162, in _make_request
2026-08-01T03:01:50:     result = _get_req_session().request(
2026-08-01T03:01:50:   File "/Users/aicommander/CascadeProjects/toolcalc/scripts/seo/.venv/lib/python3.9/site-packages/requests/sessions.py", line 589, in request
2026-08-01T03:01:50:     resp = self.send(prep, **send_kwargs)
2026-08-01T03:01:50:   File "/Users/aicommander/CascadeProjects/toolcalc/scripts/seo/.venv/lib/python3.9/site-packages/requests/sessions.py", line 703, in send
2026-08-01T03:01:50:     r = adapter.send(request, **kwargs)
2026-08-01T03:01:50:   File "/Users/aicommander/CascadeProjects/toolcalc/scripts/seo/.venv/lib/python3.9/site-packages/requests/adapters.py", line 665, in send
2026-08-01T03:01:50:     raise ConnectTimeout(e, request=request)
2026-08-01T03:01:50: requests.exceptions.ConnectTimeout: HTTPSConnectionPool(host='api.telegram.org', port=443): Max retries exceeded with url: /bot8903604110:***********************************/getUpdates?offset=550404780&timeout=20 (Caused by ConnectTimeoutError(<HTTPSConnection(host='api.telegram.org', port=443) at 0x10acaa700>, 'Connection to api.telegram.org timed out. (connect timeout=20)'))
2026-08-01T03:01:50: "
2026-08-01T03:02:13: 2026-08-01 03:02:13,576 (__init__.py:1115 MainThread) ERROR - TeleBot: "Infinity polling exception: HTTPSConnectionPool(host='api.telegram.org', port=443): Max retries exceeded with url: /bot8903604110:***********************************/getUpdates?offset=550404780&timeout=20 (Caused by ConnectTimeoutError(<HTTPSConnection(host='api.telegram.org', port=443) at 0x10accb760>, 'Connection to api.telegram.org timed out. (connect timeout=20)'))"
2026-08-01T03:02:13: 2026-08-01 03:02:13,578 (__init__.py:1117 MainThread) ERROR - TeleBot: "Exception traceback:
2026-08-01T03:02:13: Traceback (most recent call last):
2026-08-01T03:02:13:   File "/Users/aicommander/CascadeProjects/toolcalc/scripts/seo/.venv/lib/python3.9/site-packages/urllib3/connection.py", line 204, in _new_conn
2026-08-01T03:02:13:     sock = connection.create_connection(
2026-08-01T03:02:13:   File "/Users/aicommander/CascadeProjects/toolcalc/scripts/seo/.venv/lib/python3.9/site-packages/urllib3/util/connection.py", line 85, in create_connection
2026-08-01T03:02:13:     raise err
2026-08-01T03:02:13:   File "/Users/aicommander/CascadeProjects/toolcalc/scripts/seo/.venv/lib/python3.9/site-packages/urllib3/util/connection.py", line 73, in create_connection
2026-08-01T03:02:13:     sock.connect(sa)
2026-08-01T03:02:13: socket.timeout: timed out
2026-08-01T03:02:13: 
2026-08-01T03:02:13: The above exception was the direct cause of the following exception:
2026-08-01T03:02:13: 
2026-08-01T03:02:13: Traceback (most recent call last):
2026-08-01T03:02:13:   File "/Users/aicommander/CascadeProjects/toolcalc/scripts/seo/.venv/lib/python3.9/site-packages/urllib3/connectionpool.py", line 787, in urlopen
2026-08-01T03:02:13:     response = self._make_request(
2026-08-01T03:02:13:   File "/Users/aicommander/CascadeProjects/toolcalc/scripts/seo/.venv/lib/python3.9/site-packages/urllib3/connectionpool.py", line 488, in _make_request
2026-08-01T03:02:13:     raise new_e
2026-08-01T03:02:13:   File "/Users/aicommander/CascadeProjects/toolcalc/scripts/seo/.venv/lib/python3.9/site-packages/urllib3/connectionpool.py", line 464, in _make_request
2026-08-01T03:02:13:     self._validate_conn(conn)
2026-08-01T03:02:13:   File "/Users/aicommander/CascadeProjects/toolcalc/scripts/seo/.venv/lib/python3.9/site-packages/urllib3/connectionpool.py", line 1093, in _validate_conn
2026-08-01T03:02:13:     conn.connect()
2026-08-01T03:02:13:   File "/Users/aicommander/CascadeProjects/toolcalc/scripts/seo/.venv/lib/python3.9/site-packages/urllib3/connection.py", line 759, in connect
2026-08-01T03:02:13:     self.sock = sock = self._new_conn()
2026-08-01T03:02:13:   File "/Users/aicommander/CascadeProjects/toolcalc/scripts/seo/.venv/lib/python3.9/site-packages/urllib3/connection.py", line 213, in _new_conn
2026-08-01T03:02:13:     raise ConnectTimeoutError(
2026-08-01T03:02:13: urllib3.exceptions.ConnectTimeoutError: (<HTTPSConnection(host='api.telegram.org', port=443) at 0x10accb760>, 'Connection to api.telegram.org timed out. (connect timeout=20)')
2026-08-01T03:02:13: 
2026-08-01T03:02:13: The above exception was the direct cause of the following exception:
2026-08-01T03:02:13: 
2026-08-01T03:02:13: Traceback (most recent call last):
2026-08-01T03:02:13:   File "/Users/aicommander/CascadeProjects/toolcalc/scripts/seo/.venv/lib/python3.9/site-packages/requests/adapters.py", line 644, in send
2026-08-01T03:02:13:     resp = conn.urlopen(
2026-08-01T03:02:13:   File "/Users/aicommander/CascadeProjects/toolcalc/scripts/seo/.venv/lib/python3.9/site-packages/urllib3/connectionpool.py", line 841, in urlopen
2026-08-01T03:02:13:     retries = retries.increment(
2026-08-01T03:02:13:   File "/Users/aicommander/CascadeProjects/toolcalc/scripts/seo/.venv/lib/python3.9/site-packages/urllib3/util/retry.py", line 535, in increment
2026-08-01T03:02:13:     raise MaxRetryError(_pool, url, reason) from reason  # type: ignore[arg-type]
2026-08-01T03:02:13: urllib3.exceptions.MaxRetryError: HTTPSConnectionPool(host='api.telegram.org', port=443): Max retries exceeded with url: /bot8903604110:***********************************/getUpdates?offset=550404780&timeout=20 (Caused by ConnectTimeoutError(<HTTPSConnection(host='api.telegram.org', port=443) at 0x10accb760>, 'Connection to api.telegram.org timed out. (connect timeout=20)'))
2026-08-01T03:02:13: 
2026-08-01T03:02:13: During handling of the above exception, another exception occurred:
2026-08-01T03:02:13: 
2026-08-01T03:02:13: Traceback (most recent call last):
2026-08-01T03:02:13:   File "/Users/aicommander/CascadeProjects/toolcalc/scripts/seo/.venv/lib/python3.9/site-packages/telebot/__init__.py", line 1110, in infinity_polling
2026-08-01T03:02:13:     self.polling(non_stop=True, timeout=timeout, long_polling_timeout=long_polling_timeout,
2026-08-01T03:02:13:   File "/Users/aicommander/CascadeProjects/toolcalc/scripts/seo/.venv/lib/python3.9/site-packages/telebot/__init__.py", line 1198, in polling
2026-08-01T03:02:13:     self.__threaded_polling(non_stop=non_stop, interval=interval, timeout=timeout, long_polling_timeout=long_polling_timeout,
2026-08-01T03:02:13:   File "/Users/aicommander/CascadeProjects/toolcalc/scripts/seo/.venv/lib/python3.9/site-packages/telebot/__init__.py", line 1273, in __threaded_polling
2026-08-01T03:02:13:     raise e
2026-08-01T03:02:13:   File "/Users/aicommander/CascadeProjects/toolcalc/scripts/seo/.venv/lib/python3.9/site-packages/telebot/__init__.py", line 1234, in __threaded_polling
2026-08-01T03:02:13:     polling_thread.raise_exceptions()
2026-08-01T03:02:13:   File "/Users/aicommander/CascadeProjects/toolcalc/scripts/seo/.venv/lib/python3.9/site-packages/telebot/util.py", line 115, in raise_exceptions
2026-08-01T03:02:13:     raise self.exception_info
2026-08-01T03:02:13:   File "/Users/aicommander/CascadeProjects/toolcalc/scripts/seo/.venv/lib/python3.9/site-packages/telebot/util.py", line 97, in run
2026-08-01T03:02:13:     task(*args, **kwargs)
2026-08-01T03:02:13:   File "/Users/aicommander/CascadeProjects/toolcalc/scripts/seo/.venv/lib/python3.9/site-packages/telebot/__init__.py", line 688, in __retrieve_updates
2026-08-01T03:02:13:     updates = self.get_updates(offset=(self.last_update_id + 1),
2026-08-01T03:02:13:   File "/Users/aicommander/CascadeProjects/toolcalc/scripts/seo/.venv/lib/python3.9/site-packages/telebot/__init__.py", line 660, in get_updates
2026-08-01T03:02:13:     json_updates = apihelper.get_updates(
2026-08-01T03:02:13:   File "/Users/aicommander/CascadeProjects/toolcalc/scripts/seo/.venv/lib/python3.9/site-packages/telebot/apihelper.py", line 339, in get_updates
2026-08-01T03:02:13:     return _make_request(token, method_url, params=payload)
2026-08-01T03:02:13:   File "/Users/aicommander/CascadeProjects/toolcalc/scripts/seo/.venv/lib/python3.9/site-packages/telebot/apihelper.py", line 162, in _make_request
2026-08-01T03:02:13:     result = _get_req_session().request(
2026-08-01T03:02:13:   File "/Users/aicommander/CascadeProjects/toolcalc/scripts/seo/.venv/lib/python3.9/site-packages/requests/sessions.py", line 589, in request
2026-08-01T03:02:13:     resp = self.send(prep, **send_kwargs)
2026-08-01T03:02:13:   File "/Users/aicommander/CascadeProjects/toolcalc/scripts/seo/.venv/lib/python3.9/site-packages/requests/sessions.py", line 703, in send
2026-08-01T03:02:13:     r = adapter.send(request, **kwargs)
2026-08-01T03:02:13:   File "/Users/aicommander/CascadeProjects/toolcalc/scripts/seo/.venv/lib/python3.9/site-packages/requests/adapters.py", line 665, in send
2026-08-01T03:02:13:     raise ConnectTimeout(e, request=request)
2026-08-01T03:02:13: requests.exceptions.ConnectTimeout: HTTPSConnectionPool(host='api.telegram.org', port=443): Max retries exceeded with url: /bot8903604110:***********************************/getUpdates?offset=550404780&timeout=20 (Caused by ConnectTimeoutError(<HTTPSConnection(host='api.telegram.org', port=443) at 0x10accb760>, 'Connection to api.telegram.org timed out. (connect timeout=20)'))
2026-08-01T03:02:13: "
2026-08-01T08:10:57: 2026-08-01 08:10:57,141 (__init__.py:1241 MainThread) ERROR - TeleBot: "Threaded polling exception: A request to the Telegram API was unsuccessful. Error code: 429. Description: Too Many Requests: retry after 5"
2026-08-01T08:10:57: 2026-08-01 08:10:57,142 (__init__.py:1243 MainThread) ERROR - TeleBot: "Exception traceback:
2026-08-01T08:10:57: Traceback (most recent call last):
2026-08-01T08:10:57:   File "/Users/aicommander/CascadeProjects/toolcalc/scripts/seo/.venv/lib/python3.9/site-packages/telebot/__init__.py", line 1234, in __threaded_polling
2026-08-01T08:10:57:     polling_thread.raise_exceptions()
2026-08-01T08:10:57:   File "/Users/aicommander/CascadeProjects/toolcalc/scripts/seo/.venv/lib/python3.9/site-packages/telebot/util.py", line 115, in raise_exceptions
2026-08-01T08:10:57:     raise self.exception_info
2026-08-01T08:10:57:   File "/Users/aicommander/CascadeProjects/toolcalc/scripts/seo/.venv/lib/python3.9/site-packages/telebot/util.py", line 97, in run
2026-08-01T08:10:57:     task(*args, **kwargs)
2026-08-01T08:10:57:   File "/Users/aicommander/CascadeProjects/toolcalc/scripts/seo/.venv/lib/python3.9/site-packages/telebot/__init__.py", line 688, in __retrieve_updates
2026-08-01T08:10:57:     updates = self.get_updates(offset=(self.last_update_id + 1),
2026-08-01T08:10:57:   File "/Users/aicommander/CascadeProjects/toolcalc/scripts/seo/.venv/lib/python3.9/site-packages/telebot/__init__.py", line 660, in get_updates
2026-08-01T08:10:57:     json_updates = apihelper.get_updates(
2026-08-01T08:10:57:   File "/Users/aicommander/CascadeProjects/toolcalc/scripts/seo/.venv/lib/python3.9/site-packages/telebot/apihelper.py", line 339, in get_updates
2026-08-01T08:10:57:     return _make_request(token, method_url, params=payload)
2026-08-01T08:10:57:   File "/Users/aicommander/CascadeProjects/toolcalc/scripts/seo/.venv/lib/python3.9/site-packages/telebot/apihelper.py", line 168, in _make_request
2026-08-01T08:10:57:     json_result = _check_result(method_name, result)
2026-08-01T08:10:57:   File "/Users/aicommander/CascadeProjects/toolcalc/scripts/seo/.venv/lib/python3.9/site-packages/telebot/apihelper.py", line 197, in _check_result
2026-08-01T08:10:57:     raise ApiTelegramException(method_name, result, result_json)
2026-08-01T08:10:57: telebot.apihelper.ApiTelegramException: A request to the Telegram API was unsuccessful. Error code: 429. Description: Too Many Requests: retry after 5
2026-08-01T08:10:57: "
2026-08-01T08:10:57: 2026-08-01 08:10:57,577 (__init__.py:1241 MainThread) ERROR - TeleBot: "Threaded polling exception: A request to the Telegram API was unsuccessful. Error code: 429. Description: Too Many Requests: retry after 5"
2026-08-01T08:10:57: 2026-08-01 08:10:57,577 (__init__.py:1243 MainThread) ERROR - TeleBot: "Exception traceback:
2026-08-01T08:10:57: Traceback (most recent call last):
2026-08-01T08:10:57:   File "/Users/aicommander/CascadeProjects/toolcalc/scripts/seo/.venv/lib/python3.9/site-packages/telebot/__init__.py", line 1234, in __threaded_polling
2026-08-01T08:10:57:     polling_thread.raise_exceptions()
2026-08-01T08:10:57:   File "/Users/aicommander/CascadeProjects/toolcalc/scripts/seo/.venv/lib/python3.9/site-packages/telebot/util.py", line 115, in raise_exceptions
2026-08-01T08:10:57:     raise self.exception_info
2026-08-01T08:10:57:   File "/Users/aicommander/CascadeProjects/toolcalc/scripts/seo/.venv/lib/python3.9/site-packages/telebot/util.py", line 97, in run
2026-08-01T08:10:57:     task(*args, **kwargs)
2026-08-01T08:10:57:   File "/Users/aicommander/CascadeProjects/toolcalc/scripts/seo/.venv/lib/python3.9/site-packages/telebot/__init__.py", line 688, in __retrieve_updates
2026-08-01T08:10:57:     updates = self.get_updates(offset=(self.last_update_id + 1),
2026-08-01T08:10:57:   File "/Users/aicommander/CascadeProjects/toolcalc/scripts/seo/.venv/lib/python3.9/site-packages/telebot/__init__.py", line 660, in get_updates
2026-08-01T08:10:57:     json_updates = apihelper.get_updates(
2026-08-01T08:10:57:   File "/Users/aicommander/CascadeProjects/toolcalc/scripts/seo/.venv/lib/python3.9/site-packages/telebot/apihelper.py", line 339, in get_updates
2026-08-01T08:10:57:     return _make_request(token, method_url, params=payload)
2026-08-01T08:10:57:   File "/Users/aicommander/CascadeProjects/toolcalc/scripts/seo/.venv/lib/python3.9/site-packages/telebot/apihelper.py", line 168, in _make_request
2026-08-01T08:10:57:     json_result = _check_result(method_name, result)
2026-08-01T08:10:57:   File "/Users/aicommander/CascadeProjects/toolcalc/scripts/seo/.venv/lib/python3.9/site-packages/telebot/apihelper.py", line 197, in _check_result
2026-08-01T08:10:57:     raise ApiTelegramException(method_name, result, result_json)
2026-08-01T08:10:57: telebot.apihelper.ApiTelegramException: A request to the Telegram API was unsuccessful. Error code: 429. Description: Too Many Requests: retry after 5
2026-08-01T08:10:57: "
2026-08-01T08:10:58: 2026-08-01 08:10:58,364 (__init__.py:1241 MainThread) ERROR - TeleBot: "Threaded polling exception: A request to the Telegram API was unsuccessful. Error code: 429. Description: Too Many Requests: retry after 5"
2026-08-01T08:10:58: 2026-08-01 08:10:58,365 (__init__.py:1243 MainThread) ERROR - TeleBot: "Exception traceback:
2026-08-01T08:10:58: Traceback (most recent call last):
2026-08-01T08:10:58:   File "/Users/aicommander/CascadeProjects/toolcalc/scripts/seo/.venv/lib/python3.9/site-packages/telebot/__init__.py", line 1234, in __threaded_polling
2026-08-01T08:10:58:     polling_thread.raise_exceptions()
2026-08-01T08:10:58:   File "/Users/aicommander/CascadeProjects/toolcalc/scripts/seo/.venv/lib/python3.9/site-packages/telebot/util.py", line 115, in raise_exceptions
2026-08-01T08:10:58:     raise self.exception_info
2026-08-01T08:10:58:   File "/Users/aicommander/CascadeProjects/toolcalc/scripts/seo/.venv/lib/python3.9/site-packages/telebot/util.py", line 97, in run
2026-08-01T08:10:58:     task(*args, **kwargs)
2026-08-01T08:10:58:   File "/Users/aicommander/CascadeProjects/toolcalc/scripts/seo/.venv/lib/python3.9/site-packages/telebot/__init__.py", line 688, in __retrieve_updates
2026-08-01T08:10:58:     updates = self.get_updates(offset=(self.last_update_id + 1),
2026-08-01T08:10:58:   File "/Users/aicommander/CascadeProjects/toolcalc/scripts/seo/.venv/lib/python3.9/site-packages/telebot/__init__.py", line 660, in get_updates
2026-08-01T08:10:58:     json_updates = apihelper.get_updates(
2026-08-01T08:10:58:   File "/Users/aicommander/CascadeProjects/toolcalc/scripts/seo/.venv/lib/python3.9/site-packages/telebot/apihelper.py", line 339, in get_updates
2026-08-01T08:10:58:     return _make_request(token, method_url, params=payload)
2026-08-01T08:10:58:   File "/Users/aicommander/CascadeProjects/toolcalc/scripts/seo/.venv/lib/python3.9/site-packages/telebot/apihelper.py", line 168, in _make_request
2026-08-01T08:10:58:     json_result = _check_result(method_name, result)
2026-08-01T08:10:58:   File "/Users/aicommander/CascadeProjects/toolcalc/scripts/seo/.venv/lib/python3.9/site-packages/telebot/apihelper.py", line 197, in _check_result
2026-08-01T08:10:58:     raise ApiTelegramException(method_name, result, result_json)
2026-08-01T08:10:58: telebot.apihelper.ApiTelegramException: A request to the Telegram API was unsuccessful. Error code: 429. Description: Too Many Requests: retry after 5
2026-08-01T08:10:58: "
2026-08-01T08:11:02: 2026-08-01 08:11:02,406 (__init__.py:1241 MainThread) ERROR - TeleBot: "Threaded polling exception: A request to the Telegram API was unsuccessful. Error code: 502. Description: Bad Gateway"
2026-08-01T08:11:02: 2026-08-01 08:11:02,407 (__init__.py:1243 MainThread) ERROR - TeleBot: "Exception traceback:
2026-08-01T08:11:02: Traceback (most recent call last):
2026-08-01T08:11:02:   File "/Users/aicommander/CascadeProjects/toolcalc/scripts/seo/.venv/lib/python3.9/site-packages/telebot/__init__.py", line 1234, in __threaded_polling
2026-08-01T08:11:02:     polling_thread.raise_exceptions()
2026-08-01T08:11:02:   File "/Users/aicommander/CascadeProjects/toolcalc/scripts/seo/.venv/lib/python3.9/site-packages/telebot/util.py", line 115, in raise_exceptions
2026-08-01T08:11:02:     raise self.exception_info
2026-08-01T08:11:02:   File "/Users/aicommander/CascadeProjects/toolcalc/scripts/seo/.venv/lib/python3.9/site-packages/telebot/util.py", line 97, in run
2026-08-01T08:11:02:     task(*args, **kwargs)
2026-08-01T08:11:02:   File "/Users/aicommander/CascadeProjects/toolcalc/scripts/seo/.venv/lib/python3.9/site-packages/telebot/__init__.py", line 688, in __retrieve_updates
2026-08-01T08:11:02:     updates = self.get_updates(offset=(self.last_update_id + 1),
2026-08-01T08:11:02:   File "/Users/aicommander/CascadeProjects/toolcalc/scripts/seo/.venv/lib/python3.9/site-packages/telebot/__init__.py", line 660, in get_updates
2026-08-01T08:11:02:     json_updates = apihelper.get_updates(
2026-08-01T08:11:02:   File "/Users/aicommander/CascadeProjects/toolcalc/scripts/seo/.venv/lib/python3.9/site-packages/telebot/apihelper.py", line 339, in get_updates
2026-08-01T08:11:02:     return _make_request(token, method_url, params=payload)
2026-08-01T08:11:02:   File "/Users/aicommander/CascadeProjects/toolcalc/scripts/seo/.venv/lib/python3.9/site-packages/telebot/apihelper.py", line 168, in _make_request
2026-08-01T08:11:02:     json_result = _check_result(method_name, result)
2026-08-01T08:11:02:   File "/Users/aicommander/CascadeProjects/toolcalc/scripts/seo/.venv/lib/python3.9/site-packages/telebot/apihelper.py", line 197, in _check_result
2026-08-01T08:11:02:     raise ApiTelegramException(method_name, result, result_json)
2026-08-01T08:11:02: telebot.apihelper.ApiTelegramException: A request to the Telegram API was unsuccessful. Error code: 502. Description: Bad Gateway
2026-08-01T08:11:02: "
2026-08-01T08:11:29: 2026-08-01 08:11:29,573 (__init__.py:1115 MainThread) ERROR - TeleBot: "Infinity polling exception: HTTPSConnectionPool(host='api.telegram.org', port=443): Read timed out. (read timeout=25)"
2026-08-01T08:11:29: 2026-08-01 08:11:29,575 (__init__.py:1117 MainThread) ERROR - TeleBot: "Exception traceback:
2026-08-01T08:11:29: Traceback (most recent call last):
2026-08-01T08:11:29:   File "/Users/aicommander/CascadeProjects/toolcalc/scripts/seo/.venv/lib/python3.9/site-packages/urllib3/connectionpool.py", line 534, in _make_request
2026-08-01T08:11:29:     response = conn.getresponse()
2026-08-01T08:11:29:   File "/Users/aicommander/CascadeProjects/toolcalc/scripts/seo/.venv/lib/python3.9/site-packages/urllib3/connection.py", line 571, in getresponse
2026-08-01T08:11:29:     httplib_response = super().getresponse()
2026-08-01T08:11:29:   File "/Library/Developer/CommandLineTools/Library/Frameworks/Python3.framework/Versions/3.9/lib/python3.9/http/client.py", line 1349, in getresponse
2026-08-01T08:11:29:     response.begin()
2026-08-01T08:11:29:   File "/Library/Developer/CommandLineTools/Library/Frameworks/Python3.framework/Versions/3.9/lib/python3.9/http/client.py", line 316, in begin
2026-08-01T08:11:29:     version, status, reason = self._read_status()
2026-08-01T08:11:29:   File "/Library/Developer/CommandLineTools/Library/Frameworks/Python3.framework/Versions/3.9/lib/python3.9/http/client.py", line 277, in _read_status
2026-08-01T08:11:29:     line = str(self.fp.readline(_MAXLINE + 1), "iso-8859-1")
2026-08-01T08:11:29:   File "/Library/Developer/CommandLineTools/Library/Frameworks/Python3.framework/Versions/3.9/lib/python3.9/socket.py", line 704, in readinto
2026-08-01T08:11:29:     return self._sock.recv_into(b)
2026-08-01T08:11:29:   File "/Library/Developer/CommandLineTools/Library/Frameworks/Python3.framework/Versions/3.9/lib/python3.9/ssl.py", line 1241, in recv_into
2026-08-01T08:11:29:     return self.read(nbytes, buffer)
2026-08-01T08:11:29:   File "/Library/Developer/CommandLineTools/Library/Frameworks/Python3.framework/Versions/3.9/lib/python3.9/ssl.py", line 1099, in read
2026-08-01T08:11:29:     return self._sslobj.read(len, buffer)
2026-08-01T08:11:29: socket.timeout: The read operation timed out
2026-08-01T08:11:29: 
2026-08-01T08:11:29: The above exception was the direct cause of the following exception:
2026-08-01T08:11:29: 
2026-08-01T08:11:29: Traceback (most recent call last):
2026-08-01T08:11:29:   File "/Users/aicommander/CascadeProjects/toolcalc/scripts/seo/.venv/lib/python3.9/site-packages/requests/adapters.py", line 644, in send
2026-08-01T08:11:29:     resp = conn.urlopen(
2026-08-01T08:11:29:   File "/Users/aicommander/CascadeProjects/toolcalc/scripts/seo/.venv/lib/python3.9/site-packages/urllib3/connectionpool.py", line 841, in urlopen
2026-08-01T08:11:29:     retries = retries.increment(
2026-08-01T08:11:29:   File "/Users/aicommander/CascadeProjects/toolcalc/scripts/seo/.venv/lib/python3.9/site-packages/urllib3/util/retry.py", line 490, in increment
2026-08-01T08:11:29:     raise reraise(type(error), error, _stacktrace)
2026-08-01T08:11:29:   File "/Users/aicommander/CascadeProjects/toolcalc/scripts/seo/.venv/lib/python3.9/site-packages/urllib3/util/util.py", line 39, in reraise
2026-08-01T08:11:29:     raise value
2026-08-01T08:11:29:   File "/Users/aicommander/CascadeProjects/toolcalc/scripts/seo/.venv/lib/python3.9/site-packages/urllib3/connectionpool.py", line 787, in urlopen
2026-08-01T08:11:29:     response = self._make_request(
2026-08-01T08:11:29:   File "/Users/aicommander/CascadeProjects/toolcalc/scripts/seo/.venv/lib/python3.9/site-packages/urllib3/connectionpool.py", line 536, in _make_request
2026-08-01T08:11:29:     self._raise_timeout(err=e, url=url, timeout_value=read_timeout)
2026-08-01T08:11:29:   File "/Users/aicommander/CascadeProjects/toolcalc/scripts/seo/.venv/lib/python3.9/site-packages/urllib3/connectionpool.py", line 367, in _raise_timeout
2026-08-01T08:11:29:     raise ReadTimeoutError(
2026-08-01T08:11:29: urllib3.exceptions.ReadTimeoutError: HTTPSConnectionPool(host='api.telegram.org', port=443): Read timed out. (read timeout=25)
2026-08-01T08:11:29: 
2026-08-01T08:11:29: During handling of the above exception, another exception occurred:
2026-08-01T08:11:29: 
2026-08-01T08:11:29: Traceback (most recent call last):
2026-08-01T08:11:29:   File "/Users/aicommander/CascadeProjects/toolcalc/scripts/seo/.venv/lib/python3.9/site-packages/telebot/__init__.py", line 1110, in infinity_polling
2026-08-01T08:11:29:     self.polling(non_stop=True, timeout=timeout, long_polling_timeout=long_polling_timeout,
2026-08-01T08:11:29:   File "/Users/aicommander/CascadeProjects/toolcalc/scripts/seo/.venv/lib/python3.9/site-packages/telebot/__init__.py", line 1198, in polling
2026-08-01T08:11:29:     self.__threaded_polling(non_stop=non_stop, interval=interval, timeout=timeout, long_polling_timeout=long_polling_timeout,
2026-08-01T08:11:29:   File "/Users/aicommander/CascadeProjects/toolcalc/scripts/seo/.venv/lib/python3.9/site-packages/telebot/__init__.py", line 1273, in __threaded_polling
2026-08-01T08:11:29:     raise e
2026-08-01T08:11:29:   File "/Users/aicommander/CascadeProjects/toolcalc/scripts/seo/.venv/lib/python3.9/site-packages/telebot/__init__.py", line 1234, in __threaded_polling
2026-08-01T08:11:29:     polling_thread.raise_exceptions()
2026-08-01T08:11:29:   File "/Users/aicommander/CascadeProjects/toolcalc/scripts/seo/.venv/lib/python3.9/site-packages/telebot/util.py", line 115, in raise_exceptions
2026-08-01T08:11:29:     raise self.exception_info
2026-08-01T08:11:29:   File "/Users/aicommander/CascadeProjects/toolcalc/scripts/seo/.venv/lib/python3.9/site-packages/telebot/util.py", line 97, in run
2026-08-01T08:11:29:     task(*args, **kwargs)
2026-08-01T08:11:29:   File "/Users/aicommander/CascadeProjects/toolcalc/scripts/seo/.venv/lib/python3.9/site-packages/telebot/__init__.py", line 688, in __retrieve_updates
2026-08-01T08:11:29:     updates = self.get_updates(offset=(self.last_update_id + 1),
2026-08-01T08:11:29:   File "/Users/aicommander/CascadeProjects/toolcalc/scripts/seo/.venv/lib/python3.9/site-packages/telebot/__init__.py", line 660, in get_updates
2026-08-01T08:11:29:     json_updates = apihelper.get_updates(
2026-08-01T08:11:29:   File "/Users/aicommander/CascadeProjects/toolcalc/scripts/seo/.venv/lib/python3.9/site-packages/telebot/apihelper.py", line 339, in get_updates
2026-08-01T08:11:29:     return _make_request(token, method_url, params=payload)
2026-08-01T08:11:29:   File "/Users/aicommander/CascadeProjects/toolcalc/scripts/seo/.venv/lib/python3.9/site-packages/telebot/apihelper.py", line 162, in _make_request
2026-08-01T08:11:29:     result = _get_req_session().request(
2026-08-01T08:11:29:   File "/Users/aicommander/CascadeProjects/toolcalc/scripts/seo/.venv/lib/python3.9/site-packages/requests/sessions.py", line 589, in request
2026-08-01T08:11:29:     resp = self.send(prep, **send_kwargs)
2026-08-01T08:11:29:   File "/Users/aicommander/CascadeProjects/toolcalc/scripts/seo/.venv/lib/python3.9/site-packages/requests/sessions.py", line 703, in send
2026-08-01T08:11:29:     r = adapter.send(request, **kwargs)
2026-08-01T08:11:29:   File "/Users/aicommander/CascadeProjects/toolcalc/scripts/seo/.venv/lib/python3.9/site-packages/requests/adapters.py", line 690, in send
2026-08-01T08:11:29:     raise ReadTimeout(e, request=request)
2026-08-01T08:11:29: requests.exceptions.ReadTimeout: HTTPSConnectionPool(host='api.telegram.org', port=443): Read timed out. (read timeout=25)
2026-08-01T08:11:29: "
2026-08-01T08:11:58: 2026-08-01 08:11:58,302 (__init__.py:1115 MainThread) ERROR - TeleBot: "Infinity polling exception: HTTPSConnectionPool(host='api.telegram.org', port=443): Read timed out. (read timeout=25)"
2026-08-01T08:11:58: 2026-08-01 08:11:58,302 (__init__.py:1117 MainThread) ERROR - TeleBot: "Exception traceback:
2026-08-01T08:11:58: Traceback (most recent call last):
2026-08-01T08:11:58:   File "/Users/aicommander/CascadeProjects/toolcalc/scripts/seo/.venv/lib/python3.9/site-packages/urllib3/connectionpool.py", line 534, in _make_request
2026-08-01T08:11:58:     response = conn.getresponse()
2026-08-01T08:11:58:   File "/Users/aicommander/CascadeProjects/toolcalc/scripts/seo/.venv/lib/python3.9/site-packages/urllib3/connection.py", line 571, in getresponse
2026-08-01T08:11:58:     httplib_response = super().getresponse()
2026-08-01T08:11:58:   File "/Library/Developer/CommandLineTools/Library/Frameworks/Python3.framework/Versions/3.9/lib/python3.9/http/client.py", line 1349, in getresponse
2026-08-01T08:11:58:     response.begin()
2026-08-01T08:11:58:   File "/Library/Developer/CommandLineTools/Library/Frameworks/Python3.framework/Versions/3.9/lib/python3.9/http/client.py", line 316, in begin
2026-08-01T08:11:58:     version, status, reason = self._read_status()
2026-08-01T08:11:58:   File "/Library/Developer/CommandLineTools/Library/Frameworks/Python3.framework/Versions/3.9/lib/python3.9/http/client.py", line 277, in _read_status
2026-08-01T08:11:58:     line = str(self.fp.readline(_MAXLINE + 1), "iso-8859-1")
2026-08-01T08:11:58:   File "/Library/Developer/CommandLineTools/Library/Frameworks/Python3.framework/Versions/3.9/lib/python3.9/socket.py", line 704, in readinto
2026-08-01T08:11:58:     return self._sock.recv_into(b)
2026-08-01T08:11:58:   File "/Library/Developer/CommandLineTools/Library/Frameworks/Python3.framework/Versions/3.9/lib/python3.9/ssl.py", line 1241, in recv_into
2026-08-01T08:11:58:     return self.read(nbytes, buffer)
2026-08-01T08:11:58:   File "/Library/Developer/CommandLineTools/Library/Frameworks/Python3.framework/Versions/3.9/lib/python3.9/ssl.py", line 1099, in read
2026-08-01T08:11:58:     return self._sslobj.read(len, buffer)
2026-08-01T08:11:58: socket.timeout: The read operation timed out
2026-08-01T08:11:58: 
2026-08-01T08:11:58: The above exception was the direct cause of the following exception:
2026-08-01T08:11:58: 
2026-08-01T08:11:58: Traceback (most recent call last):
2026-08-01T08:11:58:   File "/Users/aicommander/CascadeProjects/toolcalc/scripts/seo/.venv/lib/python3.9/site-packages/requests/adapters.py", line 644, in send
2026-08-01T08:11:58:     resp = conn.urlopen(
2026-08-01T08:11:58:   File "/Users/aicommander/CascadeProjects/toolcalc/scripts/seo/.venv/lib/python3.9/site-packages/urllib3/connectionpool.py", line 841, in urlopen
2026-08-01T08:11:58:     retries = retries.increment(
2026-08-01T08:11:58:   File "/Users/aicommander/CascadeProjects/toolcalc/scripts/seo/.venv/lib/python3.9/site-packages/urllib3/util/retry.py", line 490, in increment
2026-08-01T08:11:58:     raise reraise(type(error), error, _stacktrace)
2026-08-01T08:11:58:   File "/Users/aicommander/CascadeProjects/toolcalc/scripts/seo/.venv/lib/python3.9/site-packages/urllib3/util/util.py", line 39, in reraise
2026-08-01T08:11:58:     raise value
2026-08-01T08:11:58:   File "/Users/aicommander/CascadeProjects/toolcalc/scripts/seo/.venv/lib/python3.9/site-packages/urllib3/connectionpool.py", line 787, in urlopen
2026-08-01T08:11:58:     response = self._make_request(
2026-08-01T08:11:58:   File "/Users/aicommander/CascadeProjects/toolcalc/scripts/seo/.venv/lib/python3.9/site-packages/urllib3/connectionpool.py", line 536, in _make_request
2026-08-01T08:11:58:     self._raise_timeout(err=e, url=url, timeout_value=read_timeout)
2026-08-01T08:11:58:   File "/Users/aicommander/CascadeProjects/toolcalc/scripts/seo/.venv/lib/python3.9/site-packages/urllib3/connectionpool.py", line 367, in _raise_timeout
2026-08-01T08:11:58:     raise ReadTimeoutError(
2026-08-01T08:11:58: urllib3.exceptions.ReadTimeoutError: HTTPSConnectionPool(host='api.telegram.org', port=443): Read timed out. (read timeout=25)
2026-08-01T08:11:58: 
2026-08-01T08:11:58: During handling of the above exception, another exception occurred:
2026-08-01T08:11:58: 
2026-08-01T08:11:58: Traceback (most recent call last):
2026-08-01T08:11:58:   File "/Users/aicommander/CascadeProjects/toolcalc/scripts/seo/.venv/lib/python3.9/site-packages/telebot/__init__.py", line 1110, in infinity_polling
2026-08-01T08:11:58:     self.polling(non_stop=True, timeout=timeout, long_polling_timeout=long_polling_timeout,
2026-08-01T08:11:58:   File "/Users/aicommander/CascadeProjects/toolcalc/scripts/seo/.venv/lib/python3.9/site-packages/telebot/__init__.py", line 1198, in polling
2026-08-01T08:11:58:     self.__threaded_polling(non_stop=non_stop, interval=interval, timeout=timeout, long_polling_timeout=long_polling_timeout,
2026-08-01T08:11:58:   File "/Users/aicommander/CascadeProjects/toolcalc/scripts/seo/.venv/lib/python3.9/site-packages/telebot/__init__.py", line 1273, in __threaded_polling
2026-08-01T08:11:58:     raise e
2026-08-01T08:11:58:   File "/Users/aicommander/CascadeProjects/toolcalc/scripts/seo/.venv/lib/python3.9/site-packages/telebot/__init__.py", line 1234, in __threaded_polling
2026-08-01T08:11:58:     polling_thread.raise_exceptions()
2026-08-01T08:11:58:   File "/Users/aicommander/CascadeProjects/toolcalc/scripts/seo/.venv/lib/python3.9/site-packages/telebot/util.py", line 115, in raise_exceptions
2026-08-01T08:11:58:     raise self.exception_info
2026-08-01T08:11:58:   File "/Users/aicommander/CascadeProjects/toolcalc/scripts/seo/.venv/lib/python3.9/site-packages/telebot/util.py", line 97, in run
2026-08-01T08:11:58:     task(*args, **kwargs)
2026-08-01T08:11:58:   File "/Users/aicommander/CascadeProjects/toolcalc/scripts/seo/.venv/lib/python3.9/site-packages/telebot/__init__.py", line 688, in __retrieve_updates
2026-08-01T08:11:58:     updates = self.get_updates(offset=(self.last_update_id + 1),
2026-08-01T08:11:58:   File "/Users/aicommander/CascadeProjects/toolcalc/scripts/seo/.venv/lib/python3.9/site-packages/telebot/__init__.py", line 660, in get_updates
2026-08-01T08:11:58:     json_updates = apihelper.get_updates(
2026-08-01T08:11:58:   File "/Users/aicommander/CascadeProjects/toolcalc/scripts/seo/.venv/lib/python3.9/site-packages/telebot/apihelper.py", line 339, in get_updates
2026-08-01T08:11:58:     return _make_request(token, method_url, params=payload)
2026-08-01T08:11:58:   File "/Users/aicommander/CascadeProjects/toolcalc/scripts/seo/.venv/lib/python3.9/site-packages/telebot/apihelper.py", line 162, in _make_request
2026-08-01T08:11:58:     result = _get_req_session().request(
2026-08-01T08:11:58:   File "/Users/aicommander/CascadeProjects/toolcalc/scripts/seo/.venv/lib/python3.9/site-packages/requests/sessions.py", line 589, in request
2026-08-01T08:11:58:     resp = self.send(prep, **send_kwargs)
2026-08-01T08:11:58:   File "/Users/aicommander/CascadeProjects/toolcalc/scripts/seo/.venv/lib/python3.9/site-packages/requests/sessions.py", line 703, in send
2026-08-01T08:11:58:     r = adapter.send(request, **kwargs)
2026-08-01T08:11:58:   File "/Users/aicommander/CascadeProjects/toolcalc/scripts/seo/.venv/lib/python3.9/site-packages/requests/adapters.py", line 690, in send
2026-08-01T08:11:58:     raise ReadTimeout(e, request=request)
2026-08-01T08:11:58: requests.exceptions.ReadTimeout: HTTPSConnectionPool(host='api.telegram.org', port=443): Read timed out. (read timeout=25)
2026-08-01T08:11:58: "
2026-08-01T08:25:18: 2026-08-01 08:25:18,966 (__init__.py:1115 MainThread) ERROR - TeleBot: "Infinity polling exception: HTTPSConnectionPool(host='api.telegram.org', port=443): Read timed out. (read timeout=25)"
2026-08-01T08:25:18: 2026-08-01 08:25:18,967 (__init__.py:1117 MainThread) ERROR - TeleBot: "Exception traceback:
2026-08-01T08:25:18: Traceback (most recent call last):
2026-08-01T08:25:18:   File "/Users/aicommander/CascadeProjects/toolcalc/scripts/seo/.venv/lib/python3.9/site-packages/urllib3/connectionpool.py", line 534, in _make_request
2026-08-01T08:25:18:     response = conn.getresponse()
2026-08-01T08:25:18:   File "/Users/aicommander/CascadeProjects/toolcalc/scripts/seo/.venv/lib/python3.9/site-packages/urllib3/connection.py", line 571, in getresponse
2026-08-01T08:25:18:     httplib_response = super().getresponse()
2026-08-01T08:25:18:   File "/Library/Developer/CommandLineTools/Library/Frameworks/Python3.framework/Versions/3.9/lib/python3.9/http/client.py", line 1349, in getresponse
2026-08-01T08:25:18:     response.begin()
2026-08-01T08:25:18:   File "/Library/Developer/CommandLineTools/Library/Frameworks/Python3.framework/Versions/3.9/lib/python3.9/http/client.py", line 316, in begin
2026-08-01T08:25:18:     version, status, reason = self._read_status()
2026-08-01T08:25:18:   File "/Library/Developer/CommandLineTools/Library/Frameworks/Python3.framework/Versions/3.9/lib/python3.9/http/client.py", line 277, in _read_status
2026-08-01T08:25:18:     line = str(self.fp.readline(_MAXLINE + 1), "iso-8859-1")
2026-08-01T08:25:18:   File "/Library/Developer/CommandLineTools/Library/Frameworks/Python3.framework/Versions/3.9/lib/python3.9/socket.py", line 704, in readinto
2026-08-01T08:25:18:     return self._sock.recv_into(b)
2026-08-01T08:25:18:   File "/Library/Developer/CommandLineTools/Library/Frameworks/Python3.framework/Versions/3.9/lib/python3.9/ssl.py", line 1241, in recv_into
2026-08-01T08:25:18:     return self.read(nbytes, buffer)
2026-08-01T08:25:18:   File "/Library/Developer/CommandLineTools/Library/Frameworks/Python3.framework/Versions/3.9/lib/python3.9/ssl.py", line 1099, in read
2026-08-01T08:25:18:     return self._sslobj.read(len, buffer)
2026-08-01T08:25:18: socket.timeout: The read operation timed out
2026-08-01T08:25:18: 
2026-08-01T08:25:18: The above exception was the direct cause of the following exception:
2026-08-01T08:25:18: 
2026-08-01T08:25:18: Traceback (most recent call last):
2026-08-01T08:25:18:   File "/Users/aicommander/CascadeProjects/toolcalc/scripts/seo/.venv/lib/python3.9/site-packages/requests/adapters.py", line 644, in send
2026-08-01T08:25:18:     resp = conn.urlopen(
2026-08-01T08:25:18:   File "/Users/aicommander/CascadeProjects/toolcalc/scripts/seo/.venv/lib/python3.9/site-packages/urllib3/connectionpool.py", line 841, in urlopen
2026-08-01T08:25:18:     retries = retries.increment(
2026-08-01T08:25:18:   File "/Users/aicommander/CascadeProjects/toolcalc/scripts/seo/.venv/lib/python3.9/site-packages/urllib3/util/retry.py", line 490, in increment
2026-08-01T08:25:18:     raise reraise(type(error), error, _stacktrace)
2026-08-01T08:25:18:   File "/Users/aicommander/CascadeProjects/toolcalc/scripts/seo/.venv/lib/python3.9/site-packages/urllib3/util/util.py", line 39, in reraise
2026-08-01T08:25:18:     raise value
2026-08-01T08:25:18:   File "/Users/aicommander/CascadeProjects/toolcalc/scripts/seo/.venv/lib/python3.9/site-packages/urllib3/connectionpool.py", line 787, in urlopen
2026-08-01T08:25:18:     response = self._make_request(
2026-08-01T08:25:18:   File "/Users/aicommander/CascadeProjects/toolcalc/scripts/seo/.venv/lib/python3.9/site-packages/urllib3/connectionpool.py", line 536, in _make_request
2026-08-01T08:25:18:     self._raise_timeout(err=e, url=url, timeout_value=read_timeout)
2026-08-01T08:25:18:   File "/Users/aicommander/CascadeProjects/toolcalc/scripts/seo/.venv/lib/python3.9/site-packages/urllib3/connectionpool.py", line 367, in _raise_timeout
2026-08-01T08:25:18:     raise ReadTimeoutError(
2026-08-01T08:25:18: urllib3.exceptions.ReadTimeoutError: HTTPSConnectionPool(host='api.telegram.org', port=443): Read timed out. (read timeout=25)
2026-08-01T08:25:18: 
2026-08-01T08:25:18: During handling of the above exception, another exception occurred:
2026-08-01T08:25:18: 
2026-08-01T08:25:18: Traceback (most recent call last):
2026-08-01T08:25:18:   File "/Users/aicommander/CascadeProjects/toolcalc/scripts/seo/.venv/lib/python3.9/site-packages/telebot/__init__.py", line 1110, in infinity_polling
2026-08-01T08:25:18:     self.polling(non_stop=True, timeout=timeout, long_polling_timeout=long_polling_timeout,
2026-08-01T08:25:18:   File "/Users/aicommander/CascadeProjects/toolcalc/scripts/seo/.venv/lib/python3.9/site-packages/telebot/__init__.py", line 1198, in polling
2026-08-01T08:25:18:     self.__threaded_polling(non_stop=non_stop, interval=interval, timeout=timeout, long_polling_timeout=long_polling_timeout,
2026-08-01T08:25:18:   File "/Users/aicommander/CascadeProjects/toolcalc/scripts/seo/.venv/lib/python3.9/site-packages/telebot/__init__.py", line 1273, in __threaded_polling
2026-08-01T08:25:18:     raise e
2026-08-01T08:25:18:   File "/Users/aicommander/CascadeProjects/toolcalc/scripts/seo/.venv/lib/python3.9/site-packages/telebot/__init__.py", line 1234, in __threaded_polling
2026-08-01T08:25:18:     polling_thread.raise_exceptions()
2026-08-01T08:25:18:   File "/Users/aicommander/CascadeProjects/toolcalc/scripts/seo/.venv/lib/python3.9/site-packages/telebot/util.py", line 115, in raise_exceptions
2026-08-01T08:25:18:     raise self.exception_info
2026-08-01T08:25:18:   File "/Users/aicommander/CascadeProjects/toolcalc/scripts/seo/.venv/lib/python3.9/site-packages/telebot/util.py", line 97, in run
2026-08-01T08:25:18:     task(*args, **kwargs)
2026-08-01T08:25:18:   File "/Users/aicommander/CascadeProjects/toolcalc/scripts/seo/.venv/lib/python3.9/site-packages/telebot/__init__.py", line 688, in __retrieve_updates
2026-08-01T08:25:18:     updates = self.get_updates(offset=(self.last_update_id + 1),
2026-08-01T08:25:18:   File "/Users/aicommander/CascadeProjects/toolcalc/scripts/seo/.venv/lib/python3.9/site-packages/telebot/__init__.py", line 660, in get_updates
2026-08-01T08:25:18:     json_updates = apihelper.get_updates(
2026-08-01T08:25:18:   File "/Users/aicommander/CascadeProjects/toolcalc/scripts/seo/.venv/lib/python3.9/site-packages/telebot/apihelper.py", line 339, in get_updates
2026-08-01T08:25:18:     return _make_request(token, method_url, params=payload)
2026-08-01T08:25:18:   File "/Users/aicommander/CascadeProjects/toolcalc/scripts/seo/.venv/lib/python3.9/site-packages/telebot/apihelper.py", line 162, in _make_request
2026-08-01T08:25:18:     result = _get_req_session().request(
2026-08-01T08:25:18:   File "/Users/aicommander/CascadeProjects/toolcalc/scripts/seo/.venv/lib/python3.9/site-packages/requests/sessions.py", line 589, in request
2026-08-01T08:25:18:     resp = self.send(prep, **send_kwargs)
2026-08-01T08:25:18:   File "/Users/aicommander/CascadeProjects/toolcalc/scripts/seo/.venv/lib/python3.9/site-packages/requests/sessions.py", line 703, in send
2026-08-01T08:25:18:     r = adapter.send(request, **kwargs)
2026-08-01T08:25:18:   File "/Users/aicommander/CascadeProjects/toolcalc/scripts/seo/.venv/lib/python3.9/site-packages/requests/adapters.py", line 690, in send
2026-08-01T08:25:18:     raise ReadTimeout(e, request=request)
2026-08-01T08:25:18: requests.exceptions.ReadTimeout: HTTPSConnectionPool(host='api.telegram.org', port=443): Read timed out. (read timeout=25)
2026-08-01T08:25:18: "
2026-08-02T03:01:26: 2026-08-02 03:01:26,417 (__init__.py:1115 MainThread) ERROR - TeleBot: "Infinity polling exception: HTTPSConnectionPool(host='api.telegram.org', port=443): Read timed out. (read timeout=25)"
2026-08-02T03:01:26: 2026-08-02 03:01:26,419 (__init__.py:1117 MainThread) ERROR - TeleBot: "Exception traceback:
2026-08-02T03:01:26: Traceback (most recent call last):
2026-08-02T03:01:26:   File "/Users/aicommander/CascadeProjects/toolcalc/scripts/seo/.venv/lib/python3.9/site-packages/urllib3/connectionpool.py", line 534, in _make_request
2026-08-02T03:01:26:     response = conn.getresponse()
2026-08-02T03:01:26:   File "/Users/aicommander/CascadeProjects/toolcalc/scripts/seo/.venv/lib/python3.9/site-packages/urllib3/connection.py", line 571, in getresponse
2026-08-02T03:01:26:     httplib_response = super().getresponse()
2026-08-02T03:01:26:   File "/Library/Developer/CommandLineTools/Library/Frameworks/Python3.framework/Versions/3.9/lib/python3.9/http/client.py", line 1349, in getresponse
2026-08-02T03:01:26:     response.begin()
2026-08-02T03:01:26:   File "/Library/Developer/CommandLineTools/Library/Frameworks/Python3.framework/Versions/3.9/lib/python3.9/http/client.py", line 316, in begin
2026-08-02T03:01:26:     version, status, reason = self._read_status()
2026-08-02T03:01:26:   File "/Library/Developer/CommandLineTools/Library/Frameworks/Python3.framework/Versions/3.9/lib/python3.9/http/client.py", line 277, in _read_status
2026-08-02T03:01:26:     line = str(self.fp.readline(_MAXLINE + 1), "iso-8859-1")
2026-08-02T03:01:26:   File "/Library/Developer/CommandLineTools/Library/Frameworks/Python3.framework/Versions/3.9/lib/python3.9/socket.py", line 704, in readinto
2026-08-02T03:01:26:     return self._sock.recv_into(b)
2026-08-02T03:01:26:   File "/Library/Developer/CommandLineTools/Library/Frameworks/Python3.framework/Versions/3.9/lib/python3.9/ssl.py", line 1241, in recv_into
2026-08-02T03:01:26:     return self.read(nbytes, buffer)
2026-08-02T03:01:26:   File "/Library/Developer/CommandLineTools/Library/Frameworks/Python3.framework/Versions/3.9/lib/python3.9/ssl.py", line 1099, in read
2026-08-02T03:01:26:     return self._sslobj.read(len, buffer)
2026-08-02T03:01:26: socket.timeout: The read operation timed out
2026-08-02T03:01:26: 
2026-08-02T03:01:26: The above exception was the direct cause of the following exception:
2026-08-02T03:01:26: 
2026-08-02T03:01:26: Traceback (most recent call last):
2026-08-02T03:01:26:   File "/Users/aicommander/CascadeProjects/toolcalc/scripts/seo/.venv/lib/python3.9/site-packages/requests/adapters.py", line 644, in send
2026-08-02T03:01:26:     resp = conn.urlopen(
2026-08-02T03:01:26:   File "/Users/aicommander/CascadeProjects/toolcalc/scripts/seo/.venv/lib/python3.9/site-packages/urllib3/connectionpool.py", line 841, in urlopen
2026-08-02T03:01:26:     retries = retries.increment(
2026-08-02T03:01:26:   File "/Users/aicommander/CascadeProjects/toolcalc/scripts/seo/.venv/lib/python3.9/site-packages/urllib3/util/retry.py", line 490, in increment
2026-08-02T03:01:26:     raise reraise(type(error), error, _stacktrace)
2026-08-02T03:01:26:   File "/Users/aicommander/CascadeProjects/toolcalc/scripts/seo/.venv/lib/python3.9/site-packages/urllib3/util/util.py", line 39, in reraise
2026-08-02T03:01:26:     raise value
2026-08-02T03:01:26:   File "/Users/aicommander/CascadeProjects/toolcalc/scripts/seo/.venv/lib/python3.9/site-packages/urllib3/connectionpool.py", line 787, in urlopen
2026-08-02T03:01:26:     response = self._make_request(
2026-08-02T03:01:26:   File "/Users/aicommander/CascadeProjects/toolcalc/scripts/seo/.venv/lib/python3.9/site-packages/urllib3/connectionpool.py", line 536, in _make_request
2026-08-02T03:01:26:     self._raise_timeout(err=e, url=url, timeout_value=read_timeout)
2026-08-02T03:01:26:   File "/Users/aicommander/CascadeProjects/toolcalc/scripts/seo/.venv/lib/python3.9/site-packages/urllib3/connectionpool.py", line 367, in _raise_timeout
2026-08-02T03:01:26:     raise ReadTimeoutError(
2026-08-02T03:01:26: urllib3.exceptions.ReadTimeoutError: HTTPSConnectionPool(host='api.telegram.org', port=443): Read timed out. (read timeout=25)
2026-08-02T03:01:26: 
2026-08-02T03:01:26: During handling of the above exception, another exception occurred:
2026-08-02T03:01:26: 
2026-08-02T03:01:26: Traceback (most recent call last):
2026-08-02T03:01:26:   File "/Users/aicommander/CascadeProjects/toolcalc/scripts/seo/.venv/lib/python3.9/site-packages/telebot/__init__.py", line 1110, in infinity_polling
2026-08-02T03:01:26:     self.polling(non_stop=True, timeout=timeout, long_polling_timeout=long_polling_timeout,
2026-08-02T03:01:26:   File "/Users/aicommander/CascadeProjects/toolcalc/scripts/seo/.venv/lib/python3.9/site-packages/telebot/__init__.py", line 1198, in polling
2026-08-02T03:01:26:     self.__threaded_polling(non_stop=non_stop, interval=interval, timeout=timeout, long_polling_timeout=long_polling_timeout,
2026-08-02T03:01:26:   File "/Users/aicommander/CascadeProjects/toolcalc/scripts/seo/.venv/lib/python3.9/site-packages/telebot/__init__.py", line 1273, in __threaded_polling
2026-08-02T03:01:26:     raise e
2026-08-02T03:01:26:   File "/Users/aicommander/CascadeProjects/toolcalc/scripts/seo/.venv/lib/python3.9/site-packages/telebot/__init__.py", line 1234, in __threaded_polling
2026-08-02T03:01:26:     polling_thread.raise_exceptions()
2026-08-02T03:01:26:   File "/Users/aicommander/CascadeProjects/toolcalc/scripts/seo/.venv/lib/python3.9/site-packages/telebot/util.py", line 115, in raise_exceptions
2026-08-02T03:01:26:     raise self.exception_info
2026-08-02T03:01:26:   File "/Users/aicommander/CascadeProjects/toolcalc/scripts/seo/.venv/lib/python3.9/site-packages/telebot/util.py", line 97, in run
2026-08-02T03:01:26:     task(*args, **kwargs)
2026-08-02T03:01:26:   File "/Users/aicommander/CascadeProjects/toolcalc/scripts/seo/.venv/lib/python3.9/site-packages/telebot/__init__.py", line 688, in __retrieve_updates
2026-08-02T03:01:26:     updates = self.get_updates(offset=(self.last_update_id + 1),
2026-08-02T03:01:26:   File "/Users/aicommander/CascadeProjects/toolcalc/scripts/seo/.venv/lib/python3.9/site-packages/telebot/__init__.py", line 660, in get_updates
2026-08-02T03:01:26:     json_updates = apihelper.get_updates(
2026-08-02T03:01:26:   File "/Users/aicommander/CascadeProjects/toolcalc/scripts/seo/.venv/lib/python3.9/site-packages/telebot/apihelper.py", line 339, in get_updates
2026-08-02T03:01:26:     return _make_request(token, method_url, params=payload)
2026-08-02T03:01:26:   File "/Users/aicommander/CascadeProjects/toolcalc/scripts/seo/.venv/lib/python3.9/site-packages/telebot/apihelper.py", line 162, in _make_request
2026-08-02T03:01:26:     result = _get_req_session().request(
2026-08-02T03:01:26:   File "/Users/aicommander/CascadeProjects/toolcalc/scripts/seo/.venv/lib/python3.9/site-packages/requests/sessions.py", line 589, in request
2026-08-02T03:01:26:     resp = self.send(prep, **send_kwargs)
2026-08-02T03:01:26:   File "/Users/aicommander/CascadeProjects/toolcalc/scripts/seo/.venv/lib/python3.9/site-packages/requests/sessions.py", line 703, in send
2026-08-02T03:01:26:     r = adapter.send(request, **kwargs)
2026-08-02T03:01:26:   File "/Users/aicommander/CascadeProjects/toolcalc/scripts/seo/.venv/lib/python3.9/site-packages/requests/adapters.py", line 690, in send
2026-08-02T03:01:26:     raise ReadTimeout(e, request=request)
2026-08-02T03:01:26: requests.exceptions.ReadTimeout: HTTPSConnectionPool(host='api.telegram.org', port=443): Read timed out. (read timeout=25)
2026-08-02T03:01:26: "
2026-08-02T03:01:49: 2026-08-02 03:01:49,519 (__init__.py:1115 MainThread) ERROR - TeleBot: "Infinity polling exception: HTTPSConnectionPool(host='api.telegram.org', port=443): Max retries exceeded with url: /bot8903604110:***********************************/getUpdates?offset=550404780&timeout=20 (Caused by ConnectTimeoutError(<HTTPSConnection(host='api.telegram.org', port=443) at 0x10ac60bb0>, 'Connection to api.telegram.org timed out. (connect timeout=20)'))"
2026-08-02T03:01:49: 2026-08-02 03:01:49,519 (__init__.py:1117 MainThread) ERROR - TeleBot: "Exception traceback:
2026-08-02T03:01:49: Traceback (most recent call last):
2026-08-02T03:01:49:   File "/Users/aicommander/CascadeProjects/toolcalc/scripts/seo/.venv/lib/python3.9/site-packages/urllib3/connection.py", line 204, in _new_conn
2026-08-02T03:01:49:     sock = connection.create_connection(
2026-08-02T03:01:49:   File "/Users/aicommander/CascadeProjects/toolcalc/scripts/seo/.venv/lib/python3.9/site-packages/urllib3/util/connection.py", line 85, in create_connection
2026-08-02T03:01:49:     raise err
2026-08-02T03:01:49:   File "/Users/aicommander/CascadeProjects/toolcalc/scripts/seo/.venv/lib/python3.9/site-packages/urllib3/util/connection.py", line 73, in create_connection
2026-08-02T03:01:49:     sock.connect(sa)
2026-08-02T03:01:49: socket.timeout: timed out
2026-08-02T03:01:49: 
2026-08-02T03:01:49: The above exception was the direct cause of the following exception:
2026-08-02T03:01:49: 
2026-08-02T03:01:49: Traceback (most recent call last):
2026-08-02T03:01:49:   File "/Users/aicommander/CascadeProjects/toolcalc/scripts/seo/.venv/lib/python3.9/site-packages/urllib3/connectionpool.py", line 787, in urlopen
2026-08-02T03:01:49:     response = self._make_request(
2026-08-02T03:01:49:   File "/Users/aicommander/CascadeProjects/toolcalc/scripts/seo/.venv/lib/python3.9/site-packages/urllib3/connectionpool.py", line 488, in _make_request
2026-08-02T03:01:49:     raise new_e
2026-08-02T03:01:49:   File "/Users/aicommander/CascadeProjects/toolcalc/scripts/seo/.venv/lib/python3.9/site-packages/urllib3/connectionpool.py", line 464, in _make_request
2026-08-02T03:01:49:     self._validate_conn(conn)
2026-08-02T03:01:49:   File "/Users/aicommander/CascadeProjects/toolcalc/scripts/seo/.venv/lib/python3.9/site-packages/urllib3/connectionpool.py", line 1093, in _validate_conn
2026-08-02T03:01:49:     conn.connect()
2026-08-02T03:01:49:   File "/Users/aicommander/CascadeProjects/toolcalc/scripts/seo/.venv/lib/python3.9/site-packages/urllib3/connection.py", line 759, in connect
2026-08-02T03:01:49:     self.sock = sock = self._new_conn()
2026-08-02T03:01:49:   File "/Users/aicommander/CascadeProjects/toolcalc/scripts/seo/.venv/lib/python3.9/site-packages/urllib3/connection.py", line 213, in _new_conn
2026-08-02T03:01:49:     raise ConnectTimeoutError(
2026-08-02T03:01:49: urllib3.exceptions.ConnectTimeoutError: (<HTTPSConnection(host='api.telegram.org', port=443) at 0x10ac60bb0>, 'Connection to api.telegram.org timed out. (connect timeout=20)')
2026-08-02T03:01:49: 
2026-08-02T03:01:49: The above exception was the direct cause of the following exception:
2026-08-02T03:01:49: 
2026-08-02T03:01:49: Traceback (most recent call last):
2026-08-02T03:01:49:   File "/Users/aicommander/CascadeProjects/toolcalc/scripts/seo/.venv/lib/python3.9/site-packages/requests/adapters.py", line 644, in send
2026-08-02T03:01:49:     resp = conn.urlopen(
2026-08-02T03:01:49:   File "/Users/aicommander/CascadeProjects/toolcalc/scripts/seo/.venv/lib/python3.9/site-packages/urllib3/connectionpool.py", line 841, in urlopen
2026-08-02T03:01:49:     retries = retries.increment(
2026-08-02T03:01:49:   File "/Users/aicommander/CascadeProjects/toolcalc/scripts/seo/.venv/lib/python3.9/site-packages/urllib3/util/retry.py", line 535, in increment
2026-08-02T03:01:49:     raise MaxRetryError(_pool, url, reason) from reason  # type: ignore[arg-type]
2026-08-02T03:01:49: urllib3.exceptions.MaxRetryError: HTTPSConnectionPool(host='api.telegram.org', port=443): Max retries exceeded with url: /bot8903604110:***********************************/getUpdates?offset=550404780&timeout=20 (Caused by ConnectTimeoutError(<HTTPSConnection(host='api.telegram.org', port=443) at 0x10ac60bb0>, 'Connection to api.telegram.org timed out. (connect timeout=20)'))
2026-08-02T03:01:49: 
2026-08-02T03:01:49: During handling of the above exception, another exception occurred:
2026-08-02T03:01:49: 
2026-08-02T03:01:49: Traceback (most recent call last):
2026-08-02T03:01:49:   File "/Users/aicommander/CascadeProjects/toolcalc/scripts/seo/.venv/lib/python3.9/site-packages/telebot/__init__.py", line 1110, in infinity_polling
2026-08-02T03:01:49:     self.polling(non_stop=True, timeout=timeout, long_polling_timeout=long_polling_timeout,
2026-08-02T03:01:49:   File "/Users/aicommander/CascadeProjects/toolcalc/scripts/seo/.venv/lib/python3.9/site-packages/telebot/__init__.py", line 1198, in polling
2026-08-02T03:01:49:     self.__threaded_polling(non_stop=non_stop, interval=interval, timeout=timeout, long_polling_timeout=long_polling_timeout,
2026-08-02T03:01:49:   File "/Users/aicommander/CascadeProjects/toolcalc/scripts/seo/.venv/lib/python3.9/site-packages/telebot/__init__.py", line 1273, in __threaded_polling
2026-08-02T03:01:49:     raise e
2026-08-02T03:01:49:   File "/Users/aicommander/CascadeProjects/toolcalc/scripts/seo/.venv/lib/python3.9/site-packages/telebot/__init__.py", line 1234, in __threaded_polling
2026-08-02T03:01:49:     polling_thread.raise_exceptions()
2026-08-02T03:01:49:   File "/Users/aicommander/CascadeProjects/toolcalc/scripts/seo/.venv/lib/python3.9/site-packages/telebot/util.py", line 115, in raise_exceptions
2026-08-02T03:01:49:     raise self.exception_info
2026-08-02T03:01:49:   File "/Users/aicommander/CascadeProjects/toolcalc/scripts/seo/.venv/lib/python3.9/site-packages/telebot/util.py", line 97, in run
2026-08-02T03:01:49:     task(*args, **kwargs)
2026-08-02T03:01:49:   File "/Users/aicommander/CascadeProjects/toolcalc/scripts/seo/.venv/lib/python3.9/site-packages/telebot/__init__.py", line 688, in __retrieve_updates
2026-08-02T03:01:49:     updates = self.get_updates(offset=(self.last_update_id + 1),
2026-08-02T03:01:49:   File "/Users/aicommander/CascadeProjects/toolcalc/scripts/seo/.venv/lib/python3.9/site-packages/telebot/__init__.py", line 660, in get_updates
2026-08-02T03:01:49:     json_updates = apihelper.get_updates(
2026-08-02T03:01:49:   File "/Users/aicommander/CascadeProjects/toolcalc/scripts/seo/.venv/lib/python3.9/site-packages/telebot/apihelper.py", line 339, in get_updates
2026-08-02T03:01:49:     return _make_request(token, method_url, params=payload)
2026-08-02T03:01:49:   File "/Users/aicommander/CascadeProjects/toolcalc/scripts/seo/.venv/lib/python3.9/site-packages/telebot/apihelper.py", line 162, in _make_request
2026-08-02T03:01:49:     result = _get_req_session().request(
2026-08-02T03:01:49:   File "/Users/aicommander/CascadeProjects/toolcalc/scripts/seo/.venv/lib/python3.9/site-packages/requests/sessions.py", line 589, in request
2026-08-02T03:01:49:     resp = self.send(prep, **send_kwargs)
2026-08-02T03:01:49:   File "/Users/aicommander/CascadeProjects/toolcalc/scripts/seo/.venv/lib/python3.9/site-packages/requests/sessions.py", line 703, in send
2026-08-02T03:01:49:     r = adapter.send(request, **kwargs)
2026-08-02T03:01:49:   File "/Users/aicommander/CascadeProjects/toolcalc/scripts/seo/.venv/lib/python3.9/site-packages/requests/adapters.py", line 665, in send
2026-08-02T03:01:49:     raise ConnectTimeout(e, request=request)
2026-08-02T03:01:49: requests.exceptions.ConnectTimeout: HTTPSConnectionPool(host='api.telegram.org', port=443): Max retries exceeded with url: /bot8903604110:***********************************/getUpdates?offset=550404780&timeout=20 (Caused by ConnectTimeoutError(<HTTPSConnection(host='api.telegram.org', port=443) at 0x10ac60bb0>, 'Connection to api.telegram.org timed out. (connect timeout=20)'))
2026-08-02T03:01:49: "
2026-08-02T03:02:12: 2026-08-02 03:02:12,675 (__init__.py:1115 MainThread) ERROR - TeleBot: "Infinity polling exception: HTTPSConnectionPool(host='api.telegram.org', port=443): Max retries exceeded with url: /bot8903604110:***********************************/getUpdates?offset=550404780&timeout=20 (Caused by ConnectTimeoutError(<HTTPSConnection(host='api.telegram.org', port=443) at 0x10accb460>, 'Connection to api.telegram.org timed out. (connect timeout=20)'))"
2026-08-02T03:02:12: 2026-08-02 03:02:12,675 (__init__.py:1117 MainThread) ERROR - TeleBot: "Exception traceback:
2026-08-02T03:02:12: Traceback (most recent call last):
2026-08-02T03:02:12:   File "/Users/aicommander/CascadeProjects/toolcalc/scripts/seo/.venv/lib/python3.9/site-packages/urllib3/connection.py", line 204, in _new_conn
2026-08-02T03:02:12:     sock = connection.create_connection(
2026-08-02T03:02:12:   File "/Users/aicommander/CascadeProjects/toolcalc/scripts/seo/.venv/lib/python3.9/site-packages/urllib3/util/connection.py", line 85, in create_connection
2026-08-02T03:02:12:     raise err
2026-08-02T03:02:12:   File "/Users/aicommander/CascadeProjects/toolcalc/scripts/seo/.venv/lib/python3.9/site-packages/urllib3/util/connection.py", line 73, in create_connection
2026-08-02T03:02:12:     sock.connect(sa)
2026-08-02T03:02:12: socket.timeout: timed out
2026-08-02T03:02:12: 
2026-08-02T03:02:12: The above exception was the direct cause of the following exception:
2026-08-02T03:02:12: 
2026-08-02T03:02:12: Traceback (most recent call last):
2026-08-02T03:02:12:   File "/Users/aicommander/CascadeProjects/toolcalc/scripts/seo/.venv/lib/python3.9/site-packages/urllib3/connectionpool.py", line 787, in urlopen
2026-08-02T03:02:12:     response = self._make_request(
2026-08-02T03:02:12:   File "/Users/aicommander/CascadeProjects/toolcalc/scripts/seo/.venv/lib/python3.9/site-packages/urllib3/connectionpool.py", line 488, in _make_request
2026-08-02T03:02:12:     raise new_e
2026-08-02T03:02:12:   File "/Users/aicommander/CascadeProjects/toolcalc/scripts/seo/.venv/lib/python3.9/site-packages/urllib3/connectionpool.py", line 464, in _make_request
2026-08-02T03:02:12:     self._validate_conn(conn)
2026-08-02T03:02:12:   File "/Users/aicommander/CascadeProjects/toolcalc/scripts/seo/.venv/lib/python3.9/site-packages/urllib3/connectionpool.py", line 1093, in _validate_conn
2026-08-02T03:02:12:     conn.connect()
2026-08-02T03:02:12:   File "/Users/aicommander/CascadeProjects/toolcalc/scripts/seo/.venv/lib/python3.9/site-packages/urllib3/connection.py", line 759, in connect
2026-08-02T03:02:12:     self.sock = sock = self._new_conn()
2026-08-02T03:02:12:   File "/Users/aicommander/CascadeProjects/toolcalc/scripts/seo/.venv/lib/python3.9/site-packages/urllib3/connection.py", line 213, in _new_conn
2026-08-02T03:02:12:     raise ConnectTimeoutError(
2026-08-02T03:02:12: urllib3.exceptions.ConnectTimeoutError: (<HTTPSConnection(host='api.telegram.org', port=443) at 0x10accb460>, 'Connection to api.telegram.org timed out. (connect timeout=20)')
2026-08-02T03:02:12: 
2026-08-02T03:02:12: The above exception was the direct cause of the following exception:
2026-08-02T03:02:12: 
2026-08-02T03:02:12: Traceback (most recent call last):
2026-08-02T03:02:12:   File "/Users/aicommander/CascadeProjects/toolcalc/scripts/seo/.venv/lib/python3.9/site-packages/requests/adapters.py", line 644, in send
2026-08-02T03:02:12:     resp = conn.urlopen(
2026-08-02T03:02:12:   File "/Users/aicommander/CascadeProjects/toolcalc/scripts/seo/.venv/lib/python3.9/site-packages/urllib3/connectionpool.py", line 841, in urlopen
2026-08-02T03:02:12:     retries = retries.increment(
2026-08-02T03:02:12:   File "/Users/aicommander/CascadeProjects/toolcalc/scripts/seo/.venv/lib/python3.9/site-packages/urllib3/util/retry.py", line 535, in increment
2026-08-02T03:02:12:     raise MaxRetryError(_pool, url, reason) from reason  # type: ignore[arg-type]
2026-08-02T03:02:12: urllib3.exceptions.MaxRetryError: HTTPSConnectionPool(host='api.telegram.org', port=443): Max retries exceeded with url: /bot8903604110:***********************************/getUpdates?offset=550404780&timeout=20 (Caused by ConnectTimeoutError(<HTTPSConnection(host='api.telegram.org', port=443) at 0x10accb460>, 'Connection to api.telegram.org timed out. (connect timeout=20)'))
2026-08-02T03:02:12: 
2026-08-02T03:02:12: During handling of the above exception, another exception occurred:
2026-08-02T03:02:12: 
2026-08-02T03:02:12: Traceback (most recent call last):
2026-08-02T03:02:12:   File "/Users/aicommander/CascadeProjects/toolcalc/scripts/seo/.venv/lib/python3.9/site-packages/telebot/__init__.py", line 1110, in infinity_polling
2026-08-02T03:02:12:     self.polling(non_stop=True, timeout=timeout, long_polling_timeout=long_polling_timeout,
2026-08-02T03:02:12:   File "/Users/aicommander/CascadeProjects/toolcalc/scripts/seo/.venv/lib/python3.9/site-packages/telebot/__init__.py", line 1198, in polling
2026-08-02T03:02:12:     self.__threaded_polling(non_stop=non_stop, interval=interval, timeout=timeout, long_polling_timeout=long_polling_timeout,
2026-08-02T03:02:12:   File "/Users/aicommander/CascadeProjects/toolcalc/scripts/seo/.venv/lib/python3.9/site-packages/telebot/__init__.py", line 1273, in __threaded_polling
2026-08-02T03:02:12:     raise e
2026-08-02T03:02:12:   File "/Users/aicommander/CascadeProjects/toolcalc/scripts/seo/.venv/lib/python3.9/site-packages/telebot/__init__.py", line 1234, in __threaded_polling
2026-08-02T03:02:12:     polling_thread.raise_exceptions()
2026-08-02T03:02:12:   File "/Users/aicommander/CascadeProjects/toolcalc/scripts/seo/.venv/lib/python3.9/site-packages/telebot/util.py", line 115, in raise_exceptions
2026-08-02T03:02:12:     raise self.exception_info
2026-08-02T03:02:12:   File "/Users/aicommander/CascadeProjects/toolcalc/scripts/seo/.venv/lib/python3.9/site-packages/telebot/util.py", line 97, in run
2026-08-02T03:02:12:     task(*args, **kwargs)
2026-08-02T03:02:12:   File "/Users/aicommander/CascadeProjects/toolcalc/scripts/seo/.venv/lib/python3.9/site-packages/telebot/__init__.py", line 688, in __retrieve_updates
2026-08-02T03:02:12:     updates = self.get_updates(offset=(self.last_update_id + 1),
2026-08-02T03:02:12:   File "/Users/aicommander/CascadeProjects/toolcalc/scripts/seo/.venv/lib/python3.9/site-packages/telebot/__init__.py", line 660, in get_updates
2026-08-02T03:02:12:     json_updates = apihelper.get_updates(
2026-08-02T03:02:12:   File "/Users/aicommander/CascadeProjects/toolcalc/scripts/seo/.venv/lib/python3.9/site-packages/telebot/apihelper.py", line 339, in get_updates
2026-08-02T03:02:12:     return _make_request(token, method_url, params=payload)
2026-08-02T03:02:12:   File "/Users/aicommander/CascadeProjects/toolcalc/scripts/seo/.venv/lib/python3.9/site-packages/telebot/apihelper.py", line 162, in _make_request
2026-08-02T03:02:12:     result = _get_req_session().request(
2026-08-02T03:02:12:   File "/Users/aicommander/CascadeProjects/toolcalc/scripts/seo/.venv/lib/python3.9/site-packages/requests/sessions.py", line 589, in request
2026-08-02T03:02:12:     resp = self.send(prep, **send_kwargs)
2026-08-02T03:02:12:   File "/Users/aicommander/CascadeProjects/toolcalc/scripts/seo/.venv/lib/python3.9/site-packages/requests/sessions.py", line 703, in send
2026-08-02T03:02:12:     r = adapter.send(request, **kwargs)
2026-08-02T03:02:12:   File "/Users/aicommander/CascadeProjects/toolcalc/scripts/seo/.venv/lib/python3.9/site-packages/requests/adapters.py", line 665, in send
2026-08-02T03:02:12:     raise ConnectTimeout(e, request=request)
2026-08-02T03:02:12: requests.exceptions.ConnectTimeout: HTTPSConnectionPool(host='api.telegram.org', port=443): Max retries exceeded with url: /bot8903604110:***********************************/getUpdates?offset=550404780&timeout=20 (Caused by ConnectTimeoutError(<HTTPSConnection(host='api.telegram.org', port=443) at 0x10accb460>, 'Connection to api.telegram.org timed out. (connect timeout=20)'))
2026-08-02T03:02:12: "
2026-08-02T18:46:29: 2026-08-02 18:46:29,536 (__init__.py:1115 MainThread) ERROR - TeleBot: "Infinity polling exception: ('Connection aborted.', ConnectionResetError(54, 'Connection reset by peer'))"
2026-08-02T18:46:29: 2026-08-02 18:46:29,540 (__init__.py:1117 MainThread) ERROR - TeleBot: "Exception traceback:
2026-08-02T18:46:29: Traceback (most recent call last):
2026-08-02T18:46:29:   File "/Users/aicommander/CascadeProjects/toolcalc/scripts/seo/.venv/lib/python3.9/site-packages/urllib3/connectionpool.py", line 787, in urlopen
2026-08-02T18:46:29:     response = self._make_request(
2026-08-02T18:46:29:   File "/Users/aicommander/CascadeProjects/toolcalc/scripts/seo/.venv/lib/python3.9/site-packages/urllib3/connectionpool.py", line 534, in _make_request
2026-08-02T18:46:29:     response = conn.getresponse()
2026-08-02T18:46:29:   File "/Users/aicommander/CascadeProjects/toolcalc/scripts/seo/.venv/lib/python3.9/site-packages/urllib3/connection.py", line 571, in getresponse
2026-08-02T18:46:29:     httplib_response = super().getresponse()
2026-08-02T18:46:29:   File "/Library/Developer/CommandLineTools/Library/Frameworks/Python3.framework/Versions/3.9/lib/python3.9/http/client.py", line 1349, in getresponse
2026-08-02T18:46:29:     response.begin()
2026-08-02T18:46:29:   File "/Library/Developer/CommandLineTools/Library/Frameworks/Python3.framework/Versions/3.9/lib/python3.9/http/client.py", line 316, in begin
2026-08-02T18:46:29:     version, status, reason = self._read_status()
2026-08-02T18:46:29:   File "/Library/Developer/CommandLineTools/Library/Frameworks/Python3.framework/Versions/3.9/lib/python3.9/http/client.py", line 277, in _read_status
2026-08-02T18:46:29:     line = str(self.fp.readline(_MAXLINE + 1), "iso-8859-1")
2026-08-02T18:46:29:   File "/Library/Developer/CommandLineTools/Library/Frameworks/Python3.framework/Versions/3.9/lib/python3.9/socket.py", line 704, in readinto
2026-08-02T18:46:29:     return self._sock.recv_into(b)
2026-08-02T18:46:29:   File "/Library/Developer/CommandLineTools/Library/Frameworks/Python3.framework/Versions/3.9/lib/python3.9/ssl.py", line 1241, in recv_into
2026-08-02T18:46:29:     return self.read(nbytes, buffer)
2026-08-02T18:46:29:   File "/Library/Developer/CommandLineTools/Library/Frameworks/Python3.framework/Versions/3.9/lib/python3.9/ssl.py", line 1099, in read
2026-08-02T18:46:29:     return self._sslobj.read(len, buffer)
2026-08-02T18:46:29: ConnectionResetError: [Errno 54] Connection reset by peer
2026-08-02T18:46:29: 
2026-08-02T18:46:29: During handling of the above exception, another exception occurred:
2026-08-02T18:46:29: 
2026-08-02T18:46:29: Traceback (most recent call last):
2026-08-02T18:46:29:   File "/Users/aicommander/CascadeProjects/toolcalc/scripts/seo/.venv/lib/python3.9/site-packages/requests/adapters.py", line 644, in send
2026-08-02T18:46:29:     resp = conn.urlopen(
2026-08-02T18:46:29:   File "/Users/aicommander/CascadeProjects/toolcalc/scripts/seo/.venv/lib/python3.9/site-packages/urllib3/connectionpool.py", line 841, in urlopen
2026-08-02T18:46:29:     retries = retries.increment(
2026-08-02T18:46:29:   File "/Users/aicommander/CascadeProjects/toolcalc/scripts/seo/.venv/lib/python3.9/site-packages/urllib3/util/retry.py", line 490, in increment
2026-08-02T18:46:29:     raise reraise(type(error), error, _stacktrace)
2026-08-02T18:46:29:   File "/Users/aicommander/CascadeProjects/toolcalc/scripts/seo/.venv/lib/python3.9/site-packages/urllib3/util/util.py", line 38, in reraise
2026-08-02T18:46:29:     raise value.with_traceback(tb)
2026-08-02T18:46:29:   File "/Users/aicommander/CascadeProjects/toolcalc/scripts/seo/.venv/lib/python3.9/site-packages/urllib3/connectionpool.py", line 787, in urlopen
2026-08-02T18:46:29:     response = self._make_request(
2026-08-02T18:46:29:   File "/Users/aicommander/CascadeProjects/toolcalc/scripts/seo/.venv/lib/python3.9/site-packages/urllib3/connectionpool.py", line 534, in _make_request
2026-08-02T18:46:29:     response = conn.getresponse()
2026-08-02T18:46:29:   File "/Users/aicommander/CascadeProjects/toolcalc/scripts/seo/.venv/lib/python3.9/site-packages/urllib3/connection.py", line 571, in getresponse
2026-08-02T18:46:29:     httplib_response = super().getresponse()
2026-08-02T18:46:29:   File "/Library/Developer/CommandLineTools/Library/Frameworks/Python3.framework/Versions/3.9/lib/python3.9/http/client.py", line 1349, in getresponse
2026-08-02T18:46:29:     response.begin()
2026-08-02T18:46:29:   File "/Library/Developer/CommandLineTools/Library/Frameworks/Python3.framework/Versions/3.9/lib/python3.9/http/client.py", line 316, in begin
2026-08-02T18:46:29:     version, status, reason = self._read_status()
2026-08-02T18:46:29:   File "/Library/Developer/CommandLineTools/Library/Frameworks/Python3.framework/Versions/3.9/lib/python3.9/http/client.py", line 277, in _read_status
2026-08-02T18:46:29:     line = str(self.fp.readline(_MAXLINE + 1), "iso-8859-1")
2026-08-02T18:46:29:   File "/Library/Developer/CommandLineTools/Library/Frameworks/Python3.framework/Versions/3.9/lib/python3.9/socket.py", line 704, in readinto
2026-08-02T18:46:29:     return self._sock.recv_into(b)
2026-08-02T18:46:29:   File "/Library/Developer/CommandLineTools/Library/Frameworks/Python3.framework/Versions/3.9/lib/python3.9/ssl.py", line 1241, in recv_into
2026-08-02T18:46:29:     return self.read(nbytes, buffer)
2026-08-02T18:46:29:   File "/Library/Developer/CommandLineTools/Library/Frameworks/Python3.framework/Versions/3.9/lib/python3.9/ssl.py", line 1099, in read
2026-08-02T18:46:29:     return self._sslobj.read(len, buffer)
2026-08-02T18:46:29: urllib3.exceptions.ProtocolError: ('Connection aborted.', ConnectionResetError(54, 'Connection reset by peer'))
2026-08-02T18:46:29: 
2026-08-02T18:46:29: During handling of the above exception, another exception occurred:
2026-08-02T18:46:29: 
2026-08-02T18:46:29: Traceback (most recent call last):
2026-08-02T18:46:29:   File "/Users/aicommander/CascadeProjects/toolcalc/scripts/seo/.venv/lib/python3.9/site-packages/telebot/__init__.py", line 1110, in infinity_polling
2026-08-02T18:46:29:     self.polling(non_stop=True, timeout=timeout, long_polling_timeout=long_polling_timeout,
2026-08-02T18:46:29:   File "/Users/aicommander/CascadeProjects/toolcalc/scripts/seo/.venv/lib/python3.9/site-packages/telebot/__init__.py", line 1198, in polling
2026-08-02T18:46:29:     self.__threaded_polling(non_stop=non_stop, interval=interval, timeout=timeout, long_polling_timeout=long_polling_timeout,
2026-08-02T18:46:29:   File "/Users/aicommander/CascadeProjects/toolcalc/scripts/seo/.venv/lib/python3.9/site-packages/telebot/__init__.py", line 1273, in __threaded_polling
2026-08-02T18:46:29:     raise e
2026-08-02T18:46:29:   File "/Users/aicommander/CascadeProjects/toolcalc/scripts/seo/.venv/lib/python3.9/site-packages/telebot/__init__.py", line 1234, in __threaded_polling
2026-08-02T18:46:29:     polling_thread.raise_exceptions()
2026-08-02T18:46:29:   File "/Users/aicommander/CascadeProjects/toolcalc/scripts/seo/.venv/lib/python3.9/site-packages/telebot/util.py", line 115, in raise_exceptions
2026-08-02T18:46:29:     raise self.exception_info
2026-08-02T18:46:29:   File "/Users/aicommander/CascadeProjects/toolcalc/scripts/seo/.venv/lib/python3.9/site-packages/telebot/util.py", line 97, in run
2026-08-02T18:46:29:     task(*args, **kwargs)
2026-08-02T18:46:29:   File "/Users/aicommander/CascadeProjects/toolcalc/scripts/seo/.venv/lib/python3.9/site-packages/telebot/__init__.py", line 688, in __retrieve_updates
2026-08-02T18:46:29:     updates = self.get_updates(offset=(self.last_update_id + 1),
2026-08-02T18:46:29:   File "/Users/aicommander/CascadeProjects/toolcalc/scripts/seo/.venv/lib/python3.9/site-packages/telebot/__init__.py", line 660, in get_updates
2026-08-02T18:46:29:     json_updates = apihelper.get_updates(
2026-08-02T18:46:29:   File "/Users/aicommander/CascadeProjects/toolcalc/scripts/seo/.venv/lib/python3.9/site-packages/telebot/apihelper.py", line 339, in get_updates
2026-08-02T18:46:29:     return _make_request(token, method_url, params=payload)
2026-08-02T18:46:29:   File "/Users/aicommander/CascadeProjects/toolcalc/scripts/seo/.venv/lib/python3.9/site-packages/telebot/apihelper.py", line 162, in _make_request
2026-08-02T18:46:29:     result = _get_req_session().request(
2026-08-02T18:46:29:   File "/Users/aicommander/CascadeProjects/toolcalc/scripts/seo/.venv/lib/python3.9/site-packages/requests/sessions.py", line 589, in request
2026-08-02T18:46:29:     resp = self.send(prep, **send_kwargs)
2026-08-02T18:46:29:   File "/Users/aicommander/CascadeProjects/toolcalc/scripts/seo/.venv/lib/python3.9/site-packages/requests/sessions.py", line 703, in send
2026-08-02T18:46:29:     r = adapter.send(request, **kwargs)
2026-08-02T18:46:29:   File "/Users/aicommander/CascadeProjects/toolcalc/scripts/seo/.venv/lib/python3.9/site-packages/requests/adapters.py", line 659, in send
2026-08-02T18:46:29:     raise ConnectionError(err, request=request)
2026-08-02T18:46:29: requests.exceptions.ConnectionError: ('Connection aborted.', ConnectionResetError(54, 'Connection reset by peer'))
2026-08-02T18:46:29: "
2026-08-03T03:00:58: 2026-08-03 03:00:58,660 (__init__.py:1115 MainThread) ERROR - TeleBot: "Infinity polling exception: HTTPSConnectionPool(host='api.telegram.org', port=443): Read timed out. (read timeout=25)"
2026-08-03T03:00:58: 2026-08-03 03:00:58,662 (__init__.py:1117 MainThread) ERROR - TeleBot: "Exception traceback:
2026-08-03T03:00:58: Traceback (most recent call last):
2026-08-03T03:00:58:   File "/Users/aicommander/CascadeProjects/toolcalc/scripts/seo/.venv/lib/python3.9/site-packages/urllib3/connectionpool.py", line 534, in _make_request
2026-08-03T03:00:58:     response = conn.getresponse()
2026-08-03T03:00:58:   File "/Users/aicommander/CascadeProjects/toolcalc/scripts/seo/.venv/lib/python3.9/site-packages/urllib3/connection.py", line 571, in getresponse
2026-08-03T03:00:58:     httplib_response = super().getresponse()
2026-08-03T03:00:58:   File "/Library/Developer/CommandLineTools/Library/Frameworks/Python3.framework/Versions/3.9/lib/python3.9/http/client.py", line 1349, in getresponse
2026-08-03T03:00:58:     response.begin()
2026-08-03T03:00:58:   File "/Library/Developer/CommandLineTools/Library/Frameworks/Python3.framework/Versions/3.9/lib/python3.9/http/client.py", line 316, in begin
2026-08-03T03:00:58:     version, status, reason = self._read_status()
2026-08-03T03:00:58:   File "/Library/Developer/CommandLineTools/Library/Frameworks/Python3.framework/Versions/3.9/lib/python3.9/http/client.py", line 277, in _read_status
2026-08-03T03:00:58:     line = str(self.fp.readline(_MAXLINE + 1), "iso-8859-1")
2026-08-03T03:00:58:   File "/Library/Developer/CommandLineTools/Library/Frameworks/Python3.framework/Versions/3.9/lib/python3.9/socket.py", line 704, in readinto
2026-08-03T03:00:58:     return self._sock.recv_into(b)
2026-08-03T03:00:58:   File "/Library/Developer/CommandLineTools/Library/Frameworks/Python3.framework/Versions/3.9/lib/python3.9/ssl.py", line 1241, in recv_into
2026-08-03T03:00:58:     return self.read(nbytes, buffer)
2026-08-03T03:00:58:   File "/Library/Developer/CommandLineTools/Library/Frameworks/Python3.framework/Versions/3.9/lib/python3.9/ssl.py", line 1099, in read
2026-08-03T03:00:58:     return self._sslobj.read(len, buffer)
2026-08-03T03:00:58: socket.timeout: The read operation timed out
2026-08-03T03:00:58: 
2026-08-03T03:00:58: The above exception was the direct cause of the following exception:
2026-08-03T03:00:58: 
2026-08-03T03:00:58: Traceback (most recent call last):
2026-08-03T03:00:58:   File "/Users/aicommander/CascadeProjects/toolcalc/scripts/seo/.venv/lib/python3.9/site-packages/requests/adapters.py", line 644, in send
2026-08-03T03:00:58:     resp = conn.urlopen(
2026-08-03T03:00:58:   File "/Users/aicommander/CascadeProjects/toolcalc/scripts/seo/.venv/lib/python3.9/site-packages/urllib3/connectionpool.py", line 841, in urlopen
2026-08-03T03:00:58:     retries = retries.increment(
2026-08-03T03:00:58:   File "/Users/aicommander/CascadeProjects/toolcalc/scripts/seo/.venv/lib/python3.9/site-packages/urllib3/util/retry.py", line 490, in increment
2026-08-03T03:00:58:     raise reraise(type(error), error, _stacktrace)
2026-08-03T03:00:58:   File "/Users/aicommander/CascadeProjects/toolcalc/scripts/seo/.venv/lib/python3.9/site-packages/urllib3/util/util.py", line 39, in reraise
2026-08-03T03:00:58:     raise value
2026-08-03T03:00:58:   File "/Users/aicommander/CascadeProjects/toolcalc/scripts/seo/.venv/lib/python3.9/site-packages/urllib3/connectionpool.py", line 787, in urlopen
2026-08-03T03:00:58:     response = self._make_request(
2026-08-03T03:00:58:   File "/Users/aicommander/CascadeProjects/toolcalc/scripts/seo/.venv/lib/python3.9/site-packages/urllib3/connectionpool.py", line 536, in _make_request
2026-08-03T03:00:58:     self._raise_timeout(err=e, url=url, timeout_value=read_timeout)
2026-08-03T03:00:58:   File "/Users/aicommander/CascadeProjects/toolcalc/scripts/seo/.venv/lib/python3.9/site-packages/urllib3/connectionpool.py", line 367, in _raise_timeout
2026-08-03T03:00:58:     raise ReadTimeoutError(
2026-08-03T03:00:58: urllib3.exceptions.ReadTimeoutError: HTTPSConnectionPool(host='api.telegram.org', port=443): Read timed out. (read timeout=25)
2026-08-03T03:00:58: 
2026-08-03T03:00:58: During handling of the above exception, another exception occurred:
2026-08-03T03:00:58: 
2026-08-03T03:00:58: Traceback (most recent call last):
2026-08-03T03:00:58:   File "/Users/aicommander/CascadeProjects/toolcalc/scripts/seo/.venv/lib/python3.9/site-packages/telebot/__init__.py", line 1110, in infinity_polling
2026-08-03T03:00:58:     self.polling(non_stop=True, timeout=timeout, long_polling_timeout=long_polling_timeout,
2026-08-03T03:00:58:   File "/Users/aicommander/CascadeProjects/toolcalc/scripts/seo/.venv/lib/python3.9/site-packages/telebot/__init__.py", line 1198, in polling
2026-08-03T03:00:58:     self.__threaded_polling(non_stop=non_stop, interval=interval, timeout=timeout, long_polling_timeout=long_polling_timeout,
2026-08-03T03:00:58:   File "/Users/aicommander/CascadeProjects/toolcalc/scripts/seo/.venv/lib/python3.9/site-packages/telebot/__init__.py", line 1273, in __threaded_polling
2026-08-03T03:00:58:     raise e
2026-08-03T03:00:58:   File "/Users/aicommander/CascadeProjects/toolcalc/scripts/seo/.venv/lib/python3.9/site-packages/telebot/__init__.py", line 1234, in __threaded_polling
2026-08-03T03:00:58:     polling_thread.raise_exceptions()
2026-08-03T03:00:58:   File "/Users/aicommander/CascadeProjects/toolcalc/scripts/seo/.venv/lib/python3.9/site-packages/telebot/util.py", line 115, in raise_exceptions
2026-08-03T03:00:58:     raise self.exception_info
2026-08-03T03:00:58:   File "/Users/aicommander/CascadeProjects/toolcalc/scripts/seo/.venv/lib/python3.9/site-packages/telebot/util.py", line 97, in run
2026-08-03T03:00:58:     task(*args, **kwargs)
2026-08-03T03:00:58:   File "/Users/aicommander/CascadeProjects/toolcalc/scripts/seo/.venv/lib/python3.9/site-packages/telebot/__init__.py", line 688, in __retrieve_updates
2026-08-03T03:00:58:     updates = self.get_updates(offset=(self.last_update_id + 1),
2026-08-03T03:00:58:   File "/Users/aicommander/CascadeProjects/toolcalc/scripts/seo/.venv/lib/python3.9/site-packages/telebot/__init__.py", line 660, in get_updates
2026-08-03T03:00:58:     json_updates = apihelper.get_updates(
2026-08-03T03:00:58:   File "/Users/aicommander/CascadeProjects/toolcalc/scripts/seo/.venv/lib/python3.9/site-packages/telebot/apihelper.py", line 339, in get_updates
2026-08-03T03:00:58:     return _make_request(token, method_url, params=payload)
2026-08-03T03:00:58:   File "/Users/aicommander/CascadeProjects/toolcalc/scripts/seo/.venv/lib/python3.9/site-packages/telebot/apihelper.py", line 162, in _make_request
2026-08-03T03:00:58:     result = _get_req_session().request(
2026-08-03T03:00:58:   File "/Users/aicommander/CascadeProjects/toolcalc/scripts/seo/.venv/lib/python3.9/site-packages/requests/sessions.py", line 589, in request
2026-08-03T03:00:58:     resp = self.send(prep, **send_kwargs)
2026-08-03T03:00:58:   File "/Users/aicommander/CascadeProjects/toolcalc/scripts/seo/.venv/lib/python3.9/site-packages/requests/sessions.py", line 703, in send
2026-08-03T03:00:58:     r = adapter.send(request, **kwargs)
2026-08-03T03:00:58:   File "/Users/aicommander/CascadeProjects/toolcalc/scripts/seo/.venv/lib/python3.9/site-packages/requests/adapters.py", line 690, in send
2026-08-03T03:00:58:     raise ReadTimeout(e, request=request)
2026-08-03T03:00:58: requests.exceptions.ReadTimeout: HTTPSConnectionPool(host='api.telegram.org', port=443): Read timed out. (read timeout=25)
2026-08-03T03:00:58: "
2026-08-03T03:01:21: 2026-08-03 03:01:21,815 (__init__.py:1115 MainThread) ERROR - TeleBot: "Infinity polling exception: HTTPSConnectionPool(host='api.telegram.org', port=443): Max retries exceeded with url: /bot8903604110:***********************************/getUpdates?offset=550404780&timeout=20 (Caused by ConnectTimeoutError(<HTTPSConnection(host='api.telegram.org', port=443) at 0x10ac65790>, 'Connection to api.telegram.org timed out. (connect timeout=20)'))"
2026-08-03T03:01:21: 2026-08-03 03:01:21,816 (__init__.py:1117 MainThread) ERROR - TeleBot: "Exception traceback:
2026-08-03T03:01:21: Traceback (most recent call last):
2026-08-03T03:01:21:   File "/Users/aicommander/CascadeProjects/toolcalc/scripts/seo/.venv/lib/python3.9/site-packages/urllib3/connection.py", line 204, in _new_conn
2026-08-03T03:01:21:     sock = connection.create_connection(
2026-08-03T03:01:21:   File "/Users/aicommander/CascadeProjects/toolcalc/scripts/seo/.venv/lib/python3.9/site-packages/urllib3/util/connection.py", line 85, in create_connection
2026-08-03T03:01:21:     raise err
2026-08-03T03:01:21:   File "/Users/aicommander/CascadeProjects/toolcalc/scripts/seo/.venv/lib/python3.9/site-packages/urllib3/util/connection.py", line 73, in create_connection
2026-08-03T03:01:21:     sock.connect(sa)
2026-08-03T03:01:21: socket.timeout: timed out
2026-08-03T03:01:21: 
2026-08-03T03:01:21: The above exception was the direct cause of the following exception:
2026-08-03T03:01:21: 
2026-08-03T03:01:21: Traceback (most recent call last):
2026-08-03T03:01:21:   File "/Users/aicommander/CascadeProjects/toolcalc/scripts/seo/.venv/lib/python3.9/site-packages/urllib3/connectionpool.py", line 787, in urlopen
2026-08-03T03:01:21:     response = self._make_request(
2026-08-03T03:01:21:   File "/Users/aicommander/CascadeProjects/toolcalc/scripts/seo/.venv/lib/python3.9/site-packages/urllib3/connectionpool.py", line 488, in _make_request
2026-08-03T03:01:21:     raise new_e
2026-08-03T03:01:21:   File "/Users/aicommander/CascadeProjects/toolcalc/scripts/seo/.venv/lib/python3.9/site-packages/urllib3/connectionpool.py", line 464, in _make_request
2026-08-03T03:01:21:     self._validate_conn(conn)
2026-08-03T03:01:21:   File "/Users/aicommander/CascadeProjects/toolcalc/scripts/seo/.venv/lib/python3.9/site-packages/urllib3/connectionpool.py", line 1093, in _validate_conn
2026-08-03T03:01:21:     conn.connect()
2026-08-03T03:01:21:   File "/Users/aicommander/CascadeProjects/toolcalc/scripts/seo/.venv/lib/python3.9/site-packages/urllib3/connection.py", line 759, in connect
2026-08-03T03:01:21:     self.sock = sock = self._new_conn()
2026-08-03T03:01:21:   File "/Users/aicommander/CascadeProjects/toolcalc/scripts/seo/.venv/lib/python3.9/site-packages/urllib3/connection.py", line 213, in _new_conn
2026-08-03T03:01:21:     raise ConnectTimeoutError(
2026-08-03T03:01:21: urllib3.exceptions.ConnectTimeoutError: (<HTTPSConnection(host='api.telegram.org', port=443) at 0x10ac65790>, 'Connection to api.telegram.org timed out. (connect timeout=20)')
2026-08-03T03:01:21: 
2026-08-03T03:01:21: The above exception was the direct cause of the following exception:
2026-08-03T03:01:21: 
2026-08-03T03:01:21: Traceback (most recent call last):
2026-08-03T03:01:21:   File "/Users/aicommander/CascadeProjects/toolcalc/scripts/seo/.venv/lib/python3.9/site-packages/requests/adapters.py", line 644, in send
2026-08-03T03:01:21:     resp = conn.urlopen(
2026-08-03T03:01:21:   File "/Users/aicommander/CascadeProjects/toolcalc/scripts/seo/.venv/lib/python3.9/site-packages/urllib3/connectionpool.py", line 841, in urlopen
2026-08-03T03:01:21:     retries = retries.increment(
2026-08-03T03:01:21:   File "/Users/aicommander/CascadeProjects/toolcalc/scripts/seo/.venv/lib/python3.9/site-packages/urllib3/util/retry.py", line 535, in increment
2026-08-03T03:01:21:     raise MaxRetryError(_pool, url, reason) from reason  # type: ignore[arg-type]
2026-08-03T03:01:21: urllib3.exceptions.MaxRetryError: HTTPSConnectionPool(host='api.telegram.org', port=443): Max retries exceeded with url: /bot8903604110:***********************************/getUpdates?offset=550404780&timeout=20 (Caused by ConnectTimeoutError(<HTTPSConnection(host='api.telegram.org', port=443) at 0x10ac65790>, 'Connection to api.telegram.org timed out. (connect timeout=20)'))
2026-08-03T03:01:21: 
2026-08-03T03:01:21: During handling of the above exception, another exception occurred:
2026-08-03T03:01:21: 
2026-08-03T03:01:21: Traceback (most recent call last):
2026-08-03T03:01:21:   File "/Users/aicommander/CascadeProjects/toolcalc/scripts/seo/.venv/lib/python3.9/site-packages/telebot/__init__.py", line 1110, in infinity_polling
2026-08-03T03:01:21:     self.polling(non_stop=True, timeout=timeout, long_polling_timeout=long_polling_timeout,
2026-08-03T03:01:21:   File "/Users/aicommander/CascadeProjects/toolcalc/scripts/seo/.venv/lib/python3.9/site-packages/telebot/__init__.py", line 1198, in polling
2026-08-03T03:01:21:     self.__threaded_polling(non_stop=non_stop, interval=interval, timeout=timeout, long_polling_timeout=long_polling_timeout,
2026-08-03T03:01:21:   File "/Users/aicommander/CascadeProjects/toolcalc/scripts/seo/.venv/lib/python3.9/site-packages/telebot/__init__.py", line 1273, in __threaded_polling
2026-08-03T03:01:21:     raise e
2026-08-03T03:01:21:   File "/Users/aicommander/CascadeProjects/toolcalc/scripts/seo/.venv/lib/python3.9/site-packages/telebot/__init__.py", line 1234, in __threaded_polling
2026-08-03T03:01:21:     polling_thread.raise_exceptions()
2026-08-03T03:01:21:   File "/Users/aicommander/CascadeProjects/toolcalc/scripts/seo/.venv/lib/python3.9/site-packages/telebot/util.py", line 115, in raise_exceptions
2026-08-03T03:01:21:     raise self.exception_info
2026-08-03T03:01:21:   File "/Users/aicommander/CascadeProjects/toolcalc/scripts/seo/.venv/lib/python3.9/site-packages/telebot/util.py", line 97, in run
2026-08-03T03:01:21:     task(*args, **kwargs)
2026-08-03T03:01:21:   File "/Users/aicommander/CascadeProjects/toolcalc/scripts/seo/.venv/lib/python3.9/site-packages/telebot/__init__.py", line 688, in __retrieve_updates
2026-08-03T03:01:21:     updates = self.get_updates(offset=(self.last_update_id + 1),
2026-08-03T03:01:21:   File "/Users/aicommander/CascadeProjects/toolcalc/scripts/seo/.venv/lib/python3.9/site-packages/telebot/__init__.py", line 660, in get_updates
2026-08-03T03:01:21:     json_updates = apihelper.get_updates(
2026-08-03T03:01:21:   File "/Users/aicommander/CascadeProjects/toolcalc/scripts/seo/.venv/lib/python3.9/site-packages/telebot/apihelper.py", line 339, in get_updates
2026-08-03T03:01:21:     return _make_request(token, method_url, params=payload)
2026-08-03T03:01:21:   File "/Users/aicommander/CascadeProjects/toolcalc/scripts/seo/.venv/lib/python3.9/site-packages/telebot/apihelper.py", line 162, in _make_request
2026-08-03T03:01:21:     result = _get_req_session().request(
2026-08-03T03:01:21:   File "/Users/aicommander/CascadeProjects/toolcalc/scripts/seo/.venv/lib/python3.9/site-packages/requests/sessions.py", line 589, in request
2026-08-03T03:01:21:     resp = self.send(prep, **send_kwargs)
2026-08-03T03:01:21:   File "/Users/aicommander/CascadeProjects/toolcalc/scripts/seo/.venv/lib/python3.9/site-packages/requests/sessions.py", line 703, in send
2026-08-03T03:01:21:     r = adapter.send(request, **kwargs)
2026-08-03T03:01:21:   File "/Users/aicommander/CascadeProjects/toolcalc/scripts/seo/.venv/lib/python3.9/site-packages/requests/adapters.py", line 665, in send
2026-08-03T03:01:21:     raise ConnectTimeout(e, request=request)
2026-08-03T03:01:21: requests.exceptions.ConnectTimeout: HTTPSConnectionPool(host='api.telegram.org', port=443): Max retries exceeded with url: /bot8903604110:***********************************/getUpdates?offset=550404780&timeout=20 (Caused by ConnectTimeoutError(<HTTPSConnection(host='api.telegram.org', port=443) at 0x10ac65790>, 'Connection to api.telegram.org timed out. (connect timeout=20)'))
2026-08-03T03:01:21: "
2026-08-03T03:01:44: 2026-08-03 03:01:44,871 (__init__.py:1115 MainThread) ERROR - TeleBot: "Infinity polling exception: HTTPSConnectionPool(host='api.telegram.org', port=443): Max retries exceeded with url: /bot8903604110:***********************************/getUpdates?offset=550404780&timeout=20 (Caused by ConnectTimeoutError(<HTTPSConnection(host='api.telegram.org', port=443) at 0x10acc05e0>, 'Connection to api.telegram.org timed out. (connect timeout=20)'))"
2026-08-03T03:01:44: 2026-08-03 03:01:44,872 (__init__.py:1117 MainThread) ERROR - TeleBot: "Exception traceback:
2026-08-03T03:01:44: Traceback (most recent call last):
2026-08-03T03:01:44:   File "/Users/aicommander/CascadeProjects/toolcalc/scripts/seo/.venv/lib/python3.9/site-packages/urllib3/connection.py", line 204, in _new_conn
2026-08-03T03:01:44:     sock = connection.create_connection(
2026-08-03T03:01:44:   File "/Users/aicommander/CascadeProjects/toolcalc/scripts/seo/.venv/lib/python3.9/site-packages/urllib3/util/connection.py", line 85, in create_connection
2026-08-03T03:01:44:     raise err
2026-08-03T03:01:44:   File "/Users/aicommander/CascadeProjects/toolcalc/scripts/seo/.venv/lib/python3.9/site-packages/urllib3/util/connection.py", line 73, in create_connection
2026-08-03T03:01:44:     sock.connect(sa)
2026-08-03T03:01:44: socket.timeout: timed out
2026-08-03T03:01:44: 
2026-08-03T03:01:44: The above exception was the direct cause of the following exception:
2026-08-03T03:01:44: 
2026-08-03T03:01:44: Traceback (most recent call last):
2026-08-03T03:01:44:   File "/Users/aicommander/CascadeProjects/toolcalc/scripts/seo/.venv/lib/python3.9/site-packages/urllib3/connectionpool.py", line 787, in urlopen
2026-08-03T03:01:44:     response = self._make_request(
2026-08-03T03:01:44:   File "/Users/aicommander/CascadeProjects/toolcalc/scripts/seo/.venv/lib/python3.9/site-packages/urllib3/connectionpool.py", line 488, in _make_request
2026-08-03T03:01:44:     raise new_e
2026-08-03T03:01:44:   File "/Users/aicommander/CascadeProjects/toolcalc/scripts/seo/.venv/lib/python3.9/site-packages/urllib3/connectionpool.py", line 464, in _make_request
2026-08-03T03:01:44:     self._validate_conn(conn)
2026-08-03T03:01:44:   File "/Users/aicommander/CascadeProjects/toolcalc/scripts/seo/.venv/lib/python3.9/site-packages/urllib3/connectionpool.py", line 1093, in _validate_conn
2026-08-03T03:01:44:     conn.connect()
2026-08-03T03:01:44:   File "/Users/aicommander/CascadeProjects/toolcalc/scripts/seo/.venv/lib/python3.9/site-packages/urllib3/connection.py", line 759, in connect
2026-08-03T03:01:44:     self.sock = sock = self._new_conn()
2026-08-03T03:01:44:   File "/Users/aicommander/CascadeProjects/toolcalc/scripts/seo/.venv/lib/python3.9/site-packages/urllib3/connection.py", line 213, in _new_conn
2026-08-03T03:01:44:     raise ConnectTimeoutError(
2026-08-03T03:01:44: urllib3.exceptions.ConnectTimeoutError: (<HTTPSConnection(host='api.telegram.org', port=443) at 0x10acc05e0>, 'Connection to api.telegram.org timed out. (connect timeout=20)')
2026-08-03T03:01:44: 
2026-08-03T03:01:44: The above exception was the direct cause of the following exception:
2026-08-03T03:01:44: 
2026-08-03T03:01:44: Traceback (most recent call last):
2026-08-03T03:01:44:   File "/Users/aicommander/CascadeProjects/toolcalc/scripts/seo/.venv/lib/python3.9/site-packages/requests/adapters.py", line 644, in send
2026-08-03T03:01:44:     resp = conn.urlopen(
2026-08-03T03:01:44:   File "/Users/aicommander/CascadeProjects/toolcalc/scripts/seo/.venv/lib/python3.9/site-packages/urllib3/connectionpool.py", line 841, in urlopen
2026-08-03T03:01:44:     retries = retries.increment(
2026-08-03T03:01:44:   File "/Users/aicommander/CascadeProjects/toolcalc/scripts/seo/.venv/lib/python3.9/site-packages/urllib3/util/retry.py", line 535, in increment
2026-08-03T03:01:44:     raise MaxRetryError(_pool, url, reason) from reason  # type: ignore[arg-type]
2026-08-03T03:01:44: urllib3.exceptions.MaxRetryError: HTTPSConnectionPool(host='api.telegram.org', port=443): Max retries exceeded with url: /bot8903604110:***********************************/getUpdates?offset=550404780&timeout=20 (Caused by ConnectTimeoutError(<HTTPSConnection(host='api.telegram.org', port=443) at 0x10acc05e0>, 'Connection to api.telegram.org timed out. (connect timeout=20)'))
2026-08-03T03:01:44: 
2026-08-03T03:01:44: During handling of the above exception, another exception occurred:
2026-08-03T03:01:44: 
2026-08-03T03:01:44: Traceback (most recent call last):
2026-08-03T03:01:44:   File "/Users/aicommander/CascadeProjects/toolcalc/scripts/seo/.venv/lib/python3.9/site-packages/telebot/__init__.py", line 1110, in infinity_polling
2026-08-03T03:01:44:     self.polling(non_stop=True, timeout=timeout, long_polling_timeout=long_polling_timeout,
2026-08-03T03:01:44:   File "/Users/aicommander/CascadeProjects/toolcalc/scripts/seo/.venv/lib/python3.9/site-packages/telebot/__init__.py", line 1198, in polling
2026-08-03T03:01:44:     self.__threaded_polling(non_stop=non_stop, interval=interval, timeout=timeout, long_polling_timeout=long_polling_timeout,
2026-08-03T03:01:44:   File "/Users/aicommander/CascadeProjects/toolcalc/scripts/seo/.venv/lib/python3.9/site-packages/telebot/__init__.py", line 1273, in __threaded_polling
2026-08-03T03:01:44:     raise e
2026-08-03T03:01:44:   File "/Users/aicommander/CascadeProjects/toolcalc/scripts/seo/.venv/lib/python3.9/site-packages/telebot/__init__.py", line 1234, in __threaded_polling
2026-08-03T03:01:44:     polling_thread.raise_exceptions()
2026-08-03T03:01:44:   File "/Users/aicommander/CascadeProjects/toolcalc/scripts/seo/.venv/lib/python3.9/site-packages/telebot/util.py", line 115, in raise_exceptions
2026-08-03T03:01:44:     raise self.exception_info
2026-08-03T03:01:44:   File "/Users/aicommander/CascadeProjects/toolcalc/scripts/seo/.venv/lib/python3.9/site-packages/telebot/util.py", line 97, in run
2026-08-03T03:01:44:     task(*args, **kwargs)
2026-08-03T03:01:44:   File "/Users/aicommander/CascadeProjects/toolcalc/scripts/seo/.venv/lib/python3.9/site-packages/telebot/__init__.py", line 688, in __retrieve_updates
2026-08-03T03:01:44:     updates = self.get_updates(offset=(self.last_update_id + 1),
2026-08-03T03:01:44:   File "/Users/aicommander/CascadeProjects/toolcalc/scripts/seo/.venv/lib/python3.9/site-packages/telebot/__init__.py", line 660, in get_updates
2026-08-03T03:01:44:     json_updates = apihelper.get_updates(
2026-08-03T03:01:44:   File "/Users/aicommander/CascadeProjects/toolcalc/scripts/seo/.venv/lib/python3.9/site-packages/telebot/apihelper.py", line 339, in get_updates
2026-08-03T03:01:44:     return _make_request(token, method_url, params=payload)
2026-08-03T03:01:44:   File "/Users/aicommander/CascadeProjects/toolcalc/scripts/seo/.venv/lib/python3.9/site-packages/telebot/apihelper.py", line 162, in _make_request
2026-08-03T03:01:44:     result = _get_req_session().request(
2026-08-03T03:01:44:   File "/Users/aicommander/CascadeProjects/toolcalc/scripts/seo/.venv/lib/python3.9/site-packages/requests/sessions.py", line 589, in request
2026-08-03T03:01:44:     resp = self.send(prep, **send_kwargs)
2026-08-03T03:01:44:   File "/Users/aicommander/CascadeProjects/toolcalc/scripts/seo/.venv/lib/python3.9/site-packages/requests/sessions.py", line 703, in send
2026-08-03T03:01:44:     r = adapter.send(request, **kwargs)
2026-08-03T03:01:44:   File "/Users/aicommander/CascadeProjects/toolcalc/scripts/seo/.venv/lib/python3.9/site-packages/requests/adapters.py", line 665, in send
2026-08-03T03:01:44:     raise ConnectTimeout(e, request=request)
2026-08-03T03:01:44: requests.exceptions.ConnectTimeout: HTTPSConnectionPool(host='api.telegram.org', port=443): Max retries exceeded with url: /bot8903604110:***********************************/getUpdates?offset=550404780&timeout=20 (Caused by ConnectTimeoutError(<HTTPSConnection(host='api.telegram.org', port=443) at 0x10acc05e0>, 'Connection to api.telegram.org timed out. (connect timeout=20)'))
2026-08-03T03:01:44: "
2026-08-04T03:00:51: 2026-08-04 03:00:51,977 (__init__.py:1115 MainThread) ERROR - TeleBot: "Infinity polling exception: HTTPSConnectionPool(host='api.telegram.org', port=443): Read timed out. (read timeout=25)"
2026-08-04T03:00:51: 2026-08-04 03:00:51,981 (__init__.py:1117 MainThread) ERROR - TeleBot: "Exception traceback:
2026-08-04T03:00:51: Traceback (most recent call last):
2026-08-04T03:00:51:   File "/Users/aicommander/CascadeProjects/toolcalc/scripts/seo/.venv/lib/python3.9/site-packages/urllib3/connectionpool.py", line 534, in _make_request
2026-08-04T03:00:51:     response = conn.getresponse()
2026-08-04T03:00:51:   File "/Users/aicommander/CascadeProjects/toolcalc/scripts/seo/.venv/lib/python3.9/site-packages/urllib3/connection.py", line 571, in getresponse
2026-08-04T03:00:51:     httplib_response = super().getresponse()
2026-08-04T03:00:51:   File "/Library/Developer/CommandLineTools/Library/Frameworks/Python3.framework/Versions/3.9/lib/python3.9/http/client.py", line 1349, in getresponse
2026-08-04T03:00:51:     response.begin()
2026-08-04T03:00:51:   File "/Library/Developer/CommandLineTools/Library/Frameworks/Python3.framework/Versions/3.9/lib/python3.9/http/client.py", line 316, in begin
2026-08-04T03:00:51:     version, status, reason = self._read_status()
2026-08-04T03:00:51:   File "/Library/Developer/CommandLineTools/Library/Frameworks/Python3.framework/Versions/3.9/lib/python3.9/http/client.py", line 277, in _read_status
2026-08-04T03:00:51:     line = str(self.fp.readline(_MAXLINE + 1), "iso-8859-1")
2026-08-04T03:00:51:   File "/Library/Developer/CommandLineTools/Library/Frameworks/Python3.framework/Versions/3.9/lib/python3.9/socket.py", line 704, in readinto
2026-08-04T03:00:51:     return self._sock.recv_into(b)
2026-08-04T03:00:51:   File "/Library/Developer/CommandLineTools/Library/Frameworks/Python3.framework/Versions/3.9/lib/python3.9/ssl.py", line 1241, in recv_into
2026-08-04T03:00:51:     return self.read(nbytes, buffer)
2026-08-04T03:00:51:   File "/Library/Developer/CommandLineTools/Library/Frameworks/Python3.framework/Versions/3.9/lib/python3.9/ssl.py", line 1099, in read
2026-08-04T03:00:51:     return self._sslobj.read(len, buffer)
2026-08-04T03:00:51: socket.timeout: The read operation timed out
2026-08-04T03:00:51: 
2026-08-04T03:00:51: The above exception was the direct cause of the following exception:
2026-08-04T03:00:51: 
2026-08-04T03:00:51: Traceback (most recent call last):
2026-08-04T03:00:51:   File "/Users/aicommander/CascadeProjects/toolcalc/scripts/seo/.venv/lib/python3.9/site-packages/requests/adapters.py", line 644, in send
2026-08-04T03:00:51:     resp = conn.urlopen(
2026-08-04T03:00:51:   File "/Users/aicommander/CascadeProjects/toolcalc/scripts/seo/.venv/lib/python3.9/site-packages/urllib3/connectionpool.py", line 841, in urlopen
2026-08-04T03:00:51:     retries = retries.increment(
2026-08-04T03:00:51:   File "/Users/aicommander/CascadeProjects/toolcalc/scripts/seo/.venv/lib/python3.9/site-packages/urllib3/util/retry.py", line 490, in increment
2026-08-04T03:00:51:     raise reraise(type(error), error, _stacktrace)
2026-08-04T03:00:51:   File "/Users/aicommander/CascadeProjects/toolcalc/scripts/seo/.venv/lib/python3.9/site-packages/urllib3/util/util.py", line 39, in reraise
2026-08-04T03:00:51:     raise value
2026-08-04T03:00:51:   File "/Users/aicommander/CascadeProjects/toolcalc/scripts/seo/.venv/lib/python3.9/site-packages/urllib3/connectionpool.py", line 787, in urlopen
2026-08-04T03:00:51:     response = self._make_request(
2026-08-04T03:00:51:   File "/Users/aicommander/CascadeProjects/toolcalc/scripts/seo/.venv/lib/python3.9/site-packages/urllib3/connectionpool.py", line 536, in _make_request
2026-08-04T03:00:51:     self._raise_timeout(err=e, url=url, timeout_value=read_timeout)
2026-08-04T03:00:51:   File "/Users/aicommander/CascadeProjects/toolcalc/scripts/seo/.venv/lib/python3.9/site-packages/urllib3/connectionpool.py", line 367, in _raise_timeout
2026-08-04T03:00:51:     raise ReadTimeoutError(
2026-08-04T03:00:51: urllib3.exceptions.ReadTimeoutError: HTTPSConnectionPool(host='api.telegram.org', port=443): Read timed out. (read timeout=25)
2026-08-04T03:00:51: 
2026-08-04T03:00:51: During handling of the above exception, another exception occurred:
2026-08-04T03:00:51: 
2026-08-04T03:00:51: Traceback (most recent call last):
2026-08-04T03:00:51:   File "/Users/aicommander/CascadeProjects/toolcalc/scripts/seo/.venv/lib/python3.9/site-packages/telebot/__init__.py", line 1110, in infinity_polling
2026-08-04T03:00:51:     self.polling(non_stop=True, timeout=timeout, long_polling_timeout=long_polling_timeout,
2026-08-04T03:00:51:   File "/Users/aicommander/CascadeProjects/toolcalc/scripts/seo/.venv/lib/python3.9/site-packages/telebot/__init__.py", line 1198, in polling
2026-08-04T03:00:51:     self.__threaded_polling(non_stop=non_stop, interval=interval, timeout=timeout, long_polling_timeout=long_polling_timeout,
2026-08-04T03:00:51:   File "/Users/aicommander/CascadeProjects/toolcalc/scripts/seo/.venv/lib/python3.9/site-packages/telebot/__init__.py", line 1273, in __threaded_polling
2026-08-04T03:00:51:     raise e
2026-08-04T03:00:51:   File "/Users/aicommander/CascadeProjects/toolcalc/scripts/seo/.venv/lib/python3.9/site-packages/telebot/__init__.py", line 1234, in __threaded_polling
2026-08-04T03:00:51:     polling_thread.raise_exceptions()
2026-08-04T03:00:51:   File "/Users/aicommander/CascadeProjects/toolcalc/scripts/seo/.venv/lib/python3.9/site-packages/telebot/util.py", line 115, in raise_exceptions
2026-08-04T03:00:51:     raise self.exception_info
2026-08-04T03:00:51:   File "/Users/aicommander/CascadeProjects/toolcalc/scripts/seo/.venv/lib/python3.9/site-packages/telebot/util.py", line 97, in run
2026-08-04T03:00:51:     task(*args, **kwargs)
2026-08-04T03:00:51:   File "/Users/aicommander/CascadeProjects/toolcalc/scripts/seo/.venv/lib/python3.9/site-packages/telebot/__init__.py", line 688, in __retrieve_updates
2026-08-04T03:00:51:     updates = self.get_updates(offset=(self.last_update_id + 1),
2026-08-04T03:00:51:   File "/Users/aicommander/CascadeProjects/toolcalc/scripts/seo/.venv/lib/python3.9/site-packages/telebot/__init__.py", line 660, in get_updates
2026-08-04T03:00:51:     json_updates = apihelper.get_updates(
2026-08-04T03:00:51:   File "/Users/aicommander/CascadeProjects/toolcalc/scripts/seo/.venv/lib/python3.9/site-packages/telebot/apihelper.py", line 339, in get_updates
2026-08-04T03:00:51:     return _make_request(token, method_url, params=payload)
2026-08-04T03:00:51:   File "/Users/aicommander/CascadeProjects/toolcalc/scripts/seo/.venv/lib/python3.9/site-packages/telebot/apihelper.py", line 162, in _make_request
2026-08-04T03:00:51:     result = _get_req_session().request(
2026-08-04T03:00:51:   File "/Users/aicommander/CascadeProjects/toolcalc/scripts/seo/.venv/lib/python3.9/site-packages/requests/sessions.py", line 589, in request
2026-08-04T03:00:51:     resp = self.send(prep, **send_kwargs)
2026-08-04T03:00:51:   File "/Users/aicommander/CascadeProjects/toolcalc/scripts/seo/.venv/lib/python3.9/site-packages/requests/sessions.py", line 703, in send
2026-08-04T03:00:51:     r = adapter.send(request, **kwargs)
2026-08-04T03:00:51:   File "/Users/aicommander/CascadeProjects/toolcalc/scripts/seo/.venv/lib/python3.9/site-packages/requests/adapters.py", line 690, in send
2026-08-04T03:00:51:     raise ReadTimeout(e, request=request)
2026-08-04T03:00:51: requests.exceptions.ReadTimeout: HTTPSConnectionPool(host='api.telegram.org', port=443): Read timed out. (read timeout=25)
2026-08-04T03:00:51: "
2026-08-04T03:01:15: 2026-08-04 03:01:15,139 (__init__.py:1115 MainThread) ERROR - TeleBot: "Infinity polling exception: HTTPSConnectionPool(host='api.telegram.org', port=443): Max retries exceeded with url: /bot8903604110:***********************************/getUpdates?offset=550404780&timeout=20 (Caused by ConnectTimeoutError(<HTTPSConnection(host='api.telegram.org', port=443) at 0x10acaa5e0>, 'Connection to api.telegram.org timed out. (connect timeout=20)'))"
2026-08-04T03:01:15: 2026-08-04 03:01:15,140 (__init__.py:1117 MainThread) ERROR - TeleBot: "Exception traceback:
2026-08-04T03:01:15: Traceback (most recent call last):
2026-08-04T03:01:15:   File "/Users/aicommander/CascadeProjects/toolcalc/scripts/seo/.venv/lib/python3.9/site-packages/urllib3/connection.py", line 204, in _new_conn
2026-08-04T03:01:15:     sock = connection.create_connection(
2026-08-04T03:01:15:   File "/Users/aicommander/CascadeProjects/toolcalc/scripts/seo/.venv/lib/python3.9/site-packages/urllib3/util/connection.py", line 85, in create_connection
2026-08-04T03:01:15:     raise err
2026-08-04T03:01:15:   File "/Users/aicommander/CascadeProjects/toolcalc/scripts/seo/.venv/lib/python3.9/site-packages/urllib3/util/connection.py", line 73, in create_connection
2026-08-04T03:01:15:     sock.connect(sa)
2026-08-04T03:01:15: socket.timeout: timed out
2026-08-04T03:01:15: 
2026-08-04T03:01:15: The above exception was the direct cause of the following exception:
2026-08-04T03:01:15: 
2026-08-04T03:01:15: Traceback (most recent call last):
2026-08-04T03:01:15:   File "/Users/aicommander/CascadeProjects/toolcalc/scripts/seo/.venv/lib/python3.9/site-packages/urllib3/connectionpool.py", line 787, in urlopen
2026-08-04T03:01:15:     response = self._make_request(
2026-08-04T03:01:15:   File "/Users/aicommander/CascadeProjects/toolcalc/scripts/seo/.venv/lib/python3.9/site-packages/urllib3/connectionpool.py", line 488, in _make_request
2026-08-04T03:01:15:     raise new_e
2026-08-04T03:01:15:   File "/Users/aicommander/CascadeProjects/toolcalc/scripts/seo/.venv/lib/python3.9/site-packages/urllib3/connectionpool.py", line 464, in _make_request
2026-08-04T03:01:15:     self._validate_conn(conn)
2026-08-04T03:01:15:   File "/Users/aicommander/CascadeProjects/toolcalc/scripts/seo/.venv/lib/python3.9/site-packages/urllib3/connectionpool.py", line 1093, in _validate_conn
2026-08-04T03:01:15:     conn.connect()
2026-08-04T03:01:15:   File "/Users/aicommander/CascadeProjects/toolcalc/scripts/seo/.venv/lib/python3.9/site-packages/urllib3/connection.py", line 759, in connect
2026-08-04T03:01:15:     self.sock = sock = self._new_conn()
2026-08-04T03:01:15:   File "/Users/aicommander/CascadeProjects/toolcalc/scripts/seo/.venv/lib/python3.9/site-packages/urllib3/connection.py", line 213, in _new_conn
2026-08-04T03:01:15:     raise ConnectTimeoutError(
2026-08-04T03:01:15: urllib3.exceptions.ConnectTimeoutError: (<HTTPSConnection(host='api.telegram.org', port=443) at 0x10acaa5e0>, 'Connection to api.telegram.org timed out. (connect timeout=20)')
2026-08-04T03:01:15: 
2026-08-04T03:01:15: The above exception was the direct cause of the following exception:
2026-08-04T03:01:15: 
2026-08-04T03:01:15: Traceback (most recent call last):
2026-08-04T03:01:15:   File "/Users/aicommander/CascadeProjects/toolcalc/scripts/seo/.venv/lib/python3.9/site-packages/requests/adapters.py", line 644, in send
2026-08-04T03:01:15:     resp = conn.urlopen(
2026-08-04T03:01:15:   File "/Users/aicommander/CascadeProjects/toolcalc/scripts/seo/.venv/lib/python3.9/site-packages/urllib3/connectionpool.py", line 841, in urlopen
2026-08-04T03:01:15:     retries = retries.increment(
2026-08-04T03:01:15:   File "/Users/aicommander/CascadeProjects/toolcalc/scripts/seo/.venv/lib/python3.9/site-packages/urllib3/util/retry.py", line 535, in increment
2026-08-04T03:01:15:     raise MaxRetryError(_pool, url, reason) from reason  # type: ignore[arg-type]
2026-08-04T03:01:15: urllib3.exceptions.MaxRetryError: HTTPSConnectionPool(host='api.telegram.org', port=443): Max retries exceeded with url: /bot8903604110:***********************************/getUpdates?offset=550404780&timeout=20 (Caused by ConnectTimeoutError(<HTTPSConnection(host='api.telegram.org', port=443) at 0x10acaa5e0>, 'Connection to api.telegram.org timed out. (connect timeout=20)'))
2026-08-04T03:01:15: 
2026-08-04T03:01:15: During handling of the above exception, another exception occurred:
2026-08-04T03:01:15: 
2026-08-04T03:01:15: Traceback (most recent call last):
2026-08-04T03:01:15:   File "/Users/aicommander/CascadeProjects/toolcalc/scripts/seo/.venv/lib/python3.9/site-packages/telebot/__init__.py", line 1110, in infinity_polling
2026-08-04T03:01:15:     self.polling(non_stop=True, timeout=timeout, long_polling_timeout=long_polling_timeout,
2026-08-04T03:01:15:   File "/Users/aicommander/CascadeProjects/toolcalc/scripts/seo/.venv/lib/python3.9/site-packages/telebot/__init__.py", line 1198, in polling
2026-08-04T03:01:15:     self.__threaded_polling(non_stop=non_stop, interval=interval, timeout=timeout, long_polling_timeout=long_polling_timeout,
2026-08-04T03:01:15:   File "/Users/aicommander/CascadeProjects/toolcalc/scripts/seo/.venv/lib/python3.9/site-packages/telebot/__init__.py", line 1273, in __threaded_polling
2026-08-04T03:01:15:     raise e
2026-08-04T03:01:15:   File "/Users/aicommander/CascadeProjects/toolcalc/scripts/seo/.venv/lib/python3.9/site-packages/telebot/__init__.py", line 1234, in __threaded_polling
2026-08-04T03:01:15:     polling_thread.raise_exceptions()
2026-08-04T03:01:15:   File "/Users/aicommander/CascadeProjects/toolcalc/scripts/seo/.venv/lib/python3.9/site-packages/telebot/util.py", line 115, in raise_exceptions
2026-08-04T03:01:15:     raise self.exception_info
2026-08-04T03:01:15:   File "/Users/aicommander/CascadeProjects/toolcalc/scripts/seo/.venv/lib/python3.9/site-packages/telebot/util.py", line 97, in run
2026-08-04T03:01:15:     task(*args, **kwargs)
2026-08-04T03:01:15:   File "/Users/aicommander/CascadeProjects/toolcalc/scripts/seo/.venv/lib/python3.9/site-packages/telebot/__init__.py", line 688, in __retrieve_updates
2026-08-04T03:01:15:     updates = self.get_updates(offset=(self.last_update_id + 1),
2026-08-04T03:01:15:   File "/Users/aicommander/CascadeProjects/toolcalc/scripts/seo/.venv/lib/python3.9/site-packages/telebot/__init__.py", line 660, in get_updates
2026-08-04T03:01:15:     json_updates = apihelper.get_updates(
2026-08-04T03:01:15:   File "/Users/aicommander/CascadeProjects/toolcalc/scripts/seo/.venv/lib/python3.9/site-packages/telebot/apihelper.py", line 339, in get_updates
2026-08-04T03:01:15:     return _make_request(token, method_url, params=payload)
2026-08-04T03:01:15:   File "/Users/aicommander/CascadeProjects/toolcalc/scripts/seo/.venv/lib/python3.9/site-packages/telebot/apihelper.py", line 162, in _make_request
2026-08-04T03:01:15:     result = _get_req_session().request(
2026-08-04T03:01:15:   File "/Users/aicommander/CascadeProjects/toolcalc/scripts/seo/.venv/lib/python3.9/site-packages/requests/sessions.py", line 589, in request
2026-08-04T03:01:15:     resp = self.send(prep, **send_kwargs)
2026-08-04T03:01:15:   File "/Users/aicommander/CascadeProjects/toolcalc/scripts/seo/.venv/lib/python3.9/site-packages/requests/sessions.py", line 703, in send
2026-08-04T03:01:15:     r = adapter.send(request, **kwargs)
2026-08-04T03:01:15:   File "/Users/aicommander/CascadeProjects/toolcalc/scripts/seo/.venv/lib/python3.9/site-packages/requests/adapters.py", line 665, in send
2026-08-04T03:01:15:     raise ConnectTimeout(e, request=request)
2026-08-04T03:01:15: requests.exceptions.ConnectTimeout: HTTPSConnectionPool(host='api.telegram.org', port=443): Max retries exceeded with url: /bot8903604110:***********************************/getUpdates?offset=550404780&timeout=20 (Caused by ConnectTimeoutError(<HTTPSConnection(host='api.telegram.org', port=443) at 0x10acaa5e0>, 'Connection to api.telegram.org timed out. (connect timeout=20)'))
2026-08-04T03:01:15: "
2026-08-04T03:01:38: 2026-08-04 03:01:38,299 (__init__.py:1115 MainThread) ERROR - TeleBot: "Infinity polling exception: HTTPSConnectionPool(host='api.telegram.org', port=443): Max retries exceeded with url: /bot8903604110:***********************************/getUpdates?offset=550404780&timeout=20 (Caused by ConnectTimeoutError(<HTTPSConnection(host='api.telegram.org', port=443) at 0x10acc7160>, 'Connection to api.telegram.org timed out. (connect timeout=20)'))"
2026-08-04T03:01:38: 2026-08-04 03:01:38,300 (__init__.py:1117 MainThread) ERROR - TeleBot: "Exception traceback:
2026-08-04T03:01:38: Traceback (most recent call last):
2026-08-04T03:01:38:   File "/Users/aicommander/CascadeProjects/toolcalc/scripts/seo/.venv/lib/python3.9/site-packages/urllib3/connection.py", line 204, in _new_conn
2026-08-04T03:01:38:     sock = connection.create_connection(
2026-08-04T03:01:38:   File "/Users/aicommander/CascadeProjects/toolcalc/scripts/seo/.venv/lib/python3.9/site-packages/urllib3/util/connection.py", line 85, in create_connection
2026-08-04T03:01:38:     raise err
2026-08-04T03:01:38:   File "/Users/aicommander/CascadeProjects/toolcalc/scripts/seo/.venv/lib/python3.9/site-packages/urllib3/util/connection.py", line 73, in create_connection
2026-08-04T03:01:38:     sock.connect(sa)
2026-08-04T03:01:38: socket.timeout: timed out
2026-08-04T03:01:38: 
2026-08-04T03:01:38: The above exception was the direct cause of the following exception:
2026-08-04T03:01:38: 
2026-08-04T03:01:38: Traceback (most recent call last):
2026-08-04T03:01:38:   File "/Users/aicommander/CascadeProjects/toolcalc/scripts/seo/.venv/lib/python3.9/site-packages/urllib3/connectionpool.py", line 787, in urlopen
2026-08-04T03:01:38:     response = self._make_request(
2026-08-04T03:01:38:   File "/Users/aicommander/CascadeProjects/toolcalc/scripts/seo/.venv/lib/python3.9/site-packages/urllib3/connectionpool.py", line 488, in _make_request
2026-08-04T03:01:38:     raise new_e
2026-08-04T03:01:38:   File "/Users/aicommander/CascadeProjects/toolcalc/scripts/seo/.venv/lib/python3.9/site-packages/urllib3/connectionpool.py", line 464, in _make_request
2026-08-04T03:01:38:     self._validate_conn(conn)
2026-08-04T03:01:38:   File "/Users/aicommander/CascadeProjects/toolcalc/scripts/seo/.venv/lib/python3.9/site-packages/urllib3/connectionpool.py", line 1093, in _validate_conn
2026-08-04T03:01:38:     conn.connect()
2026-08-04T03:01:38:   File "/Users/aicommander/CascadeProjects/toolcalc/scripts/seo/.venv/lib/python3.9/site-packages/urllib3/connection.py", line 759, in connect
2026-08-04T03:01:38:     self.sock = sock = self._new_conn()
2026-08-04T03:01:38:   File "/Users/aicommander/CascadeProjects/toolcalc/scripts/seo/.venv/lib/python3.9/site-packages/urllib3/connection.py", line 213, in _new_conn
2026-08-04T03:01:38:     raise ConnectTimeoutError(
2026-08-04T03:01:38: urllib3.exceptions.ConnectTimeoutError: (<HTTPSConnection(host='api.telegram.org', port=443) at 0x10acc7160>, 'Connection to api.telegram.org timed out. (connect timeout=20)')
2026-08-04T03:01:38: 
2026-08-04T03:01:38: The above exception was the direct cause of the following exception:
2026-08-04T03:01:38: 
2026-08-04T03:01:38: Traceback (most recent call last):
2026-08-04T03:01:38:   File "/Users/aicommander/CascadeProjects/toolcalc/scripts/seo/.venv/lib/python3.9/site-packages/requests/adapters.py", line 644, in send
2026-08-04T03:01:38:     resp = conn.urlopen(
2026-08-04T03:01:38:   File "/Users/aicommander/CascadeProjects/toolcalc/scripts/seo/.venv/lib/python3.9/site-packages/urllib3/connectionpool.py", line 841, in urlopen
2026-08-04T03:01:38:     retries = retries.increment(
2026-08-04T03:01:38:   File "/Users/aicommander/CascadeProjects/toolcalc/scripts/seo/.venv/lib/python3.9/site-packages/urllib3/util/retry.py", line 535, in increment
2026-08-04T03:01:38:     raise MaxRetryError(_pool, url, reason) from reason  # type: ignore[arg-type]
2026-08-04T03:01:38: urllib3.exceptions.MaxRetryError: HTTPSConnectionPool(host='api.telegram.org', port=443): Max retries exceeded with url: /bot8903604110:***********************************/getUpdates?offset=550404780&timeout=20 (Caused by ConnectTimeoutError(<HTTPSConnection(host='api.telegram.org', port=443) at 0x10acc7160>, 'Connection to api.telegram.org timed out. (connect timeout=20)'))
2026-08-04T03:01:38: 
2026-08-04T03:01:38: During handling of the above exception, another exception occurred:
2026-08-04T03:01:38: 
2026-08-04T03:01:38: Traceback (most recent call last):
2026-08-04T03:01:38:   File "/Users/aicommander/CascadeProjects/toolcalc/scripts/seo/.venv/lib/python3.9/site-packages/telebot/__init__.py", line 1110, in infinity_polling
2026-08-04T03:01:38:     self.polling(non_stop=True, timeout=timeout, long_polling_timeout=long_polling_timeout,
2026-08-04T03:01:38:   File "/Users/aicommander/CascadeProjects/toolcalc/scripts/seo/.venv/lib/python3.9/site-packages/telebot/__init__.py", line 1198, in polling
2026-08-04T03:01:38:     self.__threaded_polling(non_stop=non_stop, interval=interval, timeout=timeout, long_polling_timeout=long_polling_timeout,
2026-08-04T03:01:38:   File "/Users/aicommander/CascadeProjects/toolcalc/scripts/seo/.venv/lib/python3.9/site-packages/telebot/__init__.py", line 1273, in __threaded_polling
2026-08-04T03:01:38:     raise e
2026-08-04T03:01:38:   File "/Users/aicommander/CascadeProjects/toolcalc/scripts/seo/.venv/lib/python3.9/site-packages/telebot/__init__.py", line 1234, in __threaded_polling
2026-08-04T03:01:38:     polling_thread.raise_exceptions()
2026-08-04T03:01:38:   File "/Users/aicommander/CascadeProjects/toolcalc/scripts/seo/.venv/lib/python3.9/site-packages/telebot/util.py", line 115, in raise_exceptions
2026-08-04T03:01:38:     raise self.exception_info
2026-08-04T03:01:38:   File "/Users/aicommander/CascadeProjects/toolcalc/scripts/seo/.venv/lib/python3.9/site-packages/telebot/util.py", line 97, in run
2026-08-04T03:01:38:     task(*args, **kwargs)
2026-08-04T03:01:38:   File "/Users/aicommander/CascadeProjects/toolcalc/scripts/seo/.venv/lib/python3.9/site-packages/telebot/__init__.py", line 688, in __retrieve_updates
2026-08-04T03:01:38:     updates = self.get_updates(offset=(self.last_update_id + 1),
2026-08-04T03:01:38:   File "/Users/aicommander/CascadeProjects/toolcalc/scripts/seo/.venv/lib/python3.9/site-packages/telebot/__init__.py", line 660, in get_updates
2026-08-04T03:01:38:     json_updates = apihelper.get_updates(
2026-08-04T03:01:38:   File "/Users/aicommander/CascadeProjects/toolcalc/scripts/seo/.venv/lib/python3.9/site-packages/telebot/apihelper.py", line 339, in get_updates
2026-08-04T03:01:38:     return _make_request(token, method_url, params=payload)
2026-08-04T03:01:38:   File "/Users/aicommander/CascadeProjects/toolcalc/scripts/seo/.venv/lib/python3.9/site-packages/telebot/apihelper.py", line 162, in _make_request
2026-08-04T03:01:38:     result = _get_req_session().request(
2026-08-04T03:01:38:   File "/Users/aicommander/CascadeProjects/toolcalc/scripts/seo/.venv/lib/python3.9/site-packages/requests/sessions.py", line 589, in request
2026-08-04T03:01:38:     resp = self.send(prep, **send_kwargs)
2026-08-04T03:01:38:   File "/Users/aicommander/CascadeProjects/toolcalc/scripts/seo/.venv/lib/python3.9/site-packages/requests/sessions.py", line 703, in send
2026-08-04T03:01:38:     r = adapter.send(request, **kwargs)
2026-08-04T03:01:38:   File "/Users/aicommander/CascadeProjects/toolcalc/scripts/seo/.venv/lib/python3.9/site-packages/requests/adapters.py", line 665, in send
2026-08-04T03:01:38:     raise ConnectTimeout(e, request=request)
2026-08-04T03:01:38: requests.exceptions.ConnectTimeout: HTTPSConnectionPool(host='api.telegram.org', port=443): Max retries exceeded with url: /bot8903604110:***********************************/getUpdates?offset=550404780&timeout=20 (Caused by ConnectTimeoutError(<HTTPSConnection(host='api.telegram.org', port=443) at 0x10acc7160>, 'Connection to api.telegram.org timed out. (connect timeout=20)'))
2026-08-04T03:01:38: "
2026-08-04T03:02:01: 2026-08-04 03:02:01,389 (__init__.py:1115 MainThread) ERROR - TeleBot: "Infinity polling exception: HTTPSConnectionPool(host='api.telegram.org', port=443): Max retries exceeded with url: /bot8903604110:***********************************/getUpdates?offset=550404780&timeout=20 (Caused by ConnectTimeoutError(<HTTPSConnection(host='api.telegram.org', port=443) at 0x10ac81e50>, 'Connection to api.telegram.org timed out. (connect timeout=20)'))"
2026-08-04T03:02:01: 2026-08-04 03:02:01,391 (__init__.py:1117 MainThread) ERROR - TeleBot: "Exception traceback:
2026-08-04T03:02:01: Traceback (most recent call last):
2026-08-04T03:02:01:   File "/Users/aicommander/CascadeProjects/toolcalc/scripts/seo/.venv/lib/python3.9/site-packages/urllib3/connection.py", line 204, in _new_conn
2026-08-04T03:02:01:     sock = connection.create_connection(
2026-08-04T03:02:01:   File "/Users/aicommander/CascadeProjects/toolcalc/scripts/seo/.venv/lib/python3.9/site-packages/urllib3/util/connection.py", line 85, in create_connection
2026-08-04T03:02:01:     raise err
2026-08-04T03:02:01:   File "/Users/aicommander/CascadeProjects/toolcalc/scripts/seo/.venv/lib/python3.9/site-packages/urllib3/util/connection.py", line 73, in create_connection
2026-08-04T03:02:01:     sock.connect(sa)
2026-08-04T03:02:01: socket.timeout: timed out
2026-08-04T03:02:01: 
2026-08-04T03:02:01: The above exception was the direct cause of the following exception:
2026-08-04T03:02:01: 
2026-08-04T03:02:01: Traceback (most recent call last):
2026-08-04T03:02:01:   File "/Users/aicommander/CascadeProjects/toolcalc/scripts/seo/.venv/lib/python3.9/site-packages/urllib3/connectionpool.py", line 787, in urlopen
2026-08-04T03:02:01:     response = self._make_request(
2026-08-04T03:02:01:   File "/Users/aicommander/CascadeProjects/toolcalc/scripts/seo/.venv/lib/python3.9/site-packages/urllib3/connectionpool.py", line 488, in _make_request
2026-08-04T03:02:01:     raise new_e
2026-08-04T03:02:01:   File "/Users/aicommander/CascadeProjects/toolcalc/scripts/seo/.venv/lib/python3.9/site-packages/urllib3/connectionpool.py", line 464, in _make_request
2026-08-04T03:02:01:     self._validate_conn(conn)
2026-08-04T03:02:01:   File "/Users/aicommander/CascadeProjects/toolcalc/scripts/seo/.venv/lib/python3.9/site-packages/urllib3/connectionpool.py", line 1093, in _validate_conn
2026-08-04T03:02:01:     conn.connect()
2026-08-04T03:02:01:   File "/Users/aicommander/CascadeProjects/toolcalc/scripts/seo/.venv/lib/python3.9/site-packages/urllib3/connection.py", line 759, in connect
2026-08-04T03:02:01:     self.sock = sock = self._new_conn()
2026-08-04T03:02:01:   File "/Users/aicommander/CascadeProjects/toolcalc/scripts/seo/.venv/lib/python3.9/site-packages/urllib3/connection.py", line 213, in _new_conn
2026-08-04T03:02:01:     raise ConnectTimeoutError(
2026-08-04T03:02:01: urllib3.exceptions.ConnectTimeoutError: (<HTTPSConnection(host='api.telegram.org', port=443) at 0x10ac81e50>, 'Connection to api.telegram.org timed out. (connect timeout=20)')
2026-08-04T03:02:01: 
2026-08-04T03:02:01: The above exception was the direct cause of the following exception:
2026-08-04T03:02:01: 
2026-08-04T03:02:01: Traceback (most recent call last):
2026-08-04T03:02:01:   File "/Users/aicommander/CascadeProjects/toolcalc/scripts/seo/.venv/lib/python3.9/site-packages/requests/adapters.py", line 644, in send
2026-08-04T03:02:01:     resp = conn.urlopen(
2026-08-04T03:02:01:   File "/Users/aicommander/CascadeProjects/toolcalc/scripts/seo/.venv/lib/python3.9/site-packages/urllib3/connectionpool.py", line 841, in urlopen
2026-08-04T03:02:01:     retries = retries.increment(
2026-08-04T03:02:01:   File "/Users/aicommander/CascadeProjects/toolcalc/scripts/seo/.venv/lib/python3.9/site-packages/urllib3/util/retry.py", line 535, in increment
2026-08-04T03:02:01:     raise MaxRetryError(_pool, url, reason) from reason  # type: ignore[arg-type]
2026-08-04T03:02:01: urllib3.exceptions.MaxRetryError: HTTPSConnectionPool(host='api.telegram.org', port=443): Max retries exceeded with url: /bot8903604110:***********************************/getUpdates?offset=550404780&timeout=20 (Caused by ConnectTimeoutError(<HTTPSConnection(host='api.telegram.org', port=443) at 0x10ac81e50>, 'Connection to api.telegram.org timed out. (connect timeout=20)'))
2026-08-04T03:02:01: 
2026-08-04T03:02:01: During handling of the above exception, another exception occurred:
2026-08-04T03:02:01: 
2026-08-04T03:02:01: Traceback (most recent call last):
2026-08-04T03:02:01:   File "/Users/aicommander/CascadeProjects/toolcalc/scripts/seo/.venv/lib/python3.9/site-packages/telebot/__init__.py", line 1110, in infinity_polling
2026-08-04T03:02:01:     self.polling(non_stop=True, timeout=timeout, long_polling_timeout=long_polling_timeout,
2026-08-04T03:02:01:   File "/Users/aicommander/CascadeProjects/toolcalc/scripts/seo/.venv/lib/python3.9/site-packages/telebot/__init__.py", line 1198, in polling
2026-08-04T03:02:01:     self.__threaded_polling(non_stop=non_stop, interval=interval, timeout=timeout, long_polling_timeout=long_polling_timeout,
2026-08-04T03:02:01:   File "/Users/aicommander/CascadeProjects/toolcalc/scripts/seo/.venv/lib/python3.9/site-packages/telebot/__init__.py", line 1273, in __threaded_polling
2026-08-04T03:02:01:     raise e
2026-08-04T03:02:01:   File "/Users/aicommander/CascadeProjects/toolcalc/scripts/seo/.venv/lib/python3.9/site-packages/telebot/__init__.py", line 1234, in __threaded_polling
2026-08-04T03:02:01:     polling_thread.raise_exceptions()
2026-08-04T03:02:01:   File "/Users/aicommander/CascadeProjects/toolcalc/scripts/seo/.venv/lib/python3.9/site-packages/telebot/util.py", line 115, in raise_exceptions
2026-08-04T03:02:01:     raise self.exception_info
2026-08-04T03:02:01:   File "/Users/aicommander/CascadeProjects/toolcalc/scripts/seo/.venv/lib/python3.9/site-packages/telebot/util.py", line 97, in run
2026-08-04T03:02:01:     task(*args, **kwargs)
2026-08-04T03:02:01:   File "/Users/aicommander/CascadeProjects/toolcalc/scripts/seo/.venv/lib/python3.9/site-packages/telebot/__init__.py", line 688, in __retrieve_updates
2026-08-04T03:02:01:     updates = self.get_updates(offset=(self.last_update_id + 1),
2026-08-04T03:02:01:   File "/Users/aicommander/CascadeProjects/toolcalc/scripts/seo/.venv/lib/python3.9/site-packages/telebot/__init__.py", line 660, in get_updates
2026-08-04T03:02:01:     json_updates = apihelper.get_updates(
2026-08-04T03:02:01:   File "/Users/aicommander/CascadeProjects/toolcalc/scripts/seo/.venv/lib/python3.9/site-packages/telebot/apihelper.py", line 339, in get_updates
2026-08-04T03:02:01:     return _make_request(token, method_url, params=payload)
2026-08-04T03:02:01:   File "/Users/aicommander/CascadeProjects/toolcalc/scripts/seo/.venv/lib/python3.9/site-packages/telebot/apihelper.py", line 162, in _make_request
2026-08-04T03:02:01:     result = _get_req_session().request(
2026-08-04T03:02:01:   File "/Users/aicommander/CascadeProjects/toolcalc/scripts/seo/.venv/lib/python3.9/site-packages/requests/sessions.py", line 589, in request
2026-08-04T03:02:01:     resp = self.send(prep, **send_kwargs)
2026-08-04T03:02:01:   File "/Users/aicommander/CascadeProjects/toolcalc/scripts/seo/.venv/lib/python3.9/site-packages/requests/sessions.py", line 703, in send
2026-08-04T03:02:01:     r = adapter.send(request, **kwargs)
2026-08-04T03:02:01:   File "/Users/aicommander/CascadeProjects/toolcalc/scripts/seo/.venv/lib/python3.9/site-packages/requests/adapters.py", line 665, in send
2026-08-04T03:02:01:     raise ConnectTimeout(e, request=request)
2026-08-04T03:02:01: requests.exceptions.ConnectTimeout: HTTPSConnectionPool(host='api.telegram.org', port=443): Max retries exceeded with url: /bot8903604110:***********************************/getUpdates?offset=550404780&timeout=20 (Caused by ConnectTimeoutError(<HTTPSConnection(host='api.telegram.org', port=443) at 0x10ac81e50>, 'Connection to api.telegram.org timed out. (connect timeout=20)'))
2026-08-04T03:02:01: "
2026-08-10T00:00:34: /Users/aicommander/CascadeProjects/toolcalc/scripts/seo/.venv/lib/python3.9/site-packages/urllib3/__init__.py:35: NotOpenSSLWarning: urllib3 v2 only supports OpenSSL 1.1.1+, currently the 'ssl' module is compiled with 'LibreSSL 2.8.3'. See: https://github.com/urllib3/urllib3/issues/3020
2026-08-10T00:00:34:   warnings.warn(
2026-08-10T00:04:14: /Users/aicommander/CascadeProjects/toolcalc/scripts/seo/.venv/lib/python3.9/site-packages/urllib3/__init__.py:35: NotOpenSSLWarning: urllib3 v2 only supports OpenSSL 1.1.1+, currently the 'ssl' module is compiled with 'LibreSSL 2.8.3'. See: https://github.com/urllib3/urllib3/issues/3020
2026-08-10T00:04:14:   warnings.warn(
